comp1;comp2;Substance;Matched Substance;Color;Supplyrisk;Geography;ecoinvent_UUID;cas_number;Unit
Raw;in ground;;;;0.005865223595077108;AU;;;kg Cu eq/kg
Raw;in ground;Antimony;Antimony;#e377c2;0.01500850999553307;AU;47262180-8308-5d4c-9332-c77617e032ef;7440-36-0;kg Cu eq/kg
Raw;in ground;Arsenic;Arsenic;#f7b6d2;1.039084234595555;AU;e16fd15c-0ebc-55ba-8d3b-9704f13663cb;7440-38-2;kg Cu eq/kg
Raw;in ground;;;;0.1336625366703495;AU;;;kg Cu eq/kg
Raw;in ground;Barium;Baryte;#7f7f7f;0.06302816979323288;AU;240177d8-6f3b-43f5-8d1e-0c18114dfa02;7440-39-3;kg Cu eq/kg
Raw;in ground;Aluminium;Bauxite;#bcbd22;6.750673916849842e-06;AU;a45cd247-3532-4e27-bddc-b519fdb5e08f;7429-90-5;kg Cu eq/kg
Raw;in ground;Clay, bentonite;Bentonite;#aec7e8;0.03185940809172194;AU;93806a54-46f5-409c-99c5-4144a1e73b5d;1302-78-9;kg Cu eq/kg
Raw;in ground;Beryllium;Beryllium;#ffbb78;18.46318107085427;AU;68f7bc03-0665-55a1-bd99-96530eab30e2;7440-41-7;kg Cu eq/kg
Raw;in ground;Bismuth;Bismuth;#cccccc;10.17756461975439;AU;0124b342-4bdd-5cbf-ba2a-dce8a259755c;7440-69-9;kg Cu eq/kg
Raw;in ground;Borax;Boron;#c7c7c7;0.2229486365521346;AU;eead2933-c2be-4a53-a0bd-bd33b67e4145;1303-96-4;kg Cu eq/kg
Raw;in ground;Boron;Boron;#bcbd22;0.2229486365521346;AU;b053aa52-bfac-5435-a0b1-4ca374b0e991;7440-42-8;kg Cu eq/kg
Raw;in ground;Cadmium;Cadmium;#dbdb8d;0.008058678170946087;AU;bf377e4f-3a95-4ce2-a9ba-66ee31f00f60;7440-43-9;kg Cu eq/kg
Raw;in ground;Chromium;Chromite;#f7b6d2;0.2270855685022906;AU;e189e2d4-3d3f-4ada-b302-91611784311f;7440-47-3;kg Cu eq/kg
Raw;in ground;Cobalt;Cobalt;#ff9896;1.153274227961336;AU;d0779a5e-6969-4144-954e-ceb81fb83f15;7440-48-4;kg Cu eq/kg
Raw;in ground;;;;2.221982239129881e-05;AU;;;kg Cu eq/kg
Raw;in ground;Copper;Copper;#9467bd;2.891153415397432e-05;AU;a9ac40a0-9bea-4c48-afa7-66aa6eb90624;7440-50-8;kg Cu eq/kg
Raw;in ground;Diatomite;Diatomite;#2ca02c;0.0241847710224145;AU;9877ce00-65f8-4c0c-9fcf-92aa53a2c9c0;61790-53-2;kg Cu eq/kg
Raw;in ground;Feldspar;Feldspar;#e377c2;0.04144087024769985;AU;26296ec9-ff93-41e6-bbbf-6175af04284d;68476-25-5;kg Cu eq/kg
Raw;in ground;Fluorspar;Fluorspar;#c7c7c7;0.5951981436100151;AU;0fa4f51e-b0dc-5d11-84d3-b32f0f3c88d5;14542-23-5;kg Cu eq/kg
Raw;in ground;Germanium;Germanium;#dbdb8d;0.0;AU;d3e547dc-1a29-5ece-8dbb-bd9c0ad3cc46;7440-56-4;kg Cu eq/kg
Raw;in ground;Gold;Gold;#dbdb8d;619.0878276984363;AU;d080e6a4-42c6-484e-b5d7-d74693aec7d9;7440-57-5;kg Cu eq/kg
Raw;in ground;Graphite;Graphite;#17becf;1.527503627035971;AU;5666353e-2db2-41d3-8414-404709151422;7782-42-5;kg Cu eq/kg
Raw;in ground;Anhydrite;Gypsum;#1f77b4;6.084582496168405e-05;AU;6df9ea09-115a-4678-9f30-d92c877a46ec;7778-18-9;kg Cu eq/kg
Raw;in ground;Gypsum;Gypsum;#1f77b4;6.084582496168405e-05;AU;11a2a7b1-ab2f-47b8-9e29-6f33d5207fa6;13397-24-5;kg Cu eq/kg
Raw;in ground;Iron;Iron;#ffbb78;7.288431054036045e-05;AU;8ce3ff02-7a1e-48e3-881e-3248b944f28a;7439-89-6;kg Cu eq/kg
Raw;in ground;Kaolinite;Kaolin;#2ca02c;0.00606936299353246;AU;81ff5c0b-c44f-534e-a55e-8fc017e33dd2;;kg Cu eq/kg
Raw;in ground;Lead;Lead;#2ca02c;0.1443907629019723;AU;fbcb9c7a-eea7-4694-ba6c-568e01d28883;7439-92-1;kg Cu eq/kg
Raw;in ground;Coal, brown;Lignite;#4D4D4D;6.425012773312823e-07;AU;024c9722-1e88-412b-8c4b-10c532be8dca;;kg Cu eq/kg
Raw;in ground;Lithium;Lithium;#A9CBA7;0.0328387284595472;AU;7d2c1cdd-a64a-5936-a577-5b82db0c0d1b;7439-93-2;kg Cu eq/kg
Raw;in ground;Magnesite;Magnesite;#c5b0d5;0.0001228506936507683;AU;a4bab069-74a9-5b4c-8d6e-5ca984cd9ecd;546-93-0;kg Cu eq/kg
Raw;in ground;Magnesium;Magnesite;#9467bd;0.0001228506936507683;AU;9e5823ad-9d9b-4b98-b627-e39611b6a8bd;546-93-0;kg Cu eq/kg
Raw;in ground;Manganese;Manganese;#7f7f7f;0.003145288412846167;AU;c2586875-bb56-4b1e-84c5-5ff255a1108b;7439-96-5;kg Cu eq/kg
Raw;in ground;Mercury;Mercury;#8c564b;8.06420647824723;AU;54b9cbd0-65df-4fd3-8a19-dd3b8eccc619;7439-97-6;kg Cu eq/kg
Raw;in ground;Molybdenum;Molybdenum;#c49c94;0.0;AU;e5a3dff5-72dc-5287-893c-597dd4a19566;7439-98-7;kg Cu eq/kg
Raw;in ground;Gas, natural;Natural gas;#FFE680;0.001646992517482349;AU;7c337428-fb1b-45c7-bbb2-2ee4d29e17ba;8006-14-2;kg Cu eq/kg
Raw;in ground;Nickel;Nickel;#c49c94;0.00845424471481931;AU;974213ef-1ba0-40e5-bc7b-52ef099e9e09;7440-02-0;kg Cu eq/kg
Raw;in ground;Niobium;Niobium;#bcbd22;31.68103968350592;AU;8de8befc-efa2-5d07-a58b-b29ea97a3f41;7440-03-1;kg Cu eq/kg
Raw;in ground;Palladium;Palladium;#f7b6d2;10411.79613392995;AU;edc69c63-a776-4dbf-acbf-e0368914980a;7440-05-3;kg Cu eq/kg
Raw;in ground;Oil, crude;Crude oil;#FFB570;0.02449802431329072;AU;88d06db9-59a1-4719-9174-afeb1fa4026a;;kg Cu eq/kg
Raw;in ground;Phosphorus;Phosphate;#c7c7c7;0.03243245528655043;AU;483ae3c5-4eb0-46e4-b811-a72ad391716b;;kg Cu eq/kg
Raw;in ground;Platinum;Platinum;#bcbd22;11284.55484192246;AU;d13b2665-505d-49e2-8edd-dc966b0342af;7440-06-4;kg Cu eq/kg
Raw;in ground;Cerium;Rare earth;#1f77b4;0.05742231260054973;AU;4057f8b4-f20a-59c9-9bb7-fdeaf5ad106d;;kg Cu eq/kg
Raw;in ground;Dysprosium;Rare earth;#98df8a;0.05742231260054973;AU;9e28eac3-49f9-5a0d-a8d0-dc4e071ad9e6;7429-91-6;kg Cu eq/kg
Raw;in ground;Erbium;Rare earth;#cccccc;0.05742231260054973;AU;110a04f0-af53-5499-b22e-79b1b91e5a66;7440-52-0;kg Cu eq/kg
Raw;in ground;Europium;Rare earth;#d62728;0.05742231260054973;AU;3d73ec21-de4d-5b68-b504-4ef59e15bd0e;7440-53-1;kg Cu eq/kg
Raw;in ground;Gadolinium;Rare earth;#9467bd;0.05742231260054973;AU;f55e2203-ef91-50bf-8f5a-119bb210522c;7440-54-2;kg Cu eq/kg
Raw;in ground;Holmium;Rare earth;#cccccc;0.05742231260054973;AU;f2f53dc8-8e09-511f-8dd2-4bae3625ba27;7440-60-0;kg Cu eq/kg
Raw;in ground;Lanthanum;Rare earth;#7f7f7f;0.05742231260054973;AU;176598c1-699c-5dd8-8c33-d269ff7f5edd;;kg Cu eq/kg
Raw;in ground;Lutetium;Rare earth;#cccccc;0.05742231260054973;AU;d9a2f8e5-f04a-5ffa-8c75-8133ac7f525c;7439-94-3;kg Cu eq/kg
Raw;in ground;Neodymium;Rare earth;#c7c7c7;0.05742231260054973;AU;db0c855c-e9ef-58d9-97cc-960e646fc882;;kg Cu eq/kg
Raw;in ground;Praseodymium;Rare earth;#17becf;0.05742231260054973;AU;35da65ff-7287-571d-b859-13d398ac5182;7440-10-0;kg Cu eq/kg
Raw;in ground;Samarium;Rare earth;#aec7e8;0.05742231260054973;AU;cf791833-26bc-5207-a9bd-6ddcd8ac7625;7440-19-9;kg Cu eq/kg
Raw;in ground;Scandium;Rare earth;#ffbb78;0.05742231260054973;AU;7f9f9b59-35a0-584d-ad5e-07da01dde768;;kg Cu eq/kg
Raw;in ground;Terbium;Rare earth;#e377c2;0.05742231260054973;AU;6ec6a8a8-4c94-5bc5-93c5-62928fcf3935;7440-27-9;kg Cu eq/kg
Raw;in ground;Thulium;Rare earth;#cccccc;0.05742231260054973;AU;a34e010c-6f68-5c79-8b45-2955b91f7dc2;7440-30-4;kg Cu eq/kg
Raw;in ground;Ytterbium;Rare earth;#cccccc;0.05742231260054973;AU;ea659cca-fe3d-5b03-90d2-60719a862874;7440-64-4;kg Cu eq/kg
Raw;in ground;Yttrium;Rare earth;#c7c7c7;0.05742231260054973;AU;89b567f2-2cab-503e-b796-42cba72fce16;7440-65-5;kg Cu eq/kg
Raw;in ground;Rhodium;Rhodium;#9edae5;36009.3664510802;AU;4803f22f-6950-489b-914d-fa953a8081f6;7440-16-6;kg Cu eq/kg
Raw;in ground;Selenium;Selenium;#2ca02c;1.332915792574167;AU;5f47f918-1c32-5870-b992-db91f843ff34;7782-49-2;kg Cu eq/kg
Raw;in ground;Silver;Silver;#1f77b4;2.883322827141347;AU;361a64cb-ab76-4a72-9ea1-c07d6a20c124;7440-22-4;kg Cu eq/kg
Raw;in ground;Coal, hard;Steam Coal;#4D4D4D;0.0001420657359697852;AU;b6d0042d-0ef8-49ed-9162-a07ff1ccf750;;kg Cu eq/kg
Raw;in ground;Sulfur;Sulfur;#2ca02c;0.008782517355179792;AU;852281f6-db73-4250-84d3-86b569fce0c1;7704-34-9;kg Cu eq/kg
Raw;in ground;Tantalum;Tantalum;#98df8a;18.64975983637018;AU;775fdf03-b0bb-5c25-b14d-107231d5b2f0;7440-25-7;kg Cu eq/kg
Raw;in ground;Tellurium;Tellurium;#c49c94;2.996973230683271;AU;7b6da1f2-e191-5a77-ae06-af96201f5803;13494-80-9;kg Cu eq/kg
Raw;in ground;Tin;Tin;#d62728;0.0;AU;53d5ef26-66d8-4536-afa2-2f6b114189ba;7440-31-5;kg Cu eq/kg
Raw;in ground;Titanium;Titanium;#ff7f0e;0.0006197071400033281;AU;2f033407-6060-4e1e-868c-9f362d10fdb2;7440-32-6;kg Cu eq/kg
Raw;in ground;Tungsten;Tungsten;#ff9896;4.720356983103762;AU;ebcc1f0c-6b19-501d-86a4-629df2a457b5;7440-33-7;kg Cu eq/kg
Raw;in ground;Uranium;Uranium;#9467bd;0.0;AU;2ba5e39b-adb6-4767-a51d-90c1cf32fe98;7440-61-1;kg Cu eq/kg
Raw;in ground;Vanadium;Vanadium;#7f7f7f;6.958137672035088;AU;c9c4b80a-73dd-415a-92fb-f877595651c1;7440-62-2;kg Cu eq/kg
Raw;in ground;Zinc;Zinc;#8c564b;0.04382688710169062;AU;be73218b-18af-492e-96e6-addd309d1e32;7440-66-6;kg Cu eq/kg
Raw;in ground;Zirconia, as baddeleyite;Zirconium;#cccccc;0.004560176007648594;AU;e07b4402-abe3-4346-8c42-051c5983bd1e;12036-23-6;kg Cu eq/kg
Raw;in ground;Zirconium;Zirconium;#c49c94;0.004560176007648594;AU;cd2932c5-a486-4bf1-99b8-815d8a7ce11a;7440-67-7;kg Cu eq/kg
Raw;in ground;;;;0.9728489973998085;AT;;;kg Cu eq/kg
Raw;in ground;Antimony;Antimony;#e377c2;3.811037790192134;AT;47262180-8308-5d4c-9332-c77617e032ef;7440-36-0;kg Cu eq/kg
Raw;in ground;Arsenic;Arsenic;#f7b6d2;1.127602596262815;AT;e16fd15c-0ebc-55ba-8d3b-9704f13663cb;7440-38-2;kg Cu eq/kg
Raw;in ground;;;;0.1224790532519602;AT;;;kg Cu eq/kg
Raw;in ground;Barium;Baryte;#7f7f7f;0.07887916424869429;AT;240177d8-6f3b-43f5-8d1e-0c18114dfa02;7440-39-3;kg Cu eq/kg
Raw;in ground;Aluminium;Bauxite;#bcbd22;0.1601587015902045;AT;a45cd247-3532-4e27-bddc-b519fdb5e08f;7429-90-5;kg Cu eq/kg
Raw;in ground;Clay, bentonite;Bentonite;#aec7e8;0.03278802864044497;AT;93806a54-46f5-409c-99c5-4144a1e73b5d;1302-78-9;kg Cu eq/kg
Raw;in ground;Beryllium;Beryllium;#ffbb78;0.6301232245275944;AT;68f7bc03-0665-55a1-bd99-96530eab30e2;7440-41-7;kg Cu eq/kg
Raw;in ground;Bismuth;Bismuth;#cccccc;7.758532155236307;AT;0124b342-4bdd-5cbf-ba2a-dce8a259755c;7440-69-9;kg Cu eq/kg
Raw;in ground;Borax;Boron;#c7c7c7;0.2275344103021325;AT;eead2933-c2be-4a53-a0bd-bd33b67e4145;1303-96-4;kg Cu eq/kg
Raw;in ground;Boron;Boron;#bcbd22;0.2275344103021325;AT;b053aa52-bfac-5435-a0b1-4ca374b0e991;7440-42-8;kg Cu eq/kg
Raw;in ground;Cadmium;Cadmium;#dbdb8d;1.682067497290771;AT;bf377e4f-3a95-4ce2-a9ba-66ee31f00f60;7440-43-9;kg Cu eq/kg
Raw;in ground;Chromium;Chromite;#f7b6d2;0.2189133876870411;AT;e189e2d4-3d3f-4ada-b302-91611784311f;7440-47-3;kg Cu eq/kg
Raw;in ground;Cobalt;Cobalt;#ff9896;31.74200075058986;AT;d0779a5e-6969-4144-954e-ceb81fb83f15;7440-48-4;kg Cu eq/kg
Raw;in ground;;;;0.1263750141764085;AT;;;kg Cu eq/kg
Raw;in ground;Copper;Copper;#9467bd;0.5974629152995752;AT;a9ac40a0-9bea-4c48-afa7-66aa6eb90624;7440-50-8;kg Cu eq/kg
Raw;in ground;Diatomite;Diatomite;#2ca02c;0.1041635740529945;AT;9877ce00-65f8-4c0c-9fcf-92aa53a2c9c0;61790-53-2;kg Cu eq/kg
Raw;in ground;Feldspar;Feldspar;#e377c2;0.002562056312477654;AT;26296ec9-ff93-41e6-bbbf-6175af04284d;68476-25-5;kg Cu eq/kg
Raw;in ground;Fluorspar;Fluorspar;#c7c7c7;0.3727766637468684;AT;0fa4f51e-b0dc-5d11-84d3-b32f0f3c88d5;14542-23-5;kg Cu eq/kg
Raw;in ground;Germanium;Germanium;#dbdb8d;0.0;AT;d3e547dc-1a29-5ece-8dbb-bd9c0ad3cc46;7440-56-4;kg Cu eq/kg
Raw;in ground;Gold;Gold;#dbdb8d;2369.667293316334;AT;d080e6a4-42c6-484e-b5d7-d74693aec7d9;7440-57-5;kg Cu eq/kg
Raw;in ground;Graphite;Graphite;#17becf;0.7541470913583105;AT;5666353e-2db2-41d3-8414-404709151422;7782-42-5;kg Cu eq/kg
Raw;in ground;Anhydrite;Gypsum;#1f77b4;0.0001137536775443238;AT;6df9ea09-115a-4678-9f30-d92c877a46ec;7778-18-9;kg Cu eq/kg
Raw;in ground;Gypsum;Gypsum;#1f77b4;0.0001137536775443238;AT;11a2a7b1-ab2f-47b8-9e29-6f33d5207fa6;13397-24-5;kg Cu eq/kg
Raw;in ground;Iron;Iron;#ffbb78;0.0451209294399849;AT;8ce3ff02-7a1e-48e3-881e-3248b944f28a;7439-89-6;kg Cu eq/kg
Raw;in ground;Kaolinite;Kaolin;#2ca02c;0.01506757583837864;AT;81ff5c0b-c44f-534e-a55e-8fc017e33dd2;;kg Cu eq/kg
Raw;in ground;Lead;Lead;#2ca02c;2.133055940391916;AT;fbcb9c7a-eea7-4694-ba6c-568e01d28883;7439-92-1;kg Cu eq/kg
Raw;in ground;Coal, brown;Lignite;#4D4D4D;0.00754635866127485;AT;024c9722-1e88-412b-8c4b-10c532be8dca;;kg Cu eq/kg
Raw;in ground;Lithium;Lithium;#A9CBA7;13.06990884041332;AT;7d2c1cdd-a64a-5936-a577-5b82db0c0d1b;7439-93-2;kg Cu eq/kg
Raw;in ground;Magnesite;Magnesite;#c5b0d5;0.0003717954781820664;AT;a4bab069-74a9-5b4c-8d6e-5ca984cd9ecd;546-93-0;kg Cu eq/kg
Raw;in ground;Magnesium;Magnesite;#9467bd;0.0003717954781820664;AT;9e5823ad-9d9b-4b98-b627-e39611b6a8bd;546-93-0;kg Cu eq/kg
Raw;in ground;Manganese;Manganese;#7f7f7f;0.1808705737815285;AT;c2586875-bb56-4b1e-84c5-5ff255a1108b;7439-96-5;kg Cu eq/kg
Raw;in ground;Mercury;Mercury;#8c564b;6.567443147155462;AT;54b9cbd0-65df-4fd3-8a19-dd3b8eccc619;7439-97-6;kg Cu eq/kg
Raw;in ground;Molybdenum;Molybdenum;#c49c94;8.91386395329031;AT;e5a3dff5-72dc-5287-893c-597dd4a19566;7439-98-7;kg Cu eq/kg
Raw;in ground;Gas, natural;Natural gas;#FFE680;0.1525809859125596;AT;7c337428-fb1b-45c7-bbb2-2ee4d29e17ba;8006-14-2;kg Cu eq/kg
Raw;in ground;Nickel;Nickel;#c49c94;8.749830004529622;AT;974213ef-1ba0-40e5-bc7b-52ef099e9e09;7440-02-0;kg Cu eq/kg
Raw;in ground;Niobium;Niobium;#bcbd22;28.28785672126629;AT;8de8befc-efa2-5d07-a58b-b29ea97a3f41;7440-03-1;kg Cu eq/kg
Raw;in ground;Palladium;Palladium;#f7b6d2;8681.43032268557;AT;edc69c63-a776-4dbf-acbf-e0368914980a;7440-05-3;kg Cu eq/kg
Raw;in ground;Oil, crude;Crude oil;#FFB570;0.09739331472323541;AT;88d06db9-59a1-4719-9174-afeb1fa4026a;;kg Cu eq/kg
Raw;in ground;Phosphorus;Phosphate;#c7c7c7;0.09928517560533709;AT;483ae3c5-4eb0-46e4-b811-a72ad391716b;;kg Cu eq/kg
Raw;in ground;Platinum;Platinum;#bcbd22;196.7774707369257;AT;d13b2665-505d-49e2-8edd-dc966b0342af;7440-06-4;kg Cu eq/kg
Raw;in ground;Cerium;Rare earth;#1f77b4;5.509290978352864;AT;4057f8b4-f20a-59c9-9bb7-fdeaf5ad106d;;kg Cu eq/kg
Raw;in ground;Dysprosium;Rare earth;#98df8a;5.509290978352864;AT;9e28eac3-49f9-5a0d-a8d0-dc4e071ad9e6;7429-91-6;kg Cu eq/kg
Raw;in ground;Erbium;Rare earth;#cccccc;5.509290978352864;AT;110a04f0-af53-5499-b22e-79b1b91e5a66;7440-52-0;kg Cu eq/kg
Raw;in ground;Europium;Rare earth;#d62728;5.509290978352864;AT;3d73ec21-de4d-5b68-b504-4ef59e15bd0e;7440-53-1;kg Cu eq/kg
Raw;in ground;Gadolinium;Rare earth;#9467bd;5.509290978352864;AT;f55e2203-ef91-50bf-8f5a-119bb210522c;7440-54-2;kg Cu eq/kg
Raw;in ground;Holmium;Rare earth;#cccccc;5.509290978352864;AT;f2f53dc8-8e09-511f-8dd2-4bae3625ba27;7440-60-0;kg Cu eq/kg
Raw;in ground;Lanthanum;Rare earth;#7f7f7f;5.509290978352864;AT;176598c1-699c-5dd8-8c33-d269ff7f5edd;;kg Cu eq/kg
Raw;in ground;Lutetium;Rare earth;#cccccc;5.509290978352864;AT;d9a2f8e5-f04a-5ffa-8c75-8133ac7f525c;7439-94-3;kg Cu eq/kg
Raw;in ground;Neodymium;Rare earth;#c7c7c7;5.509290978352864;AT;db0c855c-e9ef-58d9-97cc-960e646fc882;;kg Cu eq/kg
Raw;in ground;Praseodymium;Rare earth;#17becf;5.509290978352864;AT;35da65ff-7287-571d-b859-13d398ac5182;7440-10-0;kg Cu eq/kg
Raw;in ground;Samarium;Rare earth;#aec7e8;5.509290978352864;AT;cf791833-26bc-5207-a9bd-6ddcd8ac7625;7440-19-9;kg Cu eq/kg
Raw;in ground;Scandium;Rare earth;#ffbb78;5.509290978352864;AT;7f9f9b59-35a0-584d-ad5e-07da01dde768;;kg Cu eq/kg
Raw;in ground;Terbium;Rare earth;#e377c2;5.509290978352864;AT;6ec6a8a8-4c94-5bc5-93c5-62928fcf3935;7440-27-9;kg Cu eq/kg
Raw;in ground;Thulium;Rare earth;#cccccc;5.509290978352864;AT;a34e010c-6f68-5c79-8b45-2955b91f7dc2;7440-30-4;kg Cu eq/kg
Raw;in ground;Ytterbium;Rare earth;#cccccc;5.509290978352864;AT;ea659cca-fe3d-5b03-90d2-60719a862874;7440-64-4;kg Cu eq/kg
Raw;in ground;Yttrium;Rare earth;#c7c7c7;5.509290978352864;AT;89b567f2-2cab-503e-b796-42cba72fce16;7440-65-5;kg Cu eq/kg
Raw;in ground;Rhodium;Rhodium;#9edae5;245236.5979327465;AT;4803f22f-6950-489b-914d-fa953a8081f6;7440-16-6;kg Cu eq/kg
Raw;in ground;Selenium;Selenium;#2ca02c;2.235006975292939;AT;5f47f918-1c32-5870-b992-db91f843ff34;7782-49-2;kg Cu eq/kg
Raw;in ground;Silver;Silver;#1f77b4;1.057601775792008;AT;361a64cb-ab76-4a72-9ea1-c07d6a20c124;7440-22-4;kg Cu eq/kg
Raw;in ground;Coal, hard;Steam Coal;#4D4D4D;0.1276241479424762;AT;b6d0042d-0ef8-49ed-9162-a07ff1ccf750;;kg Cu eq/kg
Raw;in ground;Sulfur;Sulfur;#2ca02c;0.01625708625383378;AT;852281f6-db73-4250-84d3-86b569fce0c1;7704-34-9;kg Cu eq/kg
Raw;in ground;Tantalum;Tantalum;#98df8a;59.7465796638232;AT;775fdf03-b0bb-5c25-b14d-107231d5b2f0;7440-25-7;kg Cu eq/kg
Raw;in ground;Tellurium;Tellurium;#c49c94;104.0545530501518;AT;7b6da1f2-e191-5a77-ae06-af96201f5803;13494-80-9;kg Cu eq/kg
Raw;in ground;Tin;Tin;#d62728;0.0;AT;53d5ef26-66d8-4536-afa2-2f6b114189ba;7440-31-5;kg Cu eq/kg
Raw;in ground;Titanium;Titanium;#ff7f0e;0.396555755718295;AT;2f033407-6060-4e1e-868c-9f362d10fdb2;7440-32-6;kg Cu eq/kg
Raw;in ground;Tungsten;Tungsten;#ff9896;12.00816331705157;AT;ebcc1f0c-6b19-501d-86a4-629df2a457b5;7440-33-7;kg Cu eq/kg
Raw;in ground;Uranium;Uranium;#9467bd;9.616852546560914;AT;2ba5e39b-adb6-4767-a51d-90c1cf32fe98;7440-61-1;kg Cu eq/kg
Raw;in ground;Vanadium;Vanadium;#7f7f7f;8.608967605136682;AT;c9c4b80a-73dd-415a-92fb-f877595651c1;7440-62-2;kg Cu eq/kg
Raw;in ground;Zinc;Zinc;#8c564b;0.5103813332789052;AT;be73218b-18af-492e-96e6-addd309d1e32;7440-66-6;kg Cu eq/kg
Raw;in ground;Zirconia, as baddeleyite;Zirconium;#cccccc;0.977927582489392;AT;e07b4402-abe3-4346-8c42-051c5983bd1e;12036-23-6;kg Cu eq/kg
Raw;in ground;Zirconium;Zirconium;#c49c94;0.977927582489392;AT;cd2932c5-a486-4bf1-99b8-815d8a7ce11a;7440-67-7;kg Cu eq/kg
Raw;in ground;;;;1.142505601534453;BE;;;kg Cu eq/kg
Raw;in ground;Antimony;Antimony;#e377c2;1.551940969129767;BE;47262180-8308-5d4c-9332-c77617e032ef;7440-36-0;kg Cu eq/kg
Raw;in ground;Arsenic;Arsenic;#f7b6d2;0.09626171556121146;BE;e16fd15c-0ebc-55ba-8d3b-9704f13663cb;7440-38-2;kg Cu eq/kg
Raw;in ground;;;;0.1094005911031243;BE;;;kg Cu eq/kg
Raw;in ground;Barium;Baryte;#7f7f7f;0.06163256517150097;BE;240177d8-6f3b-43f5-8d1e-0c18114dfa02;7440-39-3;kg Cu eq/kg
Raw;in ground;Aluminium;Bauxite;#bcbd22;0.1137417690447074;BE;a45cd247-3532-4e27-bddc-b519fdb5e08f;7429-90-5;kg Cu eq/kg
Raw;in ground;Clay, bentonite;Bentonite;#aec7e8;0.03911572074101576;BE;93806a54-46f5-409c-99c5-4144a1e73b5d;1302-78-9;kg Cu eq/kg
Raw;in ground;Beryllium;Beryllium;#ffbb78;7.304458227616152;BE;68f7bc03-0665-55a1-bd99-96530eab30e2;7440-41-7;kg Cu eq/kg
Raw;in ground;Bismuth;Bismuth;#cccccc;5.560720086234542;BE;0124b342-4bdd-5cbf-ba2a-dce8a259755c;7440-69-9;kg Cu eq/kg
Raw;in ground;Borax;Boron;#c7c7c7;0.104080033053261;BE;eead2933-c2be-4a53-a0bd-bd33b67e4145;1303-96-4;kg Cu eq/kg
Raw;in ground;Boron;Boron;#bcbd22;0.104080033053261;BE;b053aa52-bfac-5435-a0b1-4ca374b0e991;7440-42-8;kg Cu eq/kg
Raw;in ground;Cadmium;Cadmium;#dbdb8d;0.4255087066644048;BE;bf377e4f-3a95-4ce2-a9ba-66ee31f00f60;7440-43-9;kg Cu eq/kg
Raw;in ground;Chromium;Chromite;#f7b6d2;0.226254409334551;BE;e189e2d4-3d3f-4ada-b302-91611784311f;7440-47-3;kg Cu eq/kg
Raw;in ground;Cobalt;Cobalt;#ff9896;15.57645894481082;BE;d0779a5e-6969-4144-954e-ceb81fb83f15;7440-48-4;kg Cu eq/kg
Raw;in ground;;;;0.1243478360807663;BE;;;kg Cu eq/kg
Raw;in ground;Copper;Copper;#9467bd;0.3842210140546357;BE;a9ac40a0-9bea-4c48-afa7-66aa6eb90624;7440-50-8;kg Cu eq/kg
Raw;in ground;Diatomite;Diatomite;#2ca02c;0.1053576187211376;BE;9877ce00-65f8-4c0c-9fcf-92aa53a2c9c0;61790-53-2;kg Cu eq/kg
Raw;in ground;Feldspar;Feldspar;#e377c2;0.02163513190501084;BE;26296ec9-ff93-41e6-bbbf-6175af04284d;68476-25-5;kg Cu eq/kg
Raw;in ground;Fluorspar;Fluorspar;#c7c7c7;0.1977925591150385;BE;0fa4f51e-b0dc-5d11-84d3-b32f0f3c88d5;14542-23-5;kg Cu eq/kg
Raw;in ground;Germanium;Germanium;#dbdb8d;0.0;BE;d3e547dc-1a29-5ece-8dbb-bd9c0ad3cc46;7440-56-4;kg Cu eq/kg
Raw;in ground;Gold;Gold;#dbdb8d;6.080692425576482;BE;d080e6a4-42c6-484e-b5d7-d74693aec7d9;7440-57-5;kg Cu eq/kg
Raw;in ground;Graphite;Graphite;#17becf;0.6576032825712119;BE;5666353e-2db2-41d3-8414-404709151422;7782-42-5;kg Cu eq/kg
Raw;in ground;Anhydrite;Gypsum;#1f77b4;0.003007581435187582;BE;6df9ea09-115a-4678-9f30-d92c877a46ec;7778-18-9;kg Cu eq/kg
Raw;in ground;Gypsum;Gypsum;#1f77b4;0.003007581435187582;BE;11a2a7b1-ab2f-47b8-9e29-6f33d5207fa6;13397-24-5;kg Cu eq/kg
Raw;in ground;Iron;Iron;#ffbb78;0.02793155377966079;BE;8ce3ff02-7a1e-48e3-881e-3248b944f28a;7439-89-6;kg Cu eq/kg
Raw;in ground;Kaolinite;Kaolin;#2ca02c;0.008880644489928114;BE;81ff5c0b-c44f-534e-a55e-8fc017e33dd2;;kg Cu eq/kg
Raw;in ground;Lead;Lead;#2ca02c;1.273823543224254;BE;fbcb9c7a-eea7-4694-ba6c-568e01d28883;7439-92-1;kg Cu eq/kg
Raw;in ground;Coal, brown;Lignite;#4D4D4D;0.008538933088697775;BE;024c9722-1e88-412b-8c4b-10c532be8dca;;kg Cu eq/kg
Raw;in ground;Lithium;Lithium;#A9CBA7;4.87587711802394;BE;7d2c1cdd-a64a-5936-a577-5b82db0c0d1b;7439-93-2;kg Cu eq/kg
Raw;in ground;Magnesite;Magnesite;#c5b0d5;0.1509822222183661;BE;a4bab069-74a9-5b4c-8d6e-5ca984cd9ecd;546-93-0;kg Cu eq/kg
Raw;in ground;Magnesium;Magnesite;#9467bd;0.1509822222183661;BE;9e5823ad-9d9b-4b98-b627-e39611b6a8bd;546-93-0;kg Cu eq/kg
Raw;in ground;Manganese;Manganese;#7f7f7f;0.05862300035058182;BE;c2586875-bb56-4b1e-84c5-5ff255a1108b;7439-96-5;kg Cu eq/kg
Raw;in ground;Mercury;Mercury;#8c564b;2.50395349222733;BE;54b9cbd0-65df-4fd3-8a19-dd3b8eccc619;7439-97-6;kg Cu eq/kg
Raw;in ground;Molybdenum;Molybdenum;#c49c94;7.594508821732733;BE;e5a3dff5-72dc-5287-893c-597dd4a19566;7439-98-7;kg Cu eq/kg
Raw;in ground;Gas, natural;Natural gas;#FFE680;0.1550351890471235;BE;7c337428-fb1b-45c7-bbb2-2ee4d29e17ba;8006-14-2;kg Cu eq/kg
Raw;in ground;Nickel;Nickel;#c49c94;1.983752859948175;BE;974213ef-1ba0-40e5-bc7b-52ef099e9e09;7440-02-0;kg Cu eq/kg
Raw;in ground;Niobium;Niobium;#bcbd22;21.10796941366008;BE;8de8befc-efa2-5d07-a58b-b29ea97a3f41;7440-03-1;kg Cu eq/kg
Raw;in ground;Palladium;Palladium;#f7b6d2;7425.055768002117;BE;edc69c63-a776-4dbf-acbf-e0368914980a;7440-05-3;kg Cu eq/kg
Raw;in ground;Oil, crude;Crude oil;#FFB570;0.02409139332941973;BE;88d06db9-59a1-4719-9174-afeb1fa4026a;;kg Cu eq/kg
Raw;in ground;Phosphorus;Phosphate;#c7c7c7;0.1126511430168225;BE;483ae3c5-4eb0-46e4-b811-a72ad391716b;;kg Cu eq/kg
Raw;in ground;Platinum;Platinum;#bcbd22;15.16638768639082;BE;d13b2665-505d-49e2-8edd-dc966b0342af;7440-06-4;kg Cu eq/kg
Raw;in ground;Cerium;Rare earth;#1f77b4;5.471882102746063;BE;4057f8b4-f20a-59c9-9bb7-fdeaf5ad106d;;kg Cu eq/kg
Raw;in ground;Dysprosium;Rare earth;#98df8a;5.471882102746063;BE;9e28eac3-49f9-5a0d-a8d0-dc4e071ad9e6;7429-91-6;kg Cu eq/kg
Raw;in ground;Erbium;Rare earth;#cccccc;5.471882102746063;BE;110a04f0-af53-5499-b22e-79b1b91e5a66;7440-52-0;kg Cu eq/kg
Raw;in ground;Europium;Rare earth;#d62728;5.471882102746063;BE;3d73ec21-de4d-5b68-b504-4ef59e15bd0e;7440-53-1;kg Cu eq/kg
Raw;in ground;Gadolinium;Rare earth;#9467bd;5.471882102746063;BE;f55e2203-ef91-50bf-8f5a-119bb210522c;7440-54-2;kg Cu eq/kg
Raw;in ground;Holmium;Rare earth;#cccccc;5.471882102746063;BE;f2f53dc8-8e09-511f-8dd2-4bae3625ba27;7440-60-0;kg Cu eq/kg
Raw;in ground;Lanthanum;Rare earth;#7f7f7f;5.471882102746063;BE;176598c1-699c-5dd8-8c33-d269ff7f5edd;;kg Cu eq/kg
Raw;in ground;Lutetium;Rare earth;#cccccc;5.471882102746063;BE;d9a2f8e5-f04a-5ffa-8c75-8133ac7f525c;7439-94-3;kg Cu eq/kg
Raw;in ground;Neodymium;Rare earth;#c7c7c7;5.471882102746063;BE;db0c855c-e9ef-58d9-97cc-960e646fc882;;kg Cu eq/kg
Raw;in ground;Praseodymium;Rare earth;#17becf;5.471882102746063;BE;35da65ff-7287-571d-b859-13d398ac5182;7440-10-0;kg Cu eq/kg
Raw;in ground;Samarium;Rare earth;#aec7e8;5.471882102746063;BE;cf791833-26bc-5207-a9bd-6ddcd8ac7625;7440-19-9;kg Cu eq/kg
Raw;in ground;Scandium;Rare earth;#ffbb78;5.471882102746063;BE;7f9f9b59-35a0-584d-ad5e-07da01dde768;;kg Cu eq/kg
Raw;in ground;Terbium;Rare earth;#e377c2;5.471882102746063;BE;6ec6a8a8-4c94-5bc5-93c5-62928fcf3935;7440-27-9;kg Cu eq/kg
Raw;in ground;Thulium;Rare earth;#cccccc;5.471882102746063;BE;a34e010c-6f68-5c79-8b45-2955b91f7dc2;7440-30-4;kg Cu eq/kg
Raw;in ground;Ytterbium;Rare earth;#cccccc;5.471882102746063;BE;ea659cca-fe3d-5b03-90d2-60719a862874;7440-64-4;kg Cu eq/kg
Raw;in ground;Yttrium;Rare earth;#c7c7c7;5.471882102746063;BE;89b567f2-2cab-503e-b796-42cba72fce16;7440-65-5;kg Cu eq/kg
Raw;in ground;Rhodium;Rhodium;#9edae5;377253.5874810697;BE;4803f22f-6950-489b-914d-fa953a8081f6;7440-16-6;kg Cu eq/kg
Raw;in ground;Selenium;Selenium;#2ca02c;1.5180675368025;BE;5f47f918-1c32-5870-b992-db91f843ff34;7782-49-2;kg Cu eq/kg
Raw;in ground;Silver;Silver;#1f77b4;1.411536068594417;BE;361a64cb-ab76-4a72-9ea1-c07d6a20c124;7440-22-4;kg Cu eq/kg
Raw;in ground;Coal, hard;Steam Coal;#4D4D4D;0.1201553901851347;BE;b6d0042d-0ef8-49ed-9162-a07ff1ccf750;;kg Cu eq/kg
Raw;in ground;Sulfur;Sulfur;#2ca02c;0.02288703826936471;BE;852281f6-db73-4250-84d3-86b569fce0c1;7704-34-9;kg Cu eq/kg
Raw;in ground;Tantalum;Tantalum;#98df8a;46.67315996202916;BE;775fdf03-b0bb-5c25-b14d-107231d5b2f0;7440-25-7;kg Cu eq/kg
Raw;in ground;Tellurium;Tellurium;#c49c94;3.64301450477228;BE;7b6da1f2-e191-5a77-ae06-af96201f5803;13494-80-9;kg Cu eq/kg
Raw;in ground;Tin;Tin;#d62728;0.7208370405740641;BE;53d5ef26-66d8-4536-afa2-2f6b114189ba;7440-31-5;kg Cu eq/kg
Raw;in ground;Titanium;Titanium;#ff7f0e;0.2366070761840964;BE;2f033407-6060-4e1e-868c-9f362d10fdb2;7440-32-6;kg Cu eq/kg
Raw;in ground;Tungsten;Tungsten;#ff9896;11.70874235052031;BE;ebcc1f0c-6b19-501d-86a4-629df2a457b5;7440-33-7;kg Cu eq/kg
Raw;in ground;Uranium;Uranium;#9467bd;0.0;BE;2ba5e39b-adb6-4767-a51d-90c1cf32fe98;7440-61-1;kg Cu eq/kg
Raw;in ground;Vanadium;Vanadium;#7f7f7f;13.66560670290784;BE;c9c4b80a-73dd-415a-92fb-f877595651c1;7440-62-2;kg Cu eq/kg
Raw;in ground;Zinc;Zinc;#8c564b;0.1940214781027065;BE;be73218b-18af-492e-96e6-addd309d1e32;7440-66-6;kg Cu eq/kg
Raw;in ground;Zirconia, as baddeleyite;Zirconium;#cccccc;0.4374517443602891;BE;e07b4402-abe3-4346-8c42-051c5983bd1e;12036-23-6;kg Cu eq/kg
Raw;in ground;Zirconium;Zirconium;#c49c94;0.4374517443602891;BE;cd2932c5-a486-4bf1-99b8-815d8a7ce11a;7440-67-7;kg Cu eq/kg
Raw;in ground;;;;0.3434215684615856;BR;;;kg Cu eq/kg
Raw;in ground;Antimony;Antimony;#e377c2;1.563307182046662;BR;47262180-8308-5d4c-9332-c77617e032ef;7440-36-0;kg Cu eq/kg
Raw;in ground;Arsenic;Arsenic;#f7b6d2;1.133148147849248;BR;e16fd15c-0ebc-55ba-8d3b-9704f13663cb;7440-38-2;kg Cu eq/kg
Raw;in ground;;;;0.0001020291001559917;BR;;;kg Cu eq/kg
Raw;in ground;Barium;Baryte;#7f7f7f;0.05564355878883828;BR;240177d8-6f3b-43f5-8d1e-0c18114dfa02;7440-39-3;kg Cu eq/kg
Raw;in ground;Aluminium;Bauxite;#bcbd22;2.191209105108234e-05;BR;a45cd247-3532-4e27-bddc-b519fdb5e08f;7429-90-5;kg Cu eq/kg
Raw;in ground;Clay, bentonite;Bentonite;#aec7e8;0.009817894415901317;BR;93806a54-46f5-409c-99c5-4144a1e73b5d;1302-78-9;kg Cu eq/kg
Raw;in ground;Beryllium;Beryllium;#ffbb78;0.0;BR;68f7bc03-0665-55a1-bd99-96530eab30e2;7440-41-7;kg Cu eq/kg
Raw;in ground;Bismuth;Bismuth;#cccccc;8.634832444379006;BR;0124b342-4bdd-5cbf-ba2a-dce8a259755c;7440-69-9;kg Cu eq/kg
Raw;in ground;Borax;Boron;#c7c7c7;0.1098901045798387;BR;eead2933-c2be-4a53-a0bd-bd33b67e4145;1303-96-4;kg Cu eq/kg
Raw;in ground;Boron;Boron;#bcbd22;0.1098901045798387;BR;b053aa52-bfac-5435-a0b1-4ca374b0e991;7440-42-8;kg Cu eq/kg
Raw;in ground;Cadmium;Cadmium;#dbdb8d;0.7354340463781719;BR;bf377e4f-3a95-4ce2-a9ba-66ee31f00f60;7440-43-9;kg Cu eq/kg
Raw;in ground;Chromium;Chromite;#f7b6d2;0.01153022616491238;BR;e189e2d4-3d3f-4ada-b302-91611784311f;7440-47-3;kg Cu eq/kg
Raw;in ground;Cobalt;Cobalt;#ff9896;24.05276100770799;BR;d0779a5e-6969-4144-954e-ceb81fb83f15;7440-48-4;kg Cu eq/kg
Raw;in ground;;;;0.1224826584756678;BR;;;kg Cu eq/kg
Raw;in ground;Copper;Copper;#9467bd;0.0536324242541155;BR;a9ac40a0-9bea-4c48-afa7-66aa6eb90624;7440-50-8;kg Cu eq/kg
Raw;in ground;Diatomite;Diatomite;#2ca02c;0.0576413049787959;BR;9877ce00-65f8-4c0c-9fcf-92aa53a2c9c0;61790-53-2;kg Cu eq/kg
Raw;in ground;Feldspar;Feldspar;#e377c2;0.000215750874073113;BR;26296ec9-ff93-41e6-bbbf-6175af04284d;68476-25-5;kg Cu eq/kg
Raw;in ground;Fluorspar;Fluorspar;#c7c7c7;0.01244465415263477;BR;0fa4f51e-b0dc-5d11-84d3-b32f0f3c88d5;14542-23-5;kg Cu eq/kg
Raw;in ground;Germanium;Germanium;#dbdb8d;0.0;BR;d3e547dc-1a29-5ece-8dbb-bd9c0ad3cc46;7440-56-4;kg Cu eq/kg
Raw;in ground;Gold;Gold;#dbdb8d;1.819681290402911;BR;d080e6a4-42c6-484e-b5d7-d74693aec7d9;7440-57-5;kg Cu eq/kg
Raw;in ground;Graphite;Graphite;#17becf;0.02144786477888094;BR;5666353e-2db2-41d3-8414-404709151422;7782-42-5;kg Cu eq/kg
Raw;in ground;Anhydrite;Gypsum;#1f77b4;0.0002199825741942612;BR;6df9ea09-115a-4678-9f30-d92c877a46ec;7778-18-9;kg Cu eq/kg
Raw;in ground;Gypsum;Gypsum;#1f77b4;0.0002199825741942612;BR;11a2a7b1-ab2f-47b8-9e29-6f33d5207fa6;13397-24-5;kg Cu eq/kg
Raw;in ground;Iron;Iron;#ffbb78;5.529921260665251e-05;BR;8ce3ff02-7a1e-48e3-881e-3248b944f28a;7439-89-6;kg Cu eq/kg
Raw;in ground;Kaolinite;Kaolin;#2ca02c;0.002572880794261191;BR;81ff5c0b-c44f-534e-a55e-8fc017e33dd2;;kg Cu eq/kg
Raw;in ground;Lead;Lead;#2ca02c;0.0;BR;fbcb9c7a-eea7-4694-ba6c-568e01d28883;7439-92-1;kg Cu eq/kg
Raw;in ground;Coal, brown;Lignite;#4D4D4D;8.11848048594371e-05;BR;024c9722-1e88-412b-8c4b-10c532be8dca;;kg Cu eq/kg
Raw;in ground;Lithium;Lithium;#A9CBA7;0.0008281280434114911;BR;7d2c1cdd-a64a-5936-a577-5b82db0c0d1b;7439-93-2;kg Cu eq/kg
Raw;in ground;Magnesite;Magnesite;#c5b0d5;1.285123342994807e-05;BR;a4bab069-74a9-5b4c-8d6e-5ca984cd9ecd;546-93-0;kg Cu eq/kg
Raw;in ground;Magnesium;Magnesite;#9467bd;1.285123342994807e-05;BR;9e5823ad-9d9b-4b98-b627-e39611b6a8bd;546-93-0;kg Cu eq/kg
Raw;in ground;Manganese;Manganese;#7f7f7f;0.004675145033744528;BR;c2586875-bb56-4b1e-84c5-5ff255a1108b;7439-96-5;kg Cu eq/kg
Raw;in ground;Mercury;Mercury;#8c564b;16.33638036875606;BR;54b9cbd0-65df-4fd3-8a19-dd3b8eccc619;7439-97-6;kg Cu eq/kg
Raw;in ground;Molybdenum;Molybdenum;#c49c94;3.748138769970154;BR;e5a3dff5-72dc-5287-893c-597dd4a19566;7439-98-7;kg Cu eq/kg
Raw;in ground;Gas, natural;Natural gas;#FFE680;0.04597178688081737;BR;7c337428-fb1b-45c7-bbb2-2ee4d29e17ba;8006-14-2;kg Cu eq/kg
Raw;in ground;Nickel;Nickel;#c49c94;0.01556128078359922;BR;974213ef-1ba0-40e5-bc7b-52ef099e9e09;7440-02-0;kg Cu eq/kg
Raw;in ground;Niobium;Niobium;#bcbd22;0.008472698295445124;BR;8de8befc-efa2-5d07-a58b-b29ea97a3f41;7440-03-1;kg Cu eq/kg
Raw;in ground;Palladium;Palladium;#f7b6d2;26639.32100343524;BR;edc69c63-a776-4dbf-acbf-e0368914980a;7440-05-3;kg Cu eq/kg
Raw;in ground;Oil, crude;Crude oil;#FFB570;0.007067400125124807;BR;88d06db9-59a1-4719-9174-afeb1fa4026a;;kg Cu eq/kg
Raw;in ground;Phosphorus;Phosphate;#c7c7c7;0.01034391636016306;BR;483ae3c5-4eb0-46e4-b811-a72ad391716b;;kg Cu eq/kg
Raw;in ground;Platinum;Platinum;#bcbd22;20679.42555038711;BR;d13b2665-505d-49e2-8edd-dc966b0342af;7440-06-4;kg Cu eq/kg
Raw;in ground;Cerium;Rare earth;#1f77b4;1.276915962254628;BR;4057f8b4-f20a-59c9-9bb7-fdeaf5ad106d;;kg Cu eq/kg
Raw;in ground;Dysprosium;Rare earth;#98df8a;1.276915962254628;BR;9e28eac3-49f9-5a0d-a8d0-dc4e071ad9e6;7429-91-6;kg Cu eq/kg
Raw;in ground;Erbium;Rare earth;#cccccc;1.276915962254628;BR;110a04f0-af53-5499-b22e-79b1b91e5a66;7440-52-0;kg Cu eq/kg
Raw;in ground;Europium;Rare earth;#d62728;1.276915962254628;BR;3d73ec21-de4d-5b68-b504-4ef59e15bd0e;7440-53-1;kg Cu eq/kg
Raw;in ground;Gadolinium;Rare earth;#9467bd;1.276915962254628;BR;f55e2203-ef91-50bf-8f5a-119bb210522c;7440-54-2;kg Cu eq/kg
Raw;in ground;Holmium;Rare earth;#cccccc;1.276915962254628;BR;f2f53dc8-8e09-511f-8dd2-4bae3625ba27;7440-60-0;kg Cu eq/kg
Raw;in ground;Lanthanum;Rare earth;#7f7f7f;1.276915962254628;BR;176598c1-699c-5dd8-8c33-d269ff7f5edd;;kg Cu eq/kg
Raw;in ground;Lutetium;Rare earth;#cccccc;1.276915962254628;BR;d9a2f8e5-f04a-5ffa-8c75-8133ac7f525c;7439-94-3;kg Cu eq/kg
Raw;in ground;Neodymium;Rare earth;#c7c7c7;1.276915962254628;BR;db0c855c-e9ef-58d9-97cc-960e646fc882;;kg Cu eq/kg
Raw;in ground;Praseodymium;Rare earth;#17becf;1.276915962254628;BR;35da65ff-7287-571d-b859-13d398ac5182;7440-10-0;kg Cu eq/kg
Raw;in ground;Samarium;Rare earth;#aec7e8;1.276915962254628;BR;cf791833-26bc-5207-a9bd-6ddcd8ac7625;7440-19-9;kg Cu eq/kg
Raw;in ground;Scandium;Rare earth;#ffbb78;1.276915962254628;BR;7f9f9b59-35a0-584d-ad5e-07da01dde768;;kg Cu eq/kg
Raw;in ground;Terbium;Rare earth;#e377c2;1.276915962254628;BR;6ec6a8a8-4c94-5bc5-93c5-62928fcf3935;7440-27-9;kg Cu eq/kg
Raw;in ground;Thulium;Rare earth;#cccccc;1.276915962254628;BR;a34e010c-6f68-5c79-8b45-2955b91f7dc2;7440-30-4;kg Cu eq/kg
Raw;in ground;Ytterbium;Rare earth;#cccccc;1.276915962254628;BR;ea659cca-fe3d-5b03-90d2-60719a862874;7440-64-4;kg Cu eq/kg
Raw;in ground;Yttrium;Rare earth;#c7c7c7;1.276915962254628;BR;89b567f2-2cab-503e-b796-42cba72fce16;7440-65-5;kg Cu eq/kg
Raw;in ground;Rhodium;Rhodium;#9edae5;269237.5260718895;BR;4803f22f-6950-489b-914d-fa953a8081f6;7440-16-6;kg Cu eq/kg
Raw;in ground;Selenium;Selenium;#2ca02c;4.327926866861729;BR;5f47f918-1c32-5870-b992-db91f843ff34;7782-49-2;kg Cu eq/kg
Raw;in ground;Silver;Silver;#1f77b4;0.1103551389761258;BR;361a64cb-ab76-4a72-9ea1-c07d6a20c124;7440-22-4;kg Cu eq/kg
Raw;in ground;Coal, hard;Steam Coal;#4D4D4D;0.1042322389716921;BR;b6d0042d-0ef8-49ed-9162-a07ff1ccf750;;kg Cu eq/kg
Raw;in ground;Sulfur;Sulfur;#2ca02c;0.02711778413334566;BR;852281f6-db73-4250-84d3-86b569fce0c1;7704-34-9;kg Cu eq/kg
Raw;in ground;Tantalum;Tantalum;#98df8a;0.01743899796024734;BR;775fdf03-b0bb-5c25-b14d-107231d5b2f0;7440-25-7;kg Cu eq/kg
Raw;in ground;Tellurium;Tellurium;#c49c94;57.01053968214788;BR;7b6da1f2-e191-5a77-ae06-af96201f5803;13494-80-9;kg Cu eq/kg
Raw;in ground;Tin;Tin;#d62728;0.01788240882945882;BR;53d5ef26-66d8-4536-afa2-2f6b114189ba;7440-31-5;kg Cu eq/kg
Raw;in ground;Titanium;Titanium;#ff7f0e;0.1016938230912503;BR;2f033407-6060-4e1e-868c-9f362d10fdb2;7440-32-6;kg Cu eq/kg
Raw;in ground;Tungsten;Tungsten;#ff9896;2.940550804631665;BR;ebcc1f0c-6b19-501d-86a4-629df2a457b5;7440-33-7;kg Cu eq/kg
Raw;in ground;Uranium;Uranium;#9467bd;0.0;BR;2ba5e39b-adb6-4767-a51d-90c1cf32fe98;7440-61-1;kg Cu eq/kg
Raw;in ground;Vanadium;Vanadium;#7f7f7f;1.223357045212192;BR;c9c4b80a-73dd-415a-92fb-f877595651c1;7440-62-2;kg Cu eq/kg
Raw;in ground;Zinc;Zinc;#8c564b;0.1468936937887206;BR;be73218b-18af-492e-96e6-addd309d1e32;7440-66-6;kg Cu eq/kg
Raw;in ground;Zirconia, as baddeleyite;Zirconium;#cccccc;0.463028411603261;BR;e07b4402-abe3-4346-8c42-051c5983bd1e;12036-23-6;kg Cu eq/kg
Raw;in ground;Zirconium;Zirconium;#c49c94;0.463028411603261;BR;cd2932c5-a486-4bf1-99b8-815d8a7ce11a;7440-67-7;kg Cu eq/kg
Raw;in ground;;;;0.00659878956591607;CA;;;kg Cu eq/kg
Raw;in ground;Antimony;Antimony;#e377c2;0.8438538534191109;CA;47262180-8308-5d4c-9332-c77617e032ef;7440-36-0;kg Cu eq/kg
Raw;in ground;Arsenic;Arsenic;#f7b6d2;1.253443406657042;CA;e16fd15c-0ebc-55ba-8d3b-9704f13663cb;7440-38-2;kg Cu eq/kg
Raw;in ground;;;;0.3112990947082112;CA;;;kg Cu eq/kg
Raw;in ground;Barium;Baryte;#7f7f7f;0.01777522040970944;CA;240177d8-6f3b-43f5-8d1e-0c18114dfa02;7440-39-3;kg Cu eq/kg
Raw;in ground;Aluminium;Bauxite;#bcbd22;0.01013198055516765;CA;a45cd247-3532-4e27-bddc-b519fdb5e08f;7429-90-5;kg Cu eq/kg
Raw;in ground;Clay, bentonite;Bentonite;#aec7e8;0.02126349950527471;CA;93806a54-46f5-409c-99c5-4144a1e73b5d;1302-78-9;kg Cu eq/kg
Raw;in ground;Beryllium;Beryllium;#ffbb78;18.30626915181053;CA;68f7bc03-0665-55a1-bd99-96530eab30e2;7440-41-7;kg Cu eq/kg
Raw;in ground;Bismuth;Bismuth;#cccccc;12.31116745728258;CA;0124b342-4bdd-5cbf-ba2a-dce8a259755c;7440-69-9;kg Cu eq/kg
Raw;in ground;Borax;Boron;#c7c7c7;0.3141240466139574;CA;eead2933-c2be-4a53-a0bd-bd33b67e4145;1303-96-4;kg Cu eq/kg
Raw;in ground;Boron;Boron;#bcbd22;0.3141240466139574;CA;b053aa52-bfac-5435-a0b1-4ca374b0e991;7440-42-8;kg Cu eq/kg
Raw;in ground;Cadmium;Cadmium;#dbdb8d;0.01643597174151639;CA;bf377e4f-3a95-4ce2-a9ba-66ee31f00f60;7440-43-9;kg Cu eq/kg
Raw;in ground;Chromium;Chromite;#f7b6d2;0.2309244095656045;CA;e189e2d4-3d3f-4ada-b302-91611784311f;7440-47-3;kg Cu eq/kg
Raw;in ground;Cobalt;Cobalt;#ff9896;4.229729828800583;CA;d0779a5e-6969-4144-954e-ceb81fb83f15;7440-48-4;kg Cu eq/kg
Raw;in ground;;;;0.0120737149876496;CA;;;kg Cu eq/kg
Raw;in ground;Copper;Copper;#9467bd;0.2187527653004212;CA;a9ac40a0-9bea-4c48-afa7-66aa6eb90624;7440-50-8;kg Cu eq/kg
Raw;in ground;Diatomite;Diatomite;#2ca02c;0.1148496481588504;CA;9877ce00-65f8-4c0c-9fcf-92aa53a2c9c0;61790-53-2;kg Cu eq/kg
Raw;in ground;Feldspar;Feldspar;#e377c2;0.06153384133878629;CA;26296ec9-ff93-41e6-bbbf-6175af04284d;68476-25-5;kg Cu eq/kg
Raw;in ground;Fluorspar;Fluorspar;#c7c7c7;0.1588816572132026;CA;0fa4f51e-b0dc-5d11-84d3-b32f0f3c88d5;14542-23-5;kg Cu eq/kg
Raw;in ground;Germanium;Germanium;#dbdb8d;0.0;CA;d3e547dc-1a29-5ece-8dbb-bd9c0ad3cc46;7440-56-4;kg Cu eq/kg
Raw;in ground;Gold;Gold;#dbdb8d;34.43766660829117;CA;d080e6a4-42c6-484e-b5d7-d74693aec7d9;7440-57-5;kg Cu eq/kg
Raw;in ground;Graphite;Graphite;#17becf;0.03169084885196703;CA;5666353e-2db2-41d3-8414-404709151422;7782-42-5;kg Cu eq/kg
Raw;in ground;Anhydrite;Gypsum;#1f77b4;0.0008819584296696078;CA;6df9ea09-115a-4678-9f30-d92c877a46ec;7778-18-9;kg Cu eq/kg
Raw;in ground;Gypsum;Gypsum;#1f77b4;0.0008819584296696078;CA;11a2a7b1-ab2f-47b8-9e29-6f33d5207fa6;13397-24-5;kg Cu eq/kg
Raw;in ground;Iron;Iron;#ffbb78;0.003608738679587719;CA;8ce3ff02-7a1e-48e3-881e-3248b944f28a;7439-89-6;kg Cu eq/kg
Raw;in ground;Kaolinite;Kaolin;#2ca02c;0.02343688743701561;CA;81ff5c0b-c44f-534e-a55e-8fc017e33dd2;;kg Cu eq/kg
Raw;in ground;Lead;Lead;#2ca02c;1.136066590915285;CA;fbcb9c7a-eea7-4694-ba6c-568e01d28883;7439-92-1;kg Cu eq/kg
Raw;in ground;Coal, brown;Lignite;#4D4D4D;3.316619307873431e-05;CA;024c9722-1e88-412b-8c4b-10c532be8dca;;kg Cu eq/kg
Raw;in ground;Lithium;Lithium;#A9CBA7;4.675570193983325;CA;7d2c1cdd-a64a-5936-a577-5b82db0c0d1b;7439-93-2;kg Cu eq/kg
Raw;in ground;Magnesite;Magnesite;#c5b0d5;0.003372478205020605;CA;a4bab069-74a9-5b4c-8d6e-5ca984cd9ecd;546-93-0;kg Cu eq/kg
Raw;in ground;Magnesium;Magnesite;#9467bd;0.003372478205020605;CA;9e5823ad-9d9b-4b98-b627-e39611b6a8bd;546-93-0;kg Cu eq/kg
Raw;in ground;Manganese;Manganese;#7f7f7f;0.1308951403520964;CA;c2586875-bb56-4b1e-84c5-5ff255a1108b;7439-96-5;kg Cu eq/kg
Raw;in ground;Mercury;Mercury;#8c564b;18.93620252848875;CA;54b9cbd0-65df-4fd3-8a19-dd3b8eccc619;7439-97-6;kg Cu eq/kg
Raw;in ground;Molybdenum;Molybdenum;#c49c94;0.05960907394419966;CA;e5a3dff5-72dc-5287-893c-597dd4a19566;7439-98-7;kg Cu eq/kg
Raw;in ground;Gas, natural;Natural gas;#FFE680;0.1374984720024937;CA;7c337428-fb1b-45c7-bbb2-2ee4d29e17ba;8006-14-2;kg Cu eq/kg
Raw;in ground;Nickel;Nickel;#c49c94;0.7395010781855403;CA;974213ef-1ba0-40e5-bc7b-52ef099e9e09;7440-02-0;kg Cu eq/kg
Raw;in ground;Niobium;Niobium;#bcbd22;4.838618604626473;CA;8de8befc-efa2-5d07-a58b-b29ea97a3f41;7440-03-1;kg Cu eq/kg
Raw;in ground;Palladium;Palladium;#f7b6d2;17676.40453898918;CA;edc69c63-a776-4dbf-acbf-e0368914980a;7440-05-3;kg Cu eq/kg
Raw;in ground;Oil, crude;Crude oil;#FFB570;0.006753292740747407;CA;88d06db9-59a1-4719-9174-afeb1fa4026a;;kg Cu eq/kg
Raw;in ground;Phosphorus;Phosphate;#c7c7c7;0.174747348928269;CA;483ae3c5-4eb0-46e4-b811-a72ad391716b;;kg Cu eq/kg
Raw;in ground;Platinum;Platinum;#bcbd22;27.80523836752695;CA;d13b2665-505d-49e2-8edd-dc966b0342af;7440-06-4;kg Cu eq/kg
Raw;in ground;Cerium;Rare earth;#1f77b4;3.922440164601011;CA;4057f8b4-f20a-59c9-9bb7-fdeaf5ad106d;;kg Cu eq/kg
Raw;in ground;Dysprosium;Rare earth;#98df8a;3.922440164601011;CA;9e28eac3-49f9-5a0d-a8d0-dc4e071ad9e6;7429-91-6;kg Cu eq/kg
Raw;in ground;Erbium;Rare earth;#cccccc;3.922440164601011;CA;110a04f0-af53-5499-b22e-79b1b91e5a66;7440-52-0;kg Cu eq/kg
Raw;in ground;Europium;Rare earth;#d62728;3.922440164601011;CA;3d73ec21-de4d-5b68-b504-4ef59e15bd0e;7440-53-1;kg Cu eq/kg
Raw;in ground;Gadolinium;Rare earth;#9467bd;3.922440164601011;CA;f55e2203-ef91-50bf-8f5a-119bb210522c;7440-54-2;kg Cu eq/kg
Raw;in ground;Holmium;Rare earth;#cccccc;3.922440164601011;CA;f2f53dc8-8e09-511f-8dd2-4bae3625ba27;7440-60-0;kg Cu eq/kg
Raw;in ground;Lanthanum;Rare earth;#7f7f7f;3.922440164601011;CA;176598c1-699c-5dd8-8c33-d269ff7f5edd;;kg Cu eq/kg
Raw;in ground;Lutetium;Rare earth;#cccccc;3.922440164601011;CA;d9a2f8e5-f04a-5ffa-8c75-8133ac7f525c;7439-94-3;kg Cu eq/kg
Raw;in ground;Neodymium;Rare earth;#c7c7c7;3.922440164601011;CA;db0c855c-e9ef-58d9-97cc-960e646fc882;;kg Cu eq/kg
Raw;in ground;Praseodymium;Rare earth;#17becf;3.922440164601011;CA;35da65ff-7287-571d-b859-13d398ac5182;7440-10-0;kg Cu eq/kg
Raw;in ground;Samarium;Rare earth;#aec7e8;3.922440164601011;CA;cf791833-26bc-5207-a9bd-6ddcd8ac7625;7440-19-9;kg Cu eq/kg
Raw;in ground;Scandium;Rare earth;#ffbb78;3.922440164601011;CA;7f9f9b59-35a0-584d-ad5e-07da01dde768;;kg Cu eq/kg
Raw;in ground;Terbium;Rare earth;#e377c2;3.922440164601011;CA;6ec6a8a8-4c94-5bc5-93c5-62928fcf3935;7440-27-9;kg Cu eq/kg
Raw;in ground;Thulium;Rare earth;#cccccc;3.922440164601011;CA;a34e010c-6f68-5c79-8b45-2955b91f7dc2;7440-30-4;kg Cu eq/kg
Raw;in ground;Ytterbium;Rare earth;#cccccc;3.922440164601011;CA;ea659cca-fe3d-5b03-90d2-60719a862874;7440-64-4;kg Cu eq/kg
Raw;in ground;Yttrium;Rare earth;#c7c7c7;3.922440164601011;CA;89b567f2-2cab-503e-b796-42cba72fce16;7440-65-5;kg Cu eq/kg
Raw;in ground;Rhodium;Rhodium;#9edae5;222618.5718800173;CA;4803f22f-6950-489b-914d-fa953a8081f6;7440-16-6;kg Cu eq/kg
Raw;in ground;Selenium;Selenium;#2ca02c;7.390399299934195;CA;5f47f918-1c32-5870-b992-db91f843ff34;7782-49-2;kg Cu eq/kg
Raw;in ground;Silver;Silver;#1f77b4;8.559340656967283;CA;361a64cb-ab76-4a72-9ea1-c07d6a20c124;7440-22-4;kg Cu eq/kg
Raw;in ground;Coal, hard;Steam Coal;#4D4D4D;0.02405934256001235;CA;b6d0042d-0ef8-49ed-9162-a07ff1ccf750;;kg Cu eq/kg
Raw;in ground;Sulfur;Sulfur;#2ca02c;0.0002167500076125162;CA;852281f6-db73-4250-84d3-86b569fce0c1;7704-34-9;kg Cu eq/kg
Raw;in ground;Tantalum;Tantalum;#98df8a;18.42620554708565;CA;775fdf03-b0bb-5c25-b14d-107231d5b2f0;7440-25-7;kg Cu eq/kg
Raw;in ground;Tellurium;Tellurium;#c49c94;34.34509568443736;CA;7b6da1f2-e191-5a77-ae06-af96201f5803;13494-80-9;kg Cu eq/kg
Raw;in ground;Tin;Tin;#d62728;1.362614702316491;CA;53d5ef26-66d8-4536-afa2-2f6b114189ba;7440-31-5;kg Cu eq/kg
Raw;in ground;Titanium;Titanium;#ff7f0e;0.02672997294055738;CA;2f033407-6060-4e1e-868c-9f362d10fdb2;7440-32-6;kg Cu eq/kg
Raw;in ground;Tungsten;Tungsten;#ff9896;26.63360434522207;CA;ebcc1f0c-6b19-501d-86a4-629df2a457b5;7440-33-7;kg Cu eq/kg
Raw;in ground;Uranium;Uranium;#9467bd;1.886600006496395;CA;2ba5e39b-adb6-4767-a51d-90c1cf32fe98;7440-61-1;kg Cu eq/kg
Raw;in ground;Vanadium;Vanadium;#7f7f7f;15.46757273667044;CA;c9c4b80a-73dd-415a-92fb-f877595651c1;7440-62-2;kg Cu eq/kg
Raw;in ground;Zinc;Zinc;#8c564b;0.2635533857591283;CA;be73218b-18af-492e-96e6-addd309d1e32;7440-66-6;kg Cu eq/kg
Raw;in ground;Zirconia, as baddeleyite;Zirconium;#cccccc;0.6549168664858819;CA;e07b4402-abe3-4346-8c42-051c5983bd1e;12036-23-6;kg Cu eq/kg
Raw;in ground;Zirconium;Zirconium;#c49c94;0.6549168664858819;CA;cd2932c5-a486-4bf1-99b8-815d8a7ce11a;7440-67-7;kg Cu eq/kg
Raw;in ground;;;;1.778645403938636;CL;;;kg Cu eq/kg
Raw;in ground;Antimony;Antimony;#e377c2;3.641618558285288;CL;47262180-8308-5d4c-9332-c77617e032ef;7440-36-0;kg Cu eq/kg
Raw;in ground;Arsenic;Arsenic;#f7b6d2;0.0;CL;e16fd15c-0ebc-55ba-8d3b-9704f13663cb;7440-38-2;kg Cu eq/kg
Raw;in ground;;;;0.0;CL;;;kg Cu eq/kg
Raw;in ground;Barium;Baryte;#7f7f7f;0.1033192695594904;CL;240177d8-6f3b-43f5-8d1e-0c18114dfa02;7440-39-3;kg Cu eq/kg
Raw;in ground;Aluminium;Bauxite;#bcbd22;0.247458461886876;CL;a45cd247-3532-4e27-bddc-b519fdb5e08f;7429-90-5;kg Cu eq/kg
Raw;in ground;Clay, bentonite;Bentonite;#aec7e8;0.07525098175058582;CL;93806a54-46f5-409c-99c5-4144a1e73b5d;1302-78-9;kg Cu eq/kg
Raw;in ground;Beryllium;Beryllium;#ffbb78;0.0;CL;68f7bc03-0665-55a1-bd99-96530eab30e2;7440-41-7;kg Cu eq/kg
Raw;in ground;Bismuth;Bismuth;#cccccc;14.75515119526786;CL;0124b342-4bdd-5cbf-ba2a-dce8a259755c;7440-69-9;kg Cu eq/kg
Raw;in ground;Borax;Boron;#c7c7c7;0.001571774768238665;CL;eead2933-c2be-4a53-a0bd-bd33b67e4145;1303-96-4;kg Cu eq/kg
Raw;in ground;Boron;Boron;#bcbd22;0.001571774768238665;CL;b053aa52-bfac-5435-a0b1-4ca374b0e991;7440-42-8;kg Cu eq/kg
Raw;in ground;Cadmium;Cadmium;#dbdb8d;13.00166158768753;CL;bf377e4f-3a95-4ce2-a9ba-66ee31f00f60;7440-43-9;kg Cu eq/kg
Raw;in ground;Chromium;Chromite;#f7b6d2;0.2223641597933545;CL;e189e2d4-3d3f-4ada-b302-91611784311f;7440-47-3;kg Cu eq/kg
Raw;in ground;Cobalt;Cobalt;#ff9896;9.04928657322468;CL;d0779a5e-6969-4144-954e-ceb81fb83f15;7440-48-4;kg Cu eq/kg
Raw;in ground;;;;0.09497941343032813;CL;;;kg Cu eq/kg
Raw;in ground;Copper;Copper;#9467bd;0.000457164973213272;CL;a9ac40a0-9bea-4c48-afa7-66aa6eb90624;7440-50-8;kg Cu eq/kg
Raw;in ground;Diatomite;Diatomite;#2ca02c;0.02403742151325667;CL;9877ce00-65f8-4c0c-9fcf-92aa53a2c9c0;61790-53-2;kg Cu eq/kg
Raw;in ground;Feldspar;Feldspar;#e377c2;0.04749903652117235;CL;26296ec9-ff93-41e6-bbbf-6175af04284d;68476-25-5;kg Cu eq/kg
Raw;in ground;Fluorspar;Fluorspar;#c7c7c7;0.4339804321312266;CL;0fa4f51e-b0dc-5d11-84d3-b32f0f3c88d5;14542-23-5;kg Cu eq/kg
Raw;in ground;Germanium;Germanium;#dbdb8d;0.0;CL;d3e547dc-1a29-5ece-8dbb-bd9c0ad3cc46;7440-56-4;kg Cu eq/kg
Raw;in ground;Gold;Gold;#dbdb8d;0.2803246600594216;CL;d080e6a4-42c6-484e-b5d7-d74693aec7d9;7440-57-5;kg Cu eq/kg
Raw;in ground;Graphite;Graphite;#17becf;3.010748384262216;CL;5666353e-2db2-41d3-8414-404709151422;7782-42-5;kg Cu eq/kg
Raw;in ground;Anhydrite;Gypsum;#1f77b4;0.0002756483624871499;CL;6df9ea09-115a-4678-9f30-d92c877a46ec;7778-18-9;kg Cu eq/kg
Raw;in ground;Gypsum;Gypsum;#1f77b4;0.0002756483624871499;CL;11a2a7b1-ab2f-47b8-9e29-6f33d5207fa6;13397-24-5;kg Cu eq/kg
Raw;in ground;Iron;Iron;#ffbb78;0.0009527554515261384;CL;8ce3ff02-7a1e-48e3-881e-3248b944f28a;7439-89-6;kg Cu eq/kg
Raw;in ground;Kaolinite;Kaolin;#2ca02c;0.01700249295091181;CL;81ff5c0b-c44f-534e-a55e-8fc017e33dd2;;kg Cu eq/kg
Raw;in ground;Lead;Lead;#2ca02c;0.6937352567809556;CL;fbcb9c7a-eea7-4694-ba6c-568e01d28883;7439-92-1;kg Cu eq/kg
Raw;in ground;Coal, brown;Lignite;#4D4D4D;0.1589834266195748;CL;024c9722-1e88-412b-8c4b-10c532be8dca;;kg Cu eq/kg
Raw;in ground;Lithium;Lithium;#A9CBA7;0.001439162680553959;CL;7d2c1cdd-a64a-5936-a577-5b82db0c0d1b;7439-93-2;kg Cu eq/kg
Raw;in ground;Magnesite;Magnesite;#c5b0d5;0.3053938281488525;CL;a4bab069-74a9-5b4c-8d6e-5ca984cd9ecd;546-93-0;kg Cu eq/kg
Raw;in ground;Magnesium;Magnesite;#9467bd;0.3053938281488525;CL;9e5823ad-9d9b-4b98-b627-e39611b6a8bd;546-93-0;kg Cu eq/kg
Raw;in ground;Manganese;Manganese;#7f7f7f;0.6543377480039893;CL;c2586875-bb56-4b1e-84c5-5ff255a1108b;7439-96-5;kg Cu eq/kg
Raw;in ground;Mercury;Mercury;#8c564b;15.55887014348638;CL;54b9cbd0-65df-4fd3-8a19-dd3b8eccc619;7439-97-6;kg Cu eq/kg
Raw;in ground;Molybdenum;Molybdenum;#c49c94;2.770725023520464;CL;e5a3dff5-72dc-5287-893c-597dd4a19566;7439-98-7;kg Cu eq/kg
Raw;in ground;Gas, natural;Natural gas;#FFE680;0.06632908858114356;CL;7c337428-fb1b-45c7-bbb2-2ee4d29e17ba;8006-14-2;kg Cu eq/kg
Raw;in ground;Nickel;Nickel;#c49c94;2.432867167678674;CL;974213ef-1ba0-40e5-bc7b-52ef099e9e09;7440-02-0;kg Cu eq/kg
Raw;in ground;Niobium;Niobium;#bcbd22;43.26335189606122;CL;8de8befc-efa2-5d07-a58b-b29ea97a3f41;7440-03-1;kg Cu eq/kg
Raw;in ground;Palladium;Palladium;#f7b6d2;9906.846261171582;CL;edc69c63-a776-4dbf-acbf-e0368914980a;7440-05-3;kg Cu eq/kg
Raw;in ground;Oil, crude;Crude oil;#FFB570;0.07823040904383903;CL;88d06db9-59a1-4719-9174-afeb1fa4026a;;kg Cu eq/kg
Raw;in ground;Phosphorus;Phosphate;#c7c7c7;0.01595855054916443;CL;483ae3c5-4eb0-46e4-b811-a72ad391716b;;kg Cu eq/kg
Raw;in ground;Platinum;Platinum;#bcbd22;32580.38770039528;CL;d13b2665-505d-49e2-8edd-dc966b0342af;7440-06-4;kg Cu eq/kg
Raw;in ground;Cerium;Rare earth;#1f77b4;35.76936238823202;CL;4057f8b4-f20a-59c9-9bb7-fdeaf5ad106d;;kg Cu eq/kg
Raw;in ground;Dysprosium;Rare earth;#98df8a;35.76936238823202;CL;9e28eac3-49f9-5a0d-a8d0-dc4e071ad9e6;7429-91-6;kg Cu eq/kg
Raw;in ground;Erbium;Rare earth;#cccccc;35.76936238823202;CL;110a04f0-af53-5499-b22e-79b1b91e5a66;7440-52-0;kg Cu eq/kg
Raw;in ground;Europium;Rare earth;#d62728;35.76936238823202;CL;3d73ec21-de4d-5b68-b504-4ef59e15bd0e;7440-53-1;kg Cu eq/kg
Raw;in ground;Gadolinium;Rare earth;#9467bd;35.76936238823202;CL;f55e2203-ef91-50bf-8f5a-119bb210522c;7440-54-2;kg Cu eq/kg
Raw;in ground;Holmium;Rare earth;#cccccc;35.76936238823202;CL;f2f53dc8-8e09-511f-8dd2-4bae3625ba27;7440-60-0;kg Cu eq/kg
Raw;in ground;Lanthanum;Rare earth;#7f7f7f;35.76936238823202;CL;176598c1-699c-5dd8-8c33-d269ff7f5edd;;kg Cu eq/kg
Raw;in ground;Lutetium;Rare earth;#cccccc;35.76936238823202;CL;d9a2f8e5-f04a-5ffa-8c75-8133ac7f525c;7439-94-3;kg Cu eq/kg
Raw;in ground;Neodymium;Rare earth;#c7c7c7;35.76936238823202;CL;db0c855c-e9ef-58d9-97cc-960e646fc882;;kg Cu eq/kg
Raw;in ground;Praseodymium;Rare earth;#17becf;35.76936238823202;CL;35da65ff-7287-571d-b859-13d398ac5182;7440-10-0;kg Cu eq/kg
Raw;in ground;Samarium;Rare earth;#aec7e8;35.76936238823202;CL;cf791833-26bc-5207-a9bd-6ddcd8ac7625;7440-19-9;kg Cu eq/kg
Raw;in ground;Scandium;Rare earth;#ffbb78;35.76936238823202;CL;7f9f9b59-35a0-584d-ad5e-07da01dde768;;kg Cu eq/kg
Raw;in ground;Terbium;Rare earth;#e377c2;35.76936238823202;CL;6ec6a8a8-4c94-5bc5-93c5-62928fcf3935;7440-27-9;kg Cu eq/kg
Raw;in ground;Thulium;Rare earth;#cccccc;35.76936238823202;CL;a34e010c-6f68-5c79-8b45-2955b91f7dc2;7440-30-4;kg Cu eq/kg
Raw;in ground;Ytterbium;Rare earth;#cccccc;35.76936238823202;CL;ea659cca-fe3d-5b03-90d2-60719a862874;7440-64-4;kg Cu eq/kg
Raw;in ground;Yttrium;Rare earth;#c7c7c7;35.76936238823202;CL;89b567f2-2cab-503e-b796-42cba72fce16;7440-65-5;kg Cu eq/kg
Raw;in ground;Rhodium;Rhodium;#9edae5;4511.899964822208;CL;4803f22f-6950-489b-914d-fa953a8081f6;7440-16-6;kg Cu eq/kg
Raw;in ground;Selenium;Selenium;#2ca02c;4.81290367985473;CL;5f47f918-1c32-5870-b992-db91f843ff34;7782-49-2;kg Cu eq/kg
Raw;in ground;Silver;Silver;#1f77b4;0.5587107250838892;CL;361a64cb-ab76-4a72-9ea1-c07d6a20c124;7440-22-4;kg Cu eq/kg
Raw;in ground;Coal, hard;Steam Coal;#4D4D4D;0.0952245830787825;CL;b6d0042d-0ef8-49ed-9162-a07ff1ccf750;;kg Cu eq/kg
Raw;in ground;Sulfur;Sulfur;#2ca02c;0.003135522505257149;CL;852281f6-db73-4250-84d3-86b569fce0c1;7704-34-9;kg Cu eq/kg
Raw;in ground;Tantalum;Tantalum;#98df8a;714.4231825498501;CL;775fdf03-b0bb-5c25-b14d-107231d5b2f0;7440-25-7;kg Cu eq/kg
Raw;in ground;Tellurium;Tellurium;#c49c94;305.0864409734376;CL;7b6da1f2-e191-5a77-ae06-af96201f5803;13494-80-9;kg Cu eq/kg
Raw;in ground;Tin;Tin;#d62728;0.0;CL;53d5ef26-66d8-4536-afa2-2f6b114189ba;7440-31-5;kg Cu eq/kg
Raw;in ground;Titanium;Titanium;#ff7f0e;0.8175871622358586;CL;2f033407-6060-4e1e-868c-9f362d10fdb2;7440-32-6;kg Cu eq/kg
Raw;in ground;Tungsten;Tungsten;#ff9896;47.31126767764281;CL;ebcc1f0c-6b19-501d-86a4-629df2a457b5;7440-33-7;kg Cu eq/kg
Raw;in ground;Uranium;Uranium;#9467bd;0.0;CL;2ba5e39b-adb6-4767-a51d-90c1cf32fe98;7440-61-1;kg Cu eq/kg
Raw;in ground;Vanadium;Vanadium;#7f7f7f;16.56093215763368;CL;c9c4b80a-73dd-415a-92fb-f877595651c1;7440-62-2;kg Cu eq/kg
Raw;in ground;Zinc;Zinc;#8c564b;0.0;CL;be73218b-18af-492e-96e6-addd309d1e32;7440-66-6;kg Cu eq/kg
Raw;in ground;Zirconia, as baddeleyite;Zirconium;#cccccc;0.4144514030653235;CL;e07b4402-abe3-4346-8c42-051c5983bd1e;12036-23-6;kg Cu eq/kg
Raw;in ground;Zirconium;Zirconium;#c49c94;0.4144514030653235;CL;cd2932c5-a486-4bf1-99b8-815d8a7ce11a;7440-67-7;kg Cu eq/kg
Raw;in ground;;;;0.02435663059779521;CN;;;kg Cu eq/kg
Raw;in ground;Antimony;Antimony;#e377c2;0.7224165698472998;CN;47262180-8308-5d4c-9332-c77617e032ef;7440-36-0;kg Cu eq/kg
Raw;in ground;Arsenic;Arsenic;#f7b6d2;0.07535318712565134;CN;e16fd15c-0ebc-55ba-8d3b-9704f13663cb;7440-38-2;kg Cu eq/kg
Raw;in ground;;;;0.08165503151025084;CN;;;kg Cu eq/kg
Raw;in ground;Barium;Baryte;#7f7f7f;0.0005360552511472623;CN;240177d8-6f3b-43f5-8d1e-0c18114dfa02;7440-39-3;kg Cu eq/kg
Raw;in ground;Aluminium;Bauxite;#bcbd22;0.00867329378245062;CN;a45cd247-3532-4e27-bddc-b519fdb5e08f;7429-90-5;kg Cu eq/kg
Raw;in ground;Clay, bentonite;Bentonite;#aec7e8;0.002601099462948417;CN;93806a54-46f5-409c-99c5-4144a1e73b5d;1302-78-9;kg Cu eq/kg
Raw;in ground;Beryllium;Beryllium;#ffbb78;5.470628901543;CN;68f7bc03-0665-55a1-bd99-96530eab30e2;7440-41-7;kg Cu eq/kg
Raw;in ground;Bismuth;Bismuth;#cccccc;0.8241822435476479;CN;0124b342-4bdd-5cbf-ba2a-dce8a259755c;7440-69-9;kg Cu eq/kg
Raw;in ground;Borax;Boron;#c7c7c7;0.09762547785057492;CN;eead2933-c2be-4a53-a0bd-bd33b67e4145;1303-96-4;kg Cu eq/kg
Raw;in ground;Boron;Boron;#bcbd22;0.09762547785057492;CN;b053aa52-bfac-5435-a0b1-4ca374b0e991;7440-42-8;kg Cu eq/kg
Raw;in ground;Cadmium;Cadmium;#dbdb8d;0.178566690494407;CN;bf377e4f-3a95-4ce2-a9ba-66ee31f00f60;7440-43-9;kg Cu eq/kg
Raw;in ground;Chromium;Chromite;#f7b6d2;0.159268810190295;CN;e189e2d4-3d3f-4ada-b302-91611784311f;7440-47-3;kg Cu eq/kg
Raw;in ground;Cobalt;Cobalt;#ff9896;17.16424377645724;CN;d0779a5e-6969-4144-954e-ceb81fb83f15;7440-48-4;kg Cu eq/kg
Raw;in ground;;;;0.0148933005551229;CN;;;kg Cu eq/kg
Raw;in ground;Copper;Copper;#9467bd;0.3316443091147069;CN;a9ac40a0-9bea-4c48-afa7-66aa6eb90624;7440-50-8;kg Cu eq/kg
Raw;in ground;Diatomite;Diatomite;#2ca02c;0.008361129390965736;CN;9877ce00-65f8-4c0c-9fcf-92aa53a2c9c0;61790-53-2;kg Cu eq/kg
Raw;in ground;Feldspar;Feldspar;#e377c2;0.002500115449438209;CN;26296ec9-ff93-41e6-bbbf-6175af04284d;68476-25-5;kg Cu eq/kg
Raw;in ground;Fluorspar;Fluorspar;#c7c7c7;0.001676808497680863;CN;0fa4f51e-b0dc-5d11-84d3-b32f0f3c88d5;14542-23-5;kg Cu eq/kg
Raw;in ground;Germanium;Germanium;#dbdb8d;0.0;CN;d3e547dc-1a29-5ece-8dbb-bd9c0ad3cc46;7440-56-4;kg Cu eq/kg
Raw;in ground;Gold;Gold;#dbdb8d;3.53167073785607;CN;d080e6a4-42c6-484e-b5d7-d74693aec7d9;7440-57-5;kg Cu eq/kg
Raw;in ground;Graphite;Graphite;#17becf;0.0646017304664818;CN;5666353e-2db2-41d3-8414-404709151422;7782-42-5;kg Cu eq/kg
Raw;in ground;Anhydrite;Gypsum;#1f77b4;0.0001248921630190633;CN;6df9ea09-115a-4678-9f30-d92c877a46ec;7778-18-9;kg Cu eq/kg
Raw;in ground;Gypsum;Gypsum;#1f77b4;0.0001248921630190633;CN;11a2a7b1-ab2f-47b8-9e29-6f33d5207fa6;13397-24-5;kg Cu eq/kg
Raw;in ground;Iron;Iron;#ffbb78;0.01697457318784239;CN;8ce3ff02-7a1e-48e3-881e-3248b944f28a;7439-89-6;kg Cu eq/kg
Raw;in ground;Kaolinite;Kaolin;#2ca02c;0.002608905305348987;CN;81ff5c0b-c44f-534e-a55e-8fc017e33dd2;;kg Cu eq/kg
Raw;in ground;Lead;Lead;#2ca02c;0.2101432230798395;CN;fbcb9c7a-eea7-4694-ba6c-568e01d28883;7439-92-1;kg Cu eq/kg
Raw;in ground;Coal, brown;Lignite;#4D4D4D;0.01186973606060962;CN;024c9722-1e88-412b-8c4b-10c532be8dca;;kg Cu eq/kg
Raw;in ground;Lithium;Lithium;#A9CBA7;12.0025509675112;CN;7d2c1cdd-a64a-5936-a577-5b82db0c0d1b;7439-93-2;kg Cu eq/kg
Raw;in ground;Magnesite;Magnesite;#c5b0d5;7.215560129402189e-05;CN;a4bab069-74a9-5b4c-8d6e-5ca984cd9ecd;546-93-0;kg Cu eq/kg
Raw;in ground;Magnesium;Magnesite;#9467bd;7.215560129402189e-05;CN;9e5823ad-9d9b-4b98-b627-e39611b6a8bd;546-93-0;kg Cu eq/kg
Raw;in ground;Manganese;Manganese;#7f7f7f;0.04422355880122361;CN;c2586875-bb56-4b1e-84c5-5ff255a1108b;7439-96-5;kg Cu eq/kg
Raw;in ground;Mercury;Mercury;#8c564b;0.06278486377043065;CN;54b9cbd0-65df-4fd3-8a19-dd3b8eccc619;7439-97-6;kg Cu eq/kg
Raw;in ground;Molybdenum;Molybdenum;#c49c94;0.8228283068608603;CN;e5a3dff5-72dc-5287-893c-597dd4a19566;7439-98-7;kg Cu eq/kg
Raw;in ground;Gas, natural;Natural gas;#FFE680;0.1010019792479862;CN;7c337428-fb1b-45c7-bbb2-2ee4d29e17ba;8006-14-2;kg Cu eq/kg
Raw;in ground;Nickel;Nickel;#c49c94;0.03156457019904722;CN;974213ef-1ba0-40e5-bc7b-52ef099e9e09;7440-02-0;kg Cu eq/kg
Raw;in ground;Niobium;Niobium;#bcbd22;28.95651418754138;CN;8de8befc-efa2-5d07-a58b-b29ea97a3f41;7440-03-1;kg Cu eq/kg
Raw;in ground;Palladium;Palladium;#f7b6d2;31723.15067881987;CN;edc69c63-a776-4dbf-acbf-e0368914980a;7440-05-3;kg Cu eq/kg
Raw;in ground;Oil, crude;Crude oil;#FFB570;0.06011832256489713;CN;88d06db9-59a1-4719-9174-afeb1fa4026a;;kg Cu eq/kg
Raw;in ground;Phosphorus;Phosphate;#c7c7c7;2.355293166896712e-06;CN;483ae3c5-4eb0-46e4-b811-a72ad391716b;;kg Cu eq/kg
Raw;in ground;Platinum;Platinum;#bcbd22;195.7865974331485;CN;d13b2665-505d-49e2-8edd-dc966b0342af;7440-06-4;kg Cu eq/kg
Raw;in ground;Cerium;Rare earth;#1f77b4;5.688704005879154;CN;4057f8b4-f20a-59c9-9bb7-fdeaf5ad106d;;kg Cu eq/kg
Raw;in ground;Dysprosium;Rare earth;#98df8a;5.688704005879154;CN;9e28eac3-49f9-5a0d-a8d0-dc4e071ad9e6;7429-91-6;kg Cu eq/kg
Raw;in ground;Erbium;Rare earth;#cccccc;5.688704005879154;CN;110a04f0-af53-5499-b22e-79b1b91e5a66;7440-52-0;kg Cu eq/kg
Raw;in ground;Europium;Rare earth;#d62728;5.688704005879154;CN;3d73ec21-de4d-5b68-b504-4ef59e15bd0e;7440-53-1;kg Cu eq/kg
Raw;in ground;Gadolinium;Rare earth;#9467bd;5.688704005879154;CN;f55e2203-ef91-50bf-8f5a-119bb210522c;7440-54-2;kg Cu eq/kg
Raw;in ground;Holmium;Rare earth;#cccccc;5.688704005879154;CN;f2f53dc8-8e09-511f-8dd2-4bae3625ba27;7440-60-0;kg Cu eq/kg
Raw;in ground;Lanthanum;Rare earth;#7f7f7f;5.688704005879154;CN;176598c1-699c-5dd8-8c33-d269ff7f5edd;;kg Cu eq/kg
Raw;in ground;Lutetium;Rare earth;#cccccc;5.688704005879154;CN;d9a2f8e5-f04a-5ffa-8c75-8133ac7f525c;7439-94-3;kg Cu eq/kg
Raw;in ground;Neodymium;Rare earth;#c7c7c7;5.688704005879154;CN;db0c855c-e9ef-58d9-97cc-960e646fc882;;kg Cu eq/kg
Raw;in ground;Praseodymium;Rare earth;#17becf;5.688704005879154;CN;35da65ff-7287-571d-b859-13d398ac5182;7440-10-0;kg Cu eq/kg
Raw;in ground;Samarium;Rare earth;#aec7e8;5.688704005879154;CN;cf791833-26bc-5207-a9bd-6ddcd8ac7625;7440-19-9;kg Cu eq/kg
Raw;in ground;Scandium;Rare earth;#ffbb78;5.688704005879154;CN;7f9f9b59-35a0-584d-ad5e-07da01dde768;;kg Cu eq/kg
Raw;in ground;Terbium;Rare earth;#e377c2;5.688704005879154;CN;6ec6a8a8-4c94-5bc5-93c5-62928fcf3935;7440-27-9;kg Cu eq/kg
Raw;in ground;Thulium;Rare earth;#cccccc;5.688704005879154;CN;a34e010c-6f68-5c79-8b45-2955b91f7dc2;7440-30-4;kg Cu eq/kg
Raw;in ground;Ytterbium;Rare earth;#cccccc;5.688704005879154;CN;ea659cca-fe3d-5b03-90d2-60719a862874;7440-64-4;kg Cu eq/kg
Raw;in ground;Yttrium;Rare earth;#c7c7c7;5.688704005879154;CN;89b567f2-2cab-503e-b796-42cba72fce16;7440-65-5;kg Cu eq/kg
Raw;in ground;Rhodium;Rhodium;#9edae5;358153.3175070907;CN;4803f22f-6950-489b-914d-fa953a8081f6;7440-16-6;kg Cu eq/kg
Raw;in ground;Selenium;Selenium;#2ca02c;1.96534659019779;CN;5f47f918-1c32-5870-b992-db91f843ff34;7782-49-2;kg Cu eq/kg
Raw;in ground;Silver;Silver;#1f77b4;0.3457651924900292;CN;361a64cb-ab76-4a72-9ea1-c07d6a20c124;7440-22-4;kg Cu eq/kg
Raw;in ground;Coal, hard;Steam Coal;#4D4D4D;0.003666493929451895;CN;b6d0042d-0ef8-49ed-9162-a07ff1ccf750;;kg Cu eq/kg
Raw;in ground;Sulfur;Sulfur;#2ca02c;0.009276296186308444;CN;852281f6-db73-4250-84d3-86b569fce0c1;7704-34-9;kg Cu eq/kg
Raw;in ground;Tantalum;Tantalum;#98df8a;13.84082157650515;CN;775fdf03-b0bb-5c25-b14d-107231d5b2f0;7440-25-7;kg Cu eq/kg
Raw;in ground;Tellurium;Tellurium;#c49c94;12.0620359471505;CN;7b6da1f2-e191-5a77-ae06-af96201f5803;13494-80-9;kg Cu eq/kg
Raw;in ground;Tin;Tin;#d62728;0.7360496127889185;CN;53d5ef26-66d8-4536-afa2-2f6b114189ba;7440-31-5;kg Cu eq/kg
Raw;in ground;Titanium;Titanium;#ff7f0e;0.03495718031214001;CN;2f033407-6060-4e1e-868c-9f362d10fdb2;7440-32-6;kg Cu eq/kg
Raw;in ground;Tungsten;Tungsten;#ff9896;0.808946777575344;CN;ebcc1f0c-6b19-501d-86a4-629df2a457b5;7440-33-7;kg Cu eq/kg
Raw;in ground;Uranium;Uranium;#9467bd;0.00937327716943712;CN;2ba5e39b-adb6-4767-a51d-90c1cf32fe98;7440-61-1;kg Cu eq/kg
Raw;in ground;Vanadium;Vanadium;#7f7f7f;0.3412468019682721;CN;c9c4b80a-73dd-415a-92fb-f877595651c1;7440-62-2;kg Cu eq/kg
Raw;in ground;Zinc;Zinc;#8c564b;0.09586246099899733;CN;be73218b-18af-492e-96e6-addd309d1e32;7440-66-6;kg Cu eq/kg
Raw;in ground;Zirconia, as baddeleyite;Zirconium;#cccccc;0.3234826700417259;CN;e07b4402-abe3-4346-8c42-051c5983bd1e;12036-23-6;kg Cu eq/kg
Raw;in ground;Zirconium;Zirconium;#c49c94;0.3234826700417259;CN;cd2932c5-a486-4bf1-99b8-815d8a7ce11a;7440-67-7;kg Cu eq/kg
Raw;in ground;;;;0.2893939221893987;CD;;;kg Cu eq/kg
Raw;in ground;Antimony;Antimony;#e377c2;33.09368221634075;CD;47262180-8308-5d4c-9332-c77617e032ef;7440-36-0;kg Cu eq/kg
Raw;in ground;Arsenic;Arsenic;#f7b6d2;81.46227494403396;CD;e16fd15c-0ebc-55ba-8d3b-9704f13663cb;7440-38-2;kg Cu eq/kg
Raw;in ground;;;;0.4804045424265468;CD;;;kg Cu eq/kg
Raw;in ground;Barium;Baryte;#7f7f7f;0.06859009351160583;CD;240177d8-6f3b-43f5-8d1e-0c18114dfa02;7440-39-3;kg Cu eq/kg
Raw;in ground;Aluminium;Bauxite;#bcbd22;0.0;CD;a45cd247-3532-4e27-bddc-b519fdb5e08f;7429-90-5;kg Cu eq/kg
Raw;in ground;Clay, bentonite;Bentonite;#aec7e8;0.09889243597820296;CD;93806a54-46f5-409c-99c5-4144a1e73b5d;1302-78-9;kg Cu eq/kg
Raw;in ground;Beryllium;Beryllium;#ffbb78;0.0;CD;68f7bc03-0665-55a1-bd99-96530eab30e2;7440-41-7;kg Cu eq/kg
Raw;in ground;Bismuth;Bismuth;#cccccc;0.0;CD;0124b342-4bdd-5cbf-ba2a-dce8a259755c;7440-69-9;kg Cu eq/kg
Raw;in ground;Borax;Boron;#c7c7c7;0.2861849002910341;CD;eead2933-c2be-4a53-a0bd-bd33b67e4145;1303-96-4;kg Cu eq/kg
Raw;in ground;Boron;Boron;#bcbd22;0.2861849002910341;CD;b053aa52-bfac-5435-a0b1-4ca374b0e991;7440-42-8;kg Cu eq/kg
Raw;in ground;Cadmium;Cadmium;#dbdb8d;0.0;CD;bf377e4f-3a95-4ce2-a9ba-66ee31f00f60;7440-43-9;kg Cu eq/kg
Raw;in ground;Chromium;Chromite;#f7b6d2;0.1771027667182672;CD;e189e2d4-3d3f-4ada-b302-91611784311f;7440-47-3;kg Cu eq/kg
Raw;in ground;Cobalt;Cobalt;#ff9896;7.596534111975975e-05;CD;d0779a5e-6969-4144-954e-ceb81fb83f15;7440-48-4;kg Cu eq/kg
Raw;in ground;;;;0.03136181883183516;CD;;;kg Cu eq/kg
Raw;in ground;Copper;Copper;#9467bd;1.654815407873433e-07;CD;a9ac40a0-9bea-4c48-afa7-66aa6eb90624;7440-50-8;kg Cu eq/kg
Raw;in ground;Diatomite;Diatomite;#2ca02c;0.1289226814848615;CD;9877ce00-65f8-4c0c-9fcf-92aa53a2c9c0;61790-53-2;kg Cu eq/kg
Raw;in ground;Feldspar;Feldspar;#e377c2;0.1056523393142263;CD;26296ec9-ff93-41e6-bbbf-6175af04284d;68476-25-5;kg Cu eq/kg
Raw;in ground;Fluorspar;Fluorspar;#c7c7c7;0.0;CD;0fa4f51e-b0dc-5d11-84d3-b32f0f3c88d5;14542-23-5;kg Cu eq/kg
Raw;in ground;Germanium;Germanium;#dbdb8d;0.0;CD;d3e547dc-1a29-5ece-8dbb-bd9c0ad3cc46;7440-56-4;kg Cu eq/kg
Raw;in ground;Gold;Gold;#dbdb8d;1.732790895632768;CD;d080e6a4-42c6-484e-b5d7-d74693aec7d9;7440-57-5;kg Cu eq/kg
Raw;in ground;Graphite;Graphite;#17becf;0.3323115800683161;CD;5666353e-2db2-41d3-8414-404709151422;7782-42-5;kg Cu eq/kg
Raw;in ground;Anhydrite;Gypsum;#1f77b4;0.01170778112403877;CD;6df9ea09-115a-4678-9f30-d92c877a46ec;7778-18-9;kg Cu eq/kg
Raw;in ground;Gypsum;Gypsum;#1f77b4;0.01170778112403877;CD;11a2a7b1-ab2f-47b8-9e29-6f33d5207fa6;13397-24-5;kg Cu eq/kg
Raw;in ground;Iron;Iron;#ffbb78;0.3519053181176268;CD;8ce3ff02-7a1e-48e3-881e-3248b944f28a;7439-89-6;kg Cu eq/kg
Raw;in ground;Kaolinite;Kaolin;#2ca02c;0.07587296864410135;CD;81ff5c0b-c44f-534e-a55e-8fc017e33dd2;;kg Cu eq/kg
Raw;in ground;Lead;Lead;#2ca02c;0.0;CD;fbcb9c7a-eea7-4694-ba6c-568e01d28883;7439-92-1;kg Cu eq/kg
Raw;in ground;Coal, brown;Lignite;#4D4D4D;0.1443488904650991;CD;024c9722-1e88-412b-8c4b-10c532be8dca;;kg Cu eq/kg
Raw;in ground;Lithium;Lithium;#A9CBA7;3.628346674926659;CD;7d2c1cdd-a64a-5936-a577-5b82db0c0d1b;7439-93-2;kg Cu eq/kg
Raw;in ground;Magnesite;Magnesite;#c5b0d5;0.4265119843614411;CD;a4bab069-74a9-5b4c-8d6e-5ca984cd9ecd;546-93-0;kg Cu eq/kg
Raw;in ground;Magnesium;Magnesite;#9467bd;0.4265119843614411;CD;9e5823ad-9d9b-4b98-b627-e39611b6a8bd;546-93-0;kg Cu eq/kg
Raw;in ground;Manganese;Manganese;#7f7f7f;5.477743560677518e-05;CD;c2586875-bb56-4b1e-84c5-5ff255a1108b;7439-96-5;kg Cu eq/kg
Raw;in ground;Mercury;Mercury;#8c564b;0.5747978649975353;CD;54b9cbd0-65df-4fd3-8a19-dd3b8eccc619;7439-97-6;kg Cu eq/kg
Raw;in ground;Molybdenum;Molybdenum;#c49c94;0.0;CD;e5a3dff5-72dc-5287-893c-597dd4a19566;7439-98-7;kg Cu eq/kg
Raw;in ground;Gas, natural;Natural gas;#FFE680;0.117626295414036;CD;7c337428-fb1b-45c7-bbb2-2ee4d29e17ba;8006-14-2;kg Cu eq/kg
Raw;in ground;Nickel;Nickel;#c49c94;0.03614150927653887;CD;974213ef-1ba0-40e5-bc7b-52ef099e9e09;7440-02-0;kg Cu eq/kg
Raw;in ground;Niobium;Niobium;#bcbd22;0.0;CD;8de8befc-efa2-5d07-a58b-b29ea97a3f41;7440-03-1;kg Cu eq/kg
Raw;in ground;Palladium;Palladium;#f7b6d2;0.0;CD;edc69c63-a776-4dbf-acbf-e0368914980a;7440-05-3;kg Cu eq/kg
Raw;in ground;Oil, crude;Crude oil;#FFB570;2.331648192333363e-05;CD;88d06db9-59a1-4719-9174-afeb1fa4026a;;kg Cu eq/kg
Raw;in ground;Phosphorus;Phosphate;#c7c7c7;0.2285562348391915;CD;483ae3c5-4eb0-46e4-b811-a72ad391716b;;kg Cu eq/kg
Raw;in ground;Platinum;Platinum;#bcbd22;0.0;CD;d13b2665-505d-49e2-8edd-dc966b0342af;7440-06-4;kg Cu eq/kg
Raw;in ground;Cerium;Rare earth;#1f77b4;1.491331469344561;CD;4057f8b4-f20a-59c9-9bb7-fdeaf5ad106d;;kg Cu eq/kg
Raw;in ground;Dysprosium;Rare earth;#98df8a;1.491331469344561;CD;9e28eac3-49f9-5a0d-a8d0-dc4e071ad9e6;7429-91-6;kg Cu eq/kg
Raw;in ground;Erbium;Rare earth;#cccccc;1.491331469344561;CD;110a04f0-af53-5499-b22e-79b1b91e5a66;7440-52-0;kg Cu eq/kg
Raw;in ground;Europium;Rare earth;#d62728;1.491331469344561;CD;3d73ec21-de4d-5b68-b504-4ef59e15bd0e;7440-53-1;kg Cu eq/kg
Raw;in ground;Gadolinium;Rare earth;#9467bd;1.491331469344561;CD;f55e2203-ef91-50bf-8f5a-119bb210522c;7440-54-2;kg Cu eq/kg
Raw;in ground;Holmium;Rare earth;#cccccc;1.491331469344561;CD;f2f53dc8-8e09-511f-8dd2-4bae3625ba27;7440-60-0;kg Cu eq/kg
Raw;in ground;Lanthanum;Rare earth;#7f7f7f;1.491331469344561;CD;176598c1-699c-5dd8-8c33-d269ff7f5edd;;kg Cu eq/kg
Raw;in ground;Lutetium;Rare earth;#cccccc;1.491331469344561;CD;d9a2f8e5-f04a-5ffa-8c75-8133ac7f525c;7439-94-3;kg Cu eq/kg
Raw;in ground;Neodymium;Rare earth;#c7c7c7;1.491331469344561;CD;db0c855c-e9ef-58d9-97cc-960e646fc882;;kg Cu eq/kg
Raw;in ground;Praseodymium;Rare earth;#17becf;1.491331469344561;CD;35da65ff-7287-571d-b859-13d398ac5182;7440-10-0;kg Cu eq/kg
Raw;in ground;Samarium;Rare earth;#aec7e8;1.491331469344561;CD;cf791833-26bc-5207-a9bd-6ddcd8ac7625;7440-19-9;kg Cu eq/kg
Raw;in ground;Scandium;Rare earth;#ffbb78;1.491331469344561;CD;7f9f9b59-35a0-584d-ad5e-07da01dde768;;kg Cu eq/kg
Raw;in ground;Terbium;Rare earth;#e377c2;1.491331469344561;CD;6ec6a8a8-4c94-5bc5-93c5-62928fcf3935;7440-27-9;kg Cu eq/kg
Raw;in ground;Thulium;Rare earth;#cccccc;1.491331469344561;CD;a34e010c-6f68-5c79-8b45-2955b91f7dc2;7440-30-4;kg Cu eq/kg
Raw;in ground;Ytterbium;Rare earth;#cccccc;1.491331469344561;CD;ea659cca-fe3d-5b03-90d2-60719a862874;7440-64-4;kg Cu eq/kg
Raw;in ground;Yttrium;Rare earth;#c7c7c7;1.491331469344561;CD;89b567f2-2cab-503e-b796-42cba72fce16;7440-65-5;kg Cu eq/kg
Raw;in ground;Rhodium;Rhodium;#9edae5;0.0;CD;4803f22f-6950-489b-914d-fa953a8081f6;7440-16-6;kg Cu eq/kg
Raw;in ground;Selenium;Selenium;#2ca02c;59.50943834779471;CD;5f47f918-1c32-5870-b992-db91f843ff34;7782-49-2;kg Cu eq/kg
Raw;in ground;Silver;Silver;#1f77b4;0.0;CD;361a64cb-ab76-4a72-9ea1-c07d6a20c124;7440-22-4;kg Cu eq/kg
Raw;in ground;Coal, hard;Steam Coal;#4D4D4D;0.06733656115703093;CD;b6d0042d-0ef8-49ed-9162-a07ff1ccf750;;kg Cu eq/kg
Raw;in ground;Sulfur;Sulfur;#2ca02c;0.05699300763980024;CD;852281f6-db73-4250-84d3-86b569fce0c1;7704-34-9;kg Cu eq/kg
Raw;in ground;Tantalum;Tantalum;#98df8a;6.163690686335931e-05;CD;775fdf03-b0bb-5c25-b14d-107231d5b2f0;7440-25-7;kg Cu eq/kg
Raw;in ground;Tellurium;Tellurium;#c49c94;1.220115575918562;CD;7b6da1f2-e191-5a77-ae06-af96201f5803;13494-80-9;kg Cu eq/kg
Raw;in ground;Tin;Tin;#d62728;0.001666840722269634;CD;53d5ef26-66d8-4536-afa2-2f6b114189ba;7440-31-5;kg Cu eq/kg
Raw;in ground;Titanium;Titanium;#ff7f0e;0.0;CD;2f033407-6060-4e1e-868c-9f362d10fdb2;7440-32-6;kg Cu eq/kg
Raw;in ground;Tungsten;Tungsten;#ff9896;0.08652306116830313;CD;ebcc1f0c-6b19-501d-86a4-629df2a457b5;7440-33-7;kg Cu eq/kg
Raw;in ground;Uranium;Uranium;#9467bd;13.90465387717597;CD;2ba5e39b-adb6-4767-a51d-90c1cf32fe98;7440-61-1;kg Cu eq/kg
Raw;in ground;Vanadium;Vanadium;#7f7f7f;9.467235142605468;CD;c9c4b80a-73dd-415a-92fb-f877595651c1;7440-62-2;kg Cu eq/kg
Raw;in ground;Zinc;Zinc;#8c564b;2.463270191383336e-06;CD;be73218b-18af-492e-96e6-addd309d1e32;7440-66-6;kg Cu eq/kg
Raw;in ground;Zirconia, as baddeleyite;Zirconium;#cccccc;0.0;CD;e07b4402-abe3-4346-8c42-051c5983bd1e;12036-23-6;kg Cu eq/kg
Raw;in ground;Zirconium;Zirconium;#c49c94;0.0;CD;cd2932c5-a486-4bf1-99b8-815d8a7ce11a;7440-67-7;kg Cu eq/kg
Raw;in ground;;;;0.3808444074971416;FR;;;kg Cu eq/kg
Raw;in ground;Antimony;Antimony;#e377c2;3.592927423497458;FR;47262180-8308-5d4c-9332-c77617e032ef;7440-36-0;kg Cu eq/kg
Raw;in ground;Arsenic;Arsenic;#f7b6d2;19.49788873516253;FR;e16fd15c-0ebc-55ba-8d3b-9704f13663cb;7440-38-2;kg Cu eq/kg
Raw;in ground;;;;8.331824982331149;FR;;;kg Cu eq/kg
Raw;in ground;Barium;Baryte;#7f7f7f;0.06548459585672466;FR;240177d8-6f3b-43f5-8d1e-0c18114dfa02;7440-39-3;kg Cu eq/kg
Raw;in ground;Aluminium;Bauxite;#bcbd22;0.03887842426370128;FR;a45cd247-3532-4e27-bddc-b519fdb5e08f;7429-90-5;kg Cu eq/kg
Raw;in ground;Clay, bentonite;Bentonite;#aec7e8;0.04162969391242571;FR;93806a54-46f5-409c-99c5-4144a1e73b5d;1302-78-9;kg Cu eq/kg
Raw;in ground;Beryllium;Beryllium;#ffbb78;33.77771704442262;FR;68f7bc03-0665-55a1-bd99-96530eab30e2;7440-41-7;kg Cu eq/kg
Raw;in ground;Bismuth;Bismuth;#cccccc;8.452588463920625;FR;0124b342-4bdd-5cbf-ba2a-dce8a259755c;7440-69-9;kg Cu eq/kg
Raw;in ground;Borax;Boron;#c7c7c7;0.1505817652970141;FR;eead2933-c2be-4a53-a0bd-bd33b67e4145;1303-96-4;kg Cu eq/kg
Raw;in ground;Boron;Boron;#bcbd22;0.1505817652970141;FR;b053aa52-bfac-5435-a0b1-4ca374b0e991;7440-42-8;kg Cu eq/kg
Raw;in ground;Cadmium;Cadmium;#dbdb8d;1.587562257726069;FR;bf377e4f-3a95-4ce2-a9ba-66ee31f00f60;7440-43-9;kg Cu eq/kg
Raw;in ground;Chromium;Chromite;#f7b6d2;0.1237043631045652;FR;e189e2d4-3d3f-4ada-b302-91611784311f;7440-47-3;kg Cu eq/kg
Raw;in ground;Cobalt;Cobalt;#ff9896;22.23726095432025;FR;d0779a5e-6969-4144-954e-ceb81fb83f15;7440-48-4;kg Cu eq/kg
Raw;in ground;;;;0.1292847407444941;FR;;;kg Cu eq/kg
Raw;in ground;Copper;Copper;#9467bd;0.1485806390932545;FR;a9ac40a0-9bea-4c48-afa7-66aa6eb90624;7440-50-8;kg Cu eq/kg
Raw;in ground;Diatomite;Diatomite;#2ca02c;0.01412670268100808;FR;9877ce00-65f8-4c0c-9fcf-92aa53a2c9c0;61790-53-2;kg Cu eq/kg
Raw;in ground;Feldspar;Feldspar;#e377c2;0.003200116320894813;FR;26296ec9-ff93-41e6-bbbf-6175af04284d;68476-25-5;kg Cu eq/kg
Raw;in ground;Fluorspar;Fluorspar;#c7c7c7;0.1924027785194038;FR;0fa4f51e-b0dc-5d11-84d3-b32f0f3c88d5;14542-23-5;kg Cu eq/kg
Raw;in ground;Germanium;Germanium;#dbdb8d;0.0;FR;d3e547dc-1a29-5ece-8dbb-bd9c0ad3cc46;7440-56-4;kg Cu eq/kg
Raw;in ground;Gold;Gold;#dbdb8d;1102.077058816633;FR;d080e6a4-42c6-484e-b5d7-d74693aec7d9;7440-57-5;kg Cu eq/kg
Raw;in ground;Graphite;Graphite;#17becf;0.4578595504480897;FR;5666353e-2db2-41d3-8414-404709151422;7782-42-5;kg Cu eq/kg
Raw;in ground;Anhydrite;Gypsum;#1f77b4;0.0004772799420026663;FR;6df9ea09-115a-4678-9f30-d92c877a46ec;7778-18-9;kg Cu eq/kg
Raw;in ground;Gypsum;Gypsum;#1f77b4;0.0004772799420026663;FR;11a2a7b1-ab2f-47b8-9e29-6f33d5207fa6;13397-24-5;kg Cu eq/kg
Raw;in ground;Iron;Iron;#ffbb78;0.02851449345600618;FR;8ce3ff02-7a1e-48e3-881e-3248b944f28a;7439-89-6;kg Cu eq/kg
Raw;in ground;Kaolinite;Kaolin;#2ca02c;0.01100299670811673;FR;81ff5c0b-c44f-534e-a55e-8fc017e33dd2;;kg Cu eq/kg
Raw;in ground;Lead;Lead;#2ca02c;1.025418519240229;FR;fbcb9c7a-eea7-4694-ba6c-568e01d28883;7439-92-1;kg Cu eq/kg
Raw;in ground;Coal, brown;Lignite;#4D4D4D;0.006288429632806044;FR;024c9722-1e88-412b-8c4b-10c532be8dca;;kg Cu eq/kg
Raw;in ground;Lithium;Lithium;#A9CBA7;6.820849511354108;FR;7d2c1cdd-a64a-5936-a577-5b82db0c0d1b;7439-93-2;kg Cu eq/kg
Raw;in ground;Magnesite;Magnesite;#c5b0d5;0.07757217758974683;FR;a4bab069-74a9-5b4c-8d6e-5ca984cd9ecd;546-93-0;kg Cu eq/kg
Raw;in ground;Magnesium;Magnesite;#9467bd;0.07757217758974683;FR;9e5823ad-9d9b-4b98-b627-e39611b6a8bd;546-93-0;kg Cu eq/kg
Raw;in ground;Manganese;Manganese;#7f7f7f;0.06612038530503081;FR;c2586875-bb56-4b1e-84c5-5ff255a1108b;7439-96-5;kg Cu eq/kg
Raw;in ground;Mercury;Mercury;#8c564b;39.30632747071736;FR;54b9cbd0-65df-4fd3-8a19-dd3b8eccc619;7439-97-6;kg Cu eq/kg
Raw;in ground;Molybdenum;Molybdenum;#c49c94;7.092435859022785;FR;e5a3dff5-72dc-5287-893c-597dd4a19566;7439-98-7;kg Cu eq/kg
Raw;in ground;Gas, natural;Natural gas;#FFE680;0.1026348623907588;FR;7c337428-fb1b-45c7-bbb2-2ee4d29e17ba;8006-14-2;kg Cu eq/kg
Raw;in ground;Nickel;Nickel;#c49c94;3.224322180260516;FR;974213ef-1ba0-40e5-bc7b-52ef099e9e09;7440-02-0;kg Cu eq/kg
Raw;in ground;Niobium;Niobium;#bcbd22;19.07477839513316;FR;8de8befc-efa2-5d07-a58b-b29ea97a3f41;7440-03-1;kg Cu eq/kg
Raw;in ground;Palladium;Palladium;#f7b6d2;9672.07974103762;FR;edc69c63-a776-4dbf-acbf-e0368914980a;7440-05-3;kg Cu eq/kg
Raw;in ground;Oil, crude;Crude oil;#FFB570;0.1023878702719896;FR;88d06db9-59a1-4719-9174-afeb1fa4026a;;kg Cu eq/kg
Raw;in ground;Phosphorus;Phosphate;#c7c7c7;0.06889293438066835;FR;483ae3c5-4eb0-46e4-b811-a72ad391716b;;kg Cu eq/kg
Raw;in ground;Platinum;Platinum;#bcbd22;11.45473703043353;FR;d13b2665-505d-49e2-8edd-dc966b0342af;7440-06-4;kg Cu eq/kg
Raw;in ground;Cerium;Rare earth;#1f77b4;3.746367088749988;FR;4057f8b4-f20a-59c9-9bb7-fdeaf5ad106d;;kg Cu eq/kg
Raw;in ground;Dysprosium;Rare earth;#98df8a;3.746367088749988;FR;9e28eac3-49f9-5a0d-a8d0-dc4e071ad9e6;7429-91-6;kg Cu eq/kg
Raw;in ground;Erbium;Rare earth;#cccccc;3.746367088749988;FR;110a04f0-af53-5499-b22e-79b1b91e5a66;7440-52-0;kg Cu eq/kg
Raw;in ground;Europium;Rare earth;#d62728;3.746367088749988;FR;3d73ec21-de4d-5b68-b504-4ef59e15bd0e;7440-53-1;kg Cu eq/kg
Raw;in ground;Gadolinium;Rare earth;#9467bd;3.746367088749988;FR;f55e2203-ef91-50bf-8f5a-119bb210522c;7440-54-2;kg Cu eq/kg
Raw;in ground;Holmium;Rare earth;#cccccc;3.746367088749988;FR;f2f53dc8-8e09-511f-8dd2-4bae3625ba27;7440-60-0;kg Cu eq/kg
Raw;in ground;Lanthanum;Rare earth;#7f7f7f;3.746367088749988;FR;176598c1-699c-5dd8-8c33-d269ff7f5edd;;kg Cu eq/kg
Raw;in ground;Lutetium;Rare earth;#cccccc;3.746367088749988;FR;d9a2f8e5-f04a-5ffa-8c75-8133ac7f525c;7439-94-3;kg Cu eq/kg
Raw;in ground;Neodymium;Rare earth;#c7c7c7;3.746367088749988;FR;db0c855c-e9ef-58d9-97cc-960e646fc882;;kg Cu eq/kg
Raw;in ground;Praseodymium;Rare earth;#17becf;3.746367088749988;FR;35da65ff-7287-571d-b859-13d398ac5182;7440-10-0;kg Cu eq/kg
Raw;in ground;Samarium;Rare earth;#aec7e8;3.746367088749988;FR;cf791833-26bc-5207-a9bd-6ddcd8ac7625;7440-19-9;kg Cu eq/kg
Raw;in ground;Scandium;Rare earth;#ffbb78;3.746367088749988;FR;7f9f9b59-35a0-584d-ad5e-07da01dde768;;kg Cu eq/kg
Raw;in ground;Terbium;Rare earth;#e377c2;3.746367088749988;FR;6ec6a8a8-4c94-5bc5-93c5-62928fcf3935;7440-27-9;kg Cu eq/kg
Raw;in ground;Thulium;Rare earth;#cccccc;3.746367088749988;FR;a34e010c-6f68-5c79-8b45-2955b91f7dc2;7440-30-4;kg Cu eq/kg
Raw;in ground;Ytterbium;Rare earth;#cccccc;3.746367088749988;FR;ea659cca-fe3d-5b03-90d2-60719a862874;7440-64-4;kg Cu eq/kg
Raw;in ground;Yttrium;Rare earth;#c7c7c7;3.746367088749988;FR;89b567f2-2cab-503e-b796-42cba72fce16;7440-65-5;kg Cu eq/kg
Raw;in ground;Rhodium;Rhodium;#9edae5;11488.41203030558;FR;4803f22f-6950-489b-914d-fa953a8081f6;7440-16-6;kg Cu eq/kg
Raw;in ground;Selenium;Selenium;#2ca02c;2.451737843728563;FR;5f47f918-1c32-5870-b992-db91f843ff34;7782-49-2;kg Cu eq/kg
Raw;in ground;Silver;Silver;#1f77b4;1.18083857670791;FR;361a64cb-ab76-4a72-9ea1-c07d6a20c124;7440-22-4;kg Cu eq/kg
Raw;in ground;Coal, hard;Steam Coal;#4D4D4D;0.1290576260293767;FR;b6d0042d-0ef8-49ed-9162-a07ff1ccf750;;kg Cu eq/kg
Raw;in ground;Sulfur;Sulfur;#2ca02c;0.008585853597449766;FR;852281f6-db73-4250-84d3-86b569fce0c1;7704-34-9;kg Cu eq/kg
Raw;in ground;Tantalum;Tantalum;#98df8a;82.89129856349568;FR;775fdf03-b0bb-5c25-b14d-107231d5b2f0;7440-25-7;kg Cu eq/kg
Raw;in ground;Tellurium;Tellurium;#c49c94;48.91191148639233;FR;7b6da1f2-e191-5a77-ae06-af96201f5803;13494-80-9;kg Cu eq/kg
Raw;in ground;Tin;Tin;#d62728;3.555356720862952;FR;53d5ef26-66d8-4536-afa2-2f6b114189ba;7440-31-5;kg Cu eq/kg
Raw;in ground;Titanium;Titanium;#ff7f0e;0.1173964336015081;FR;2f033407-6060-4e1e-868c-9f362d10fdb2;7440-32-6;kg Cu eq/kg
Raw;in ground;Tungsten;Tungsten;#ff9896;26.15770850061273;FR;ebcc1f0c-6b19-501d-86a4-629df2a457b5;7440-33-7;kg Cu eq/kg
Raw;in ground;Uranium;Uranium;#9467bd;33.34406279466253;FR;2ba5e39b-adb6-4767-a51d-90c1cf32fe98;7440-61-1;kg Cu eq/kg
Raw;in ground;Vanadium;Vanadium;#7f7f7f;12.34547617771459;FR;c9c4b80a-73dd-415a-92fb-f877595651c1;7440-62-2;kg Cu eq/kg
Raw;in ground;Zinc;Zinc;#8c564b;0.1630490326905788;FR;be73218b-18af-492e-96e6-addd309d1e32;7440-66-6;kg Cu eq/kg
Raw;in ground;Zirconia, as baddeleyite;Zirconium;#cccccc;0.7065911579786284;FR;e07b4402-abe3-4346-8c42-051c5983bd1e;12036-23-6;kg Cu eq/kg
Raw;in ground;Zirconium;Zirconium;#c49c94;0.7065911579786284;FR;cd2932c5-a486-4bf1-99b8-815d8a7ce11a;7440-67-7;kg Cu eq/kg
Raw;in ground;;;;0.8944182802378189;DE;;;kg Cu eq/kg
Raw;in ground;Antimony;Antimony;#e377c2;1.398151420857951;DE;47262180-8308-5d4c-9332-c77617e032ef;7440-36-0;kg Cu eq/kg
Raw;in ground;Arsenic;Arsenic;#f7b6d2;33.71723517911997;DE;e16fd15c-0ebc-55ba-8d3b-9704f13663cb;7440-38-2;kg Cu eq/kg
Raw;in ground;;;;0.1318856169571548;DE;;;kg Cu eq/kg
Raw;in ground;Barium;Baryte;#7f7f7f;0.04778471039415692;DE;240177d8-6f3b-43f5-8d1e-0c18114dfa02;7440-39-3;kg Cu eq/kg
Raw;in ground;Aluminium;Bauxite;#bcbd22;0.02083647841616135;DE;a45cd247-3532-4e27-bddc-b519fdb5e08f;7429-90-5;kg Cu eq/kg
Raw;in ground;Clay, bentonite;Bentonite;#aec7e8;0.01954662934714;DE;93806a54-46f5-409c-99c5-4144a1e73b5d;1302-78-9;kg Cu eq/kg
Raw;in ground;Beryllium;Beryllium;#ffbb78;99.8836581397377;DE;68f7bc03-0665-55a1-bd99-96530eab30e2;7440-41-7;kg Cu eq/kg
Raw;in ground;Bismuth;Bismuth;#cccccc;8.711967159681091;DE;0124b342-4bdd-5cbf-ba2a-dce8a259755c;7440-69-9;kg Cu eq/kg
Raw;in ground;Borax;Boron;#c7c7c7;0.1330472633770287;DE;eead2933-c2be-4a53-a0bd-bd33b67e4145;1303-96-4;kg Cu eq/kg
Raw;in ground;Boron;Boron;#bcbd22;0.1330472633770287;DE;b053aa52-bfac-5435-a0b1-4ca374b0e991;7440-42-8;kg Cu eq/kg
Raw;in ground;Cadmium;Cadmium;#dbdb8d;0.07547506182057394;DE;bf377e4f-3a95-4ce2-a9ba-66ee31f00f60;7440-43-9;kg Cu eq/kg
Raw;in ground;Chromium;Chromite;#f7b6d2;0.1910786813271651;DE;e189e2d4-3d3f-4ada-b302-91611784311f;7440-47-3;kg Cu eq/kg
Raw;in ground;Cobalt;Cobalt;#ff9896;23.00121682192672;DE;d0779a5e-6969-4144-954e-ceb81fb83f15;7440-48-4;kg Cu eq/kg
Raw;in ground;;;;0.08604713674208488;DE;;;kg Cu eq/kg
Raw;in ground;Copper;Copper;#9467bd;0.4187114283285657;DE;a9ac40a0-9bea-4c48-afa7-66aa6eb90624;7440-50-8;kg Cu eq/kg
Raw;in ground;Diatomite;Diatomite;#2ca02c;0.03634032074661231;DE;9877ce00-65f8-4c0c-9fcf-92aa53a2c9c0;61790-53-2;kg Cu eq/kg
Raw;in ground;Feldspar;Feldspar;#e377c2;0.00849096402429159;DE;26296ec9-ff93-41e6-bbbf-6175af04284d;68476-25-5;kg Cu eq/kg
Raw;in ground;Fluorspar;Fluorspar;#c7c7c7;0.1403759984394984;DE;0fa4f51e-b0dc-5d11-84d3-b32f0f3c88d5;14542-23-5;kg Cu eq/kg
Raw;in ground;Germanium;Germanium;#dbdb8d;0.0;DE;d3e547dc-1a29-5ece-8dbb-bd9c0ad3cc46;7440-56-4;kg Cu eq/kg
Raw;in ground;Gold;Gold;#dbdb8d;4.56139140035255;DE;d080e6a4-42c6-484e-b5d7-d74693aec7d9;7440-57-5;kg Cu eq/kg
Raw;in ground;Graphite;Graphite;#17becf;0.8105421121735998;DE;5666353e-2db2-41d3-8414-404709151422;7782-42-5;kg Cu eq/kg
Raw;in ground;Anhydrite;Gypsum;#1f77b4;3.807543569450084e-05;DE;6df9ea09-115a-4678-9f30-d92c877a46ec;7778-18-9;kg Cu eq/kg
Raw;in ground;Gypsum;Gypsum;#1f77b4;3.807543569450084e-05;DE;11a2a7b1-ab2f-47b8-9e29-6f33d5207fa6;13397-24-5;kg Cu eq/kg
Raw;in ground;Iron;Iron;#ffbb78;0.03496728149768565;DE;8ce3ff02-7a1e-48e3-881e-3248b944f28a;7439-89-6;kg Cu eq/kg
Raw;in ground;Kaolinite;Kaolin;#2ca02c;0.002855455931934248;DE;81ff5c0b-c44f-534e-a55e-8fc017e33dd2;;kg Cu eq/kg
Raw;in ground;Lead;Lead;#2ca02c;0.3612271975893726;DE;fbcb9c7a-eea7-4694-ba6c-568e01d28883;7439-92-1;kg Cu eq/kg
Raw;in ground;Coal, brown;Lignite;#4D4D4D;4.024946648098241e-06;DE;024c9722-1e88-412b-8c4b-10c532be8dca;;kg Cu eq/kg
Raw;in ground;Lithium;Lithium;#A9CBA7;4.24996759767226;DE;7d2c1cdd-a64a-5936-a577-5b82db0c0d1b;7439-93-2;kg Cu eq/kg
Raw;in ground;Magnesite;Magnesite;#c5b0d5;0.3457465926171585;DE;a4bab069-74a9-5b4c-8d6e-5ca984cd9ecd;546-93-0;kg Cu eq/kg
Raw;in ground;Magnesium;Magnesite;#9467bd;0.3457465926171585;DE;9e5823ad-9d9b-4b98-b627-e39611b6a8bd;546-93-0;kg Cu eq/kg
Raw;in ground;Manganese;Manganese;#7f7f7f;0.1014718997023936;DE;c2586875-bb56-4b1e-84c5-5ff255a1108b;7439-96-5;kg Cu eq/kg
Raw;in ground;Mercury;Mercury;#8c564b;1.938206532017023;DE;54b9cbd0-65df-4fd3-8a19-dd3b8eccc619;7439-97-6;kg Cu eq/kg
Raw;in ground;Molybdenum;Molybdenum;#c49c94;5.201450419516389;DE;e5a3dff5-72dc-5287-893c-597dd4a19566;7439-98-7;kg Cu eq/kg
Raw;in ground;Gas, natural;Natural gas;#FFE680;0.1306617111601261;DE;7c337428-fb1b-45c7-bbb2-2ee4d29e17ba;8006-14-2;kg Cu eq/kg
Raw;in ground;Nickel;Nickel;#c49c94;1.065460874046312;DE;974213ef-1ba0-40e5-bc7b-52ef099e9e09;7440-02-0;kg Cu eq/kg
Raw;in ground;Niobium;Niobium;#bcbd22;26.68053249501946;DE;8de8befc-efa2-5d07-a58b-b29ea97a3f41;7440-03-1;kg Cu eq/kg
Raw;in ground;Palladium;Palladium;#f7b6d2;21202.39078265011;DE;edc69c63-a776-4dbf-acbf-e0368914980a;7440-05-3;kg Cu eq/kg
Raw;in ground;Oil, crude;Crude oil;#FFB570;0.06851675051115882;DE;88d06db9-59a1-4719-9174-afeb1fa4026a;;kg Cu eq/kg
Raw;in ground;Phosphorus;Phosphate;#c7c7c7;0.03839352577887102;DE;483ae3c5-4eb0-46e4-b811-a72ad391716b;;kg Cu eq/kg
Raw;in ground;Platinum;Platinum;#bcbd22;38.08068549664465;DE;d13b2665-505d-49e2-8edd-dc966b0342af;7440-06-4;kg Cu eq/kg
Raw;in ground;Cerium;Rare earth;#1f77b4;6.704075488700389;DE;4057f8b4-f20a-59c9-9bb7-fdeaf5ad106d;;kg Cu eq/kg
Raw;in ground;Dysprosium;Rare earth;#98df8a;6.704075488700389;DE;9e28eac3-49f9-5a0d-a8d0-dc4e071ad9e6;7429-91-6;kg Cu eq/kg
Raw;in ground;Erbium;Rare earth;#cccccc;6.704075488700389;DE;110a04f0-af53-5499-b22e-79b1b91e5a66;7440-52-0;kg Cu eq/kg
Raw;in ground;Europium;Rare earth;#d62728;6.704075488700389;DE;3d73ec21-de4d-5b68-b504-4ef59e15bd0e;7440-53-1;kg Cu eq/kg
Raw;in ground;Gadolinium;Rare earth;#9467bd;6.704075488700389;DE;f55e2203-ef91-50bf-8f5a-119bb210522c;7440-54-2;kg Cu eq/kg
Raw;in ground;Holmium;Rare earth;#cccccc;6.704075488700389;DE;f2f53dc8-8e09-511f-8dd2-4bae3625ba27;7440-60-0;kg Cu eq/kg
Raw;in ground;Lanthanum;Rare earth;#7f7f7f;6.704075488700389;DE;176598c1-699c-5dd8-8c33-d269ff7f5edd;;kg Cu eq/kg
Raw;in ground;Lutetium;Rare earth;#cccccc;6.704075488700389;DE;d9a2f8e5-f04a-5ffa-8c75-8133ac7f525c;7439-94-3;kg Cu eq/kg
Raw;in ground;Neodymium;Rare earth;#c7c7c7;6.704075488700389;DE;db0c855c-e9ef-58d9-97cc-960e646fc882;;kg Cu eq/kg
Raw;in ground;Praseodymium;Rare earth;#17becf;6.704075488700389;DE;35da65ff-7287-571d-b859-13d398ac5182;7440-10-0;kg Cu eq/kg
Raw;in ground;Samarium;Rare earth;#aec7e8;6.704075488700389;DE;cf791833-26bc-5207-a9bd-6ddcd8ac7625;7440-19-9;kg Cu eq/kg
Raw;in ground;Scandium;Rare earth;#ffbb78;6.704075488700389;DE;7f9f9b59-35a0-584d-ad5e-07da01dde768;;kg Cu eq/kg
Raw;in ground;Terbium;Rare earth;#e377c2;6.704075488700389;DE;6ec6a8a8-4c94-5bc5-93c5-62928fcf3935;7440-27-9;kg Cu eq/kg
Raw;in ground;Thulium;Rare earth;#cccccc;6.704075488700389;DE;a34e010c-6f68-5c79-8b45-2955b91f7dc2;7440-30-4;kg Cu eq/kg
Raw;in ground;Ytterbium;Rare earth;#cccccc;6.704075488700389;DE;ea659cca-fe3d-5b03-90d2-60719a862874;7440-64-4;kg Cu eq/kg
Raw;in ground;Yttrium;Rare earth;#c7c7c7;6.704075488700389;DE;89b567f2-2cab-503e-b796-42cba72fce16;7440-65-5;kg Cu eq/kg
Raw;in ground;Rhodium;Rhodium;#9edae5;379227.7936638287;DE;4803f22f-6950-489b-914d-fa953a8081f6;7440-16-6;kg Cu eq/kg
Raw;in ground;Selenium;Selenium;#2ca02c;1.502267083303989;DE;5f47f918-1c32-5870-b992-db91f843ff34;7782-49-2;kg Cu eq/kg
Raw;in ground;Silver;Silver;#1f77b4;4.586253353029887;DE;361a64cb-ab76-4a72-9ea1-c07d6a20c124;7440-22-4;kg Cu eq/kg
Raw;in ground;Coal, hard;Steam Coal;#4D4D4D;0.09951061012346905;DE;b6d0042d-0ef8-49ed-9162-a07ff1ccf750;;kg Cu eq/kg
Raw;in ground;Sulfur;Sulfur;#2ca02c;0.004687555580914719;DE;852281f6-db73-4250-84d3-86b569fce0c1;7704-34-9;kg Cu eq/kg
Raw;in ground;Tantalum;Tantalum;#98df8a;58.29280079925552;DE;775fdf03-b0bb-5c25-b14d-107231d5b2f0;7440-25-7;kg Cu eq/kg
Raw;in ground;Tellurium;Tellurium;#c49c94;49.54141978968993;DE;7b6da1f2-e191-5a77-ae06-af96201f5803;13494-80-9;kg Cu eq/kg
Raw;in ground;Tin;Tin;#d62728;1.261987015532479;DE;53d5ef26-66d8-4536-afa2-2f6b114189ba;7440-31-5;kg Cu eq/kg
Raw;in ground;Titanium;Titanium;#ff7f0e;0.119479590053689;DE;2f033407-6060-4e1e-868c-9f362d10fdb2;7440-32-6;kg Cu eq/kg
Raw;in ground;Tungsten;Tungsten;#ff9896;23.23914510552391;DE;ebcc1f0c-6b19-501d-86a4-629df2a457b5;7440-33-7;kg Cu eq/kg
Raw;in ground;Uranium;Uranium;#9467bd;324.6738153371539;DE;2ba5e39b-adb6-4767-a51d-90c1cf32fe98;7440-61-1;kg Cu eq/kg
Raw;in ground;Vanadium;Vanadium;#7f7f7f;14.975868097697;DE;c9c4b80a-73dd-415a-92fb-f877595651c1;7440-62-2;kg Cu eq/kg
Raw;in ground;Zinc;Zinc;#8c564b;0.2001070770837522;DE;be73218b-18af-492e-96e6-addd309d1e32;7440-66-6;kg Cu eq/kg
Raw;in ground;Zirconia, as baddeleyite;Zirconium;#cccccc;0.4355500294857124;DE;e07b4402-abe3-4346-8c42-051c5983bd1e;12036-23-6;kg Cu eq/kg
Raw;in ground;Zirconium;Zirconium;#c49c94;0.4355500294857124;DE;cd2932c5-a486-4bf1-99b8-815d8a7ce11a;7440-67-7;kg Cu eq/kg
Raw;in ground;;;;1.574660813349285;IT;;;kg Cu eq/kg
Raw;in ground;Antimony;Antimony;#e377c2;3.429353249015605;IT;47262180-8308-5d4c-9332-c77617e032ef;7440-36-0;kg Cu eq/kg
Raw;in ground;Arsenic;Arsenic;#f7b6d2;4.062517757270484;IT;e16fd15c-0ebc-55ba-8d3b-9704f13663cb;7440-38-2;kg Cu eq/kg
Raw;in ground;;;;0.3635818920658664;IT;;;kg Cu eq/kg
Raw;in ground;Barium;Baryte;#7f7f7f;0.05006230504153075;IT;240177d8-6f3b-43f5-8d1e-0c18114dfa02;7440-39-3;kg Cu eq/kg
Raw;in ground;Aluminium;Bauxite;#bcbd22;0.05604442886887433;IT;a45cd247-3532-4e27-bddc-b519fdb5e08f;7429-90-5;kg Cu eq/kg
Raw;in ground;Clay, bentonite;Bentonite;#aec7e8;0.02296214829928595;IT;93806a54-46f5-409c-99c5-4144a1e73b5d;1302-78-9;kg Cu eq/kg
Raw;in ground;Beryllium;Beryllium;#ffbb78;38.23176336659161;IT;68f7bc03-0665-55a1-bd99-96530eab30e2;7440-41-7;kg Cu eq/kg
Raw;in ground;Bismuth;Bismuth;#cccccc;4.231262780615035;IT;0124b342-4bdd-5cbf-ba2a-dce8a259755c;7440-69-9;kg Cu eq/kg
Raw;in ground;Borax;Boron;#c7c7c7;0.2130747828137484;IT;eead2933-c2be-4a53-a0bd-bd33b67e4145;1303-96-4;kg Cu eq/kg
Raw;in ground;Boron;Boron;#bcbd22;0.2130747828137484;IT;b053aa52-bfac-5435-a0b1-4ca374b0e991;7440-42-8;kg Cu eq/kg
Raw;in ground;Cadmium;Cadmium;#dbdb8d;1.327843472926395;IT;bf377e4f-3a95-4ce2-a9ba-66ee31f00f60;7440-43-9;kg Cu eq/kg
Raw;in ground;Chromium;Chromite;#f7b6d2;0.1260094008097675;IT;e189e2d4-3d3f-4ada-b302-91611784311f;7440-47-3;kg Cu eq/kg
Raw;in ground;Cobalt;Cobalt;#ff9896;20.13786792451184;IT;d0779a5e-6969-4144-954e-ceb81fb83f15;7440-48-4;kg Cu eq/kg
Raw;in ground;;;;0.1746781255678081;IT;;;kg Cu eq/kg
Raw;in ground;Copper;Copper;#9467bd;0.4882552894267091;IT;a9ac40a0-9bea-4c48-afa7-66aa6eb90624;7440-50-8;kg Cu eq/kg
Raw;in ground;Diatomite;Diatomite;#2ca02c;0.2457190167255642;IT;9877ce00-65f8-4c0c-9fcf-92aa53a2c9c0;61790-53-2;kg Cu eq/kg
Raw;in ground;Feldspar;Feldspar;#e377c2;0.01476728399126195;IT;26296ec9-ff93-41e6-bbbf-6175af04284d;68476-25-5;kg Cu eq/kg
Raw;in ground;Fluorspar;Fluorspar;#c7c7c7;0.288163494195955;IT;0fa4f51e-b0dc-5d11-84d3-b32f0f3c88d5;14542-23-5;kg Cu eq/kg
Raw;in ground;Germanium;Germanium;#dbdb8d;0.0;IT;d3e547dc-1a29-5ece-8dbb-bd9c0ad3cc46;7440-56-4;kg Cu eq/kg
Raw;in ground;Gold;Gold;#dbdb8d;2400.875407845349;IT;d080e6a4-42c6-484e-b5d7-d74693aec7d9;7440-57-5;kg Cu eq/kg
Raw;in ground;Graphite;Graphite;#17becf;0.774587871116102;IT;5666353e-2db2-41d3-8414-404709151422;7782-42-5;kg Cu eq/kg
Raw;in ground;Anhydrite;Gypsum;#1f77b4;6.359260646714309e-05;IT;6df9ea09-115a-4678-9f30-d92c877a46ec;7778-18-9;kg Cu eq/kg
Raw;in ground;Gypsum;Gypsum;#1f77b4;6.359260646714309e-05;IT;11a2a7b1-ab2f-47b8-9e29-6f33d5207fa6;13397-24-5;kg Cu eq/kg
Raw;in ground;Iron;Iron;#ffbb78;0.04226739129488086;IT;8ce3ff02-7a1e-48e3-881e-3248b944f28a;7439-89-6;kg Cu eq/kg
Raw;in ground;Kaolinite;Kaolin;#2ca02c;0.01306753439978139;IT;81ff5c0b-c44f-534e-a55e-8fc017e33dd2;;kg Cu eq/kg
Raw;in ground;Lead;Lead;#2ca02c;0.7362769223475999;IT;fbcb9c7a-eea7-4694-ba6c-568e01d28883;7439-92-1;kg Cu eq/kg
Raw;in ground;Coal, brown;Lignite;#4D4D4D;0.01759557921613754;IT;024c9722-1e88-412b-8c4b-10c532be8dca;;kg Cu eq/kg
Raw;in ground;Lithium;Lithium;#A9CBA7;11.58108329254338;IT;7d2c1cdd-a64a-5936-a577-5b82db0c0d1b;7439-93-2;kg Cu eq/kg
Raw;in ground;Magnesite;Magnesite;#c5b0d5;0.2592222919901508;IT;a4bab069-74a9-5b4c-8d6e-5ca984cd9ecd;546-93-0;kg Cu eq/kg
Raw;in ground;Magnesium;Magnesite;#9467bd;0.2592222919901508;IT;9e5823ad-9d9b-4b98-b627-e39611b6a8bd;546-93-0;kg Cu eq/kg
Raw;in ground;Manganese;Manganese;#7f7f7f;0.1531732572720063;IT;c2586875-bb56-4b1e-84c5-5ff255a1108b;7439-96-5;kg Cu eq/kg
Raw;in ground;Mercury;Mercury;#8c564b;4.547767502318681;IT;54b9cbd0-65df-4fd3-8a19-dd3b8eccc619;7439-97-6;kg Cu eq/kg
Raw;in ground;Molybdenum;Molybdenum;#c49c94;7.638169642540189;IT;e5a3dff5-72dc-5287-893c-597dd4a19566;7439-98-7;kg Cu eq/kg
Raw;in ground;Gas, natural;Natural gas;#FFE680;0.1958431027834172;IT;7c337428-fb1b-45c7-bbb2-2ee4d29e17ba;8006-14-2;kg Cu eq/kg
Raw;in ground;Nickel;Nickel;#c49c94;34.24619667601231;IT;974213ef-1ba0-40e5-bc7b-52ef099e9e09;7440-02-0;kg Cu eq/kg
Raw;in ground;Niobium;Niobium;#bcbd22;21.87474346059219;IT;8de8befc-efa2-5d07-a58b-b29ea97a3f41;7440-03-1;kg Cu eq/kg
Raw;in ground;Palladium;Palladium;#f7b6d2;24320.01137124912;IT;edc69c63-a776-4dbf-acbf-e0368914980a;7440-05-3;kg Cu eq/kg
Raw;in ground;Oil, crude;Crude oil;#FFB570;0.09442658316623842;IT;88d06db9-59a1-4719-9174-afeb1fa4026a;;kg Cu eq/kg
Raw;in ground;Phosphorus;Phosphate;#c7c7c7;0.07313229213315733;IT;483ae3c5-4eb0-46e4-b811-a72ad391716b;;kg Cu eq/kg
Raw;in ground;Platinum;Platinum;#bcbd22;239.2380040245998;IT;d13b2665-505d-49e2-8edd-dc966b0342af;7440-06-4;kg Cu eq/kg
Raw;in ground;Cerium;Rare earth;#1f77b4;9.643004775425293;IT;4057f8b4-f20a-59c9-9bb7-fdeaf5ad106d;;kg Cu eq/kg
Raw;in ground;Dysprosium;Rare earth;#98df8a;9.643004775425293;IT;9e28eac3-49f9-5a0d-a8d0-dc4e071ad9e6;7429-91-6;kg Cu eq/kg
Raw;in ground;Erbium;Rare earth;#cccccc;9.643004775425293;IT;110a04f0-af53-5499-b22e-79b1b91e5a66;7440-52-0;kg Cu eq/kg
Raw;in ground;Europium;Rare earth;#d62728;9.643004775425293;IT;3d73ec21-de4d-5b68-b504-4ef59e15bd0e;7440-53-1;kg Cu eq/kg
Raw;in ground;Gadolinium;Rare earth;#9467bd;9.643004775425293;IT;f55e2203-ef91-50bf-8f5a-119bb210522c;7440-54-2;kg Cu eq/kg
Raw;in ground;Holmium;Rare earth;#cccccc;9.643004775425293;IT;f2f53dc8-8e09-511f-8dd2-4bae3625ba27;7440-60-0;kg Cu eq/kg
Raw;in ground;Lanthanum;Rare earth;#7f7f7f;9.643004775425293;IT;176598c1-699c-5dd8-8c33-d269ff7f5edd;;kg Cu eq/kg
Raw;in ground;Lutetium;Rare earth;#cccccc;9.643004775425293;IT;d9a2f8e5-f04a-5ffa-8c75-8133ac7f525c;7439-94-3;kg Cu eq/kg
Raw;in ground;Neodymium;Rare earth;#c7c7c7;9.643004775425293;IT;db0c855c-e9ef-58d9-97cc-960e646fc882;;kg Cu eq/kg
Raw;in ground;Praseodymium;Rare earth;#17becf;9.643004775425293;IT;35da65ff-7287-571d-b859-13d398ac5182;7440-10-0;kg Cu eq/kg
Raw;in ground;Samarium;Rare earth;#aec7e8;9.643004775425293;IT;cf791833-26bc-5207-a9bd-6ddcd8ac7625;7440-19-9;kg Cu eq/kg
Raw;in ground;Scandium;Rare earth;#ffbb78;9.643004775425293;IT;7f9f9b59-35a0-584d-ad5e-07da01dde768;;kg Cu eq/kg
Raw;in ground;Terbium;Rare earth;#e377c2;9.643004775425293;IT;6ec6a8a8-4c94-5bc5-93c5-62928fcf3935;7440-27-9;kg Cu eq/kg
Raw;in ground;Thulium;Rare earth;#cccccc;9.643004775425293;IT;a34e010c-6f68-5c79-8b45-2955b91f7dc2;7440-30-4;kg Cu eq/kg
Raw;in ground;Ytterbium;Rare earth;#cccccc;9.643004775425293;IT;ea659cca-fe3d-5b03-90d2-60719a862874;7440-64-4;kg Cu eq/kg
Raw;in ground;Yttrium;Rare earth;#c7c7c7;9.643004775425293;IT;89b567f2-2cab-503e-b796-42cba72fce16;7440-65-5;kg Cu eq/kg
Raw;in ground;Rhodium;Rhodium;#9edae5;445732.8896913515;IT;4803f22f-6950-489b-914d-fa953a8081f6;7440-16-6;kg Cu eq/kg
Raw;in ground;Selenium;Selenium;#2ca02c;2.730198661046539;IT;5f47f918-1c32-5870-b992-db91f843ff34;7782-49-2;kg Cu eq/kg
Raw;in ground;Silver;Silver;#1f77b4;1.80249090936792;IT;361a64cb-ab76-4a72-9ea1-c07d6a20c124;7440-22-4;kg Cu eq/kg
Raw;in ground;Coal, hard;Steam Coal;#4D4D4D;0.1726066909972928;IT;b6d0042d-0ef8-49ed-9162-a07ff1ccf750;;kg Cu eq/kg
Raw;in ground;Sulfur;Sulfur;#2ca02c;0.002462828492556839;IT;852281f6-db73-4250-84d3-86b569fce0c1;7704-34-9;kg Cu eq/kg
Raw;in ground;Tantalum;Tantalum;#98df8a;117.4477921115338;IT;775fdf03-b0bb-5c25-b14d-107231d5b2f0;7440-25-7;kg Cu eq/kg
Raw;in ground;Tellurium;Tellurium;#c49c94;22.96154173506299;IT;7b6da1f2-e191-5a77-ae06-af96201f5803;13494-80-9;kg Cu eq/kg
Raw;in ground;Tin;Tin;#d62728;1.324356713546196;IT;53d5ef26-66d8-4536-afa2-2f6b114189ba;7440-31-5;kg Cu eq/kg
Raw;in ground;Titanium;Titanium;#ff7f0e;0.1009105542652557;IT;2f033407-6060-4e1e-868c-9f362d10fdb2;7440-32-6;kg Cu eq/kg
Raw;in ground;Tungsten;Tungsten;#ff9896;32.20074577396421;IT;ebcc1f0c-6b19-501d-86a4-629df2a457b5;7440-33-7;kg Cu eq/kg
Raw;in ground;Uranium;Uranium;#9467bd;0.0;IT;2ba5e39b-adb6-4767-a51d-90c1cf32fe98;7440-61-1;kg Cu eq/kg
Raw;in ground;Vanadium;Vanadium;#7f7f7f;11.35217159648574;IT;c9c4b80a-73dd-415a-92fb-f877595651c1;7440-62-2;kg Cu eq/kg
Raw;in ground;Zinc;Zinc;#8c564b;0.2379747347225134;IT;be73218b-18af-492e-96e6-addd309d1e32;7440-66-6;kg Cu eq/kg
Raw;in ground;Zirconia, as baddeleyite;Zirconium;#cccccc;0.5864857893022696;IT;e07b4402-abe3-4346-8c42-051c5983bd1e;12036-23-6;kg Cu eq/kg
Raw;in ground;Zirconium;Zirconium;#c49c94;0.5864857893022696;IT;cd2932c5-a486-4bf1-99b8-815d8a7ce11a;7440-67-7;kg Cu eq/kg
Raw;in ground;;;;8.554780378486592e-05;MZ;;;kg Cu eq/kg
Raw;in ground;Antimony;Antimony;#e377c2;0.3838561391307173;MZ;47262180-8308-5d4c-9332-c77617e032ef;7440-36-0;kg Cu eq/kg
Raw;in ground;Arsenic;Arsenic;#f7b6d2;0.0;MZ;e16fd15c-0ebc-55ba-8d3b-9704f13663cb;7440-38-2;kg Cu eq/kg
Raw;in ground;;;;0.1094858343759222;MZ;;;kg Cu eq/kg
Raw;in ground;Barium;Baryte;#7f7f7f;0.930919447256836;MZ;240177d8-6f3b-43f5-8d1e-0c18114dfa02;7440-39-3;kg Cu eq/kg
Raw;in ground;Aluminium;Bauxite;#bcbd22;0.0;MZ;a45cd247-3532-4e27-bddc-b519fdb5e08f;7429-90-5;kg Cu eq/kg
Raw;in ground;Clay, bentonite;Bentonite;#aec7e8;0.0002619468451500013;MZ;93806a54-46f5-409c-99c5-4144a1e73b5d;1302-78-9;kg Cu eq/kg
Raw;in ground;Beryllium;Beryllium;#ffbb78;0.0;MZ;68f7bc03-0665-55a1-bd99-96530eab30e2;7440-41-7;kg Cu eq/kg
Raw;in ground;Bismuth;Bismuth;#cccccc;0.0;MZ;0124b342-4bdd-5cbf-ba2a-dce8a259755c;7440-69-9;kg Cu eq/kg
Raw;in ground;Borax;Boron;#c7c7c7;0.1850937057996445;MZ;eead2933-c2be-4a53-a0bd-bd33b67e4145;1303-96-4;kg Cu eq/kg
Raw;in ground;Boron;Boron;#bcbd22;0.1850937057996445;MZ;b053aa52-bfac-5435-a0b1-4ca374b0e991;7440-42-8;kg Cu eq/kg
Raw;in ground;Cadmium;Cadmium;#dbdb8d;0.0;MZ;bf377e4f-3a95-4ce2-a9ba-66ee31f00f60;7440-43-9;kg Cu eq/kg
Raw;in ground;Chromium;Chromite;#f7b6d2;0.03541908122701339;MZ;e189e2d4-3d3f-4ada-b302-91611784311f;7440-47-3;kg Cu eq/kg
Raw;in ground;Cobalt;Cobalt;#ff9896;25.52772425986355;MZ;d0779a5e-6969-4144-954e-ceb81fb83f15;7440-48-4;kg Cu eq/kg
Raw;in ground;;;;0.01208392946560945;MZ;;;kg Cu eq/kg
Raw;in ground;Copper;Copper;#9467bd;0.03783974728806405;MZ;a9ac40a0-9bea-4c48-afa7-66aa6eb90624;7440-50-8;kg Cu eq/kg
Raw;in ground;Diatomite;Diatomite;#2ca02c;0.002526479576415327;MZ;9877ce00-65f8-4c0c-9fcf-92aa53a2c9c0;61790-53-2;kg Cu eq/kg
Raw;in ground;Feldspar;Feldspar;#e377c2;0.319248764850899;MZ;26296ec9-ff93-41e6-bbbf-6175af04284d;68476-25-5;kg Cu eq/kg
Raw;in ground;Fluorspar;Fluorspar;#c7c7c7;0.0;MZ;0fa4f51e-b0dc-5d11-84d3-b32f0f3c88d5;14542-23-5;kg Cu eq/kg
Raw;in ground;Germanium;Germanium;#dbdb8d;0.0;MZ;d3e547dc-1a29-5ece-8dbb-bd9c0ad3cc46;7440-56-4;kg Cu eq/kg
Raw;in ground;Gold;Gold;#dbdb8d;0.0;MZ;d080e6a4-42c6-484e-b5d7-d74693aec7d9;7440-57-5;kg Cu eq/kg
Raw;in ground;Graphite;Graphite;#17becf;0.0004150661079354807;MZ;5666353e-2db2-41d3-8414-404709151422;7782-42-5;kg Cu eq/kg
Raw;in ground;Anhydrite;Gypsum;#1f77b4;0.04982881547720998;MZ;6df9ea09-115a-4678-9f30-d92c877a46ec;7778-18-9;kg Cu eq/kg
Raw;in ground;Gypsum;Gypsum;#1f77b4;0.04982881547720998;MZ;11a2a7b1-ab2f-47b8-9e29-6f33d5207fa6;13397-24-5;kg Cu eq/kg
Raw;in ground;Iron;Iron;#ffbb78;0.0371535685878798;MZ;8ce3ff02-7a1e-48e3-881e-3248b944f28a;7439-89-6;kg Cu eq/kg
Raw;in ground;Kaolinite;Kaolin;#2ca02c;0.111860121106183;MZ;81ff5c0b-c44f-534e-a55e-8fc017e33dd2;;kg Cu eq/kg
Raw;in ground;Lead;Lead;#2ca02c;0.0;MZ;fbcb9c7a-eea7-4694-ba6c-568e01d28883;7439-92-1;kg Cu eq/kg
Raw;in ground;Coal, brown;Lignite;#4D4D4D;0.762017510631499;MZ;024c9722-1e88-412b-8c4b-10c532be8dca;;kg Cu eq/kg
Raw;in ground;Lithium;Lithium;#A9CBA7;34.06017019303597;MZ;7d2c1cdd-a64a-5936-a577-5b82db0c0d1b;7439-93-2;kg Cu eq/kg
Raw;in ground;Magnesite;Magnesite;#c5b0d5;0.3387632085804272;MZ;a4bab069-74a9-5b4c-8d6e-5ca984cd9ecd;546-93-0;kg Cu eq/kg
Raw;in ground;Magnesium;Magnesite;#9467bd;0.3387632085804272;MZ;9e5823ad-9d9b-4b98-b627-e39611b6a8bd;546-93-0;kg Cu eq/kg
Raw;in ground;Manganese;Manganese;#7f7f7f;0.2236689755313069;MZ;c2586875-bb56-4b1e-84c5-5ff255a1108b;7439-96-5;kg Cu eq/kg
Raw;in ground;Mercury;Mercury;#8c564b;0.0;MZ;54b9cbd0-65df-4fd3-8a19-dd3b8eccc619;7439-97-6;kg Cu eq/kg
Raw;in ground;Molybdenum;Molybdenum;#c49c94;0.0;MZ;e5a3dff5-72dc-5287-893c-597dd4a19566;7439-98-7;kg Cu eq/kg
Raw;in ground;Gas, natural;Natural gas;#FFE680;9.59554260169044e-05;MZ;7c337428-fb1b-45c7-bbb2-2ee4d29e17ba;8006-14-2;kg Cu eq/kg
Raw;in ground;Nickel;Nickel;#c49c94;0.0;MZ;974213ef-1ba0-40e5-bc7b-52ef099e9e09;7440-02-0;kg Cu eq/kg
Raw;in ground;Niobium;Niobium;#bcbd22;0.0;MZ;8de8befc-efa2-5d07-a58b-b29ea97a3f41;7440-03-1;kg Cu eq/kg
Raw;in ground;Palladium;Palladium;#f7b6d2;0.0;MZ;edc69c63-a776-4dbf-acbf-e0368914980a;7440-05-3;kg Cu eq/kg
Raw;in ground;Oil, crude;Crude oil;#FFB570;6.217047163315821e-05;MZ;88d06db9-59a1-4719-9174-afeb1fa4026a;;kg Cu eq/kg
Raw;in ground;Phosphorus;Phosphate;#c7c7c7;0.05011786225304696;MZ;483ae3c5-4eb0-46e4-b811-a72ad391716b;;kg Cu eq/kg
Raw;in ground;Platinum;Platinum;#bcbd22;0.0;MZ;d13b2665-505d-49e2-8edd-dc966b0342af;7440-06-4;kg Cu eq/kg
Raw;in ground;Cerium;Rare earth;#1f77b4;0.8266667445517075;MZ;4057f8b4-f20a-59c9-9bb7-fdeaf5ad106d;;kg Cu eq/kg
Raw;in ground;Dysprosium;Rare earth;#98df8a;0.8266667445517075;MZ;9e28eac3-49f9-5a0d-a8d0-dc4e071ad9e6;7429-91-6;kg Cu eq/kg
Raw;in ground;Erbium;Rare earth;#cccccc;0.8266667445517075;MZ;110a04f0-af53-5499-b22e-79b1b91e5a66;7440-52-0;kg Cu eq/kg
Raw;in ground;Europium;Rare earth;#d62728;0.8266667445517075;MZ;3d73ec21-de4d-5b68-b504-4ef59e15bd0e;7440-53-1;kg Cu eq/kg
Raw;in ground;Gadolinium;Rare earth;#9467bd;0.8266667445517075;MZ;f55e2203-ef91-50bf-8f5a-119bb210522c;7440-54-2;kg Cu eq/kg
Raw;in ground;Holmium;Rare earth;#cccccc;0.8266667445517075;MZ;f2f53dc8-8e09-511f-8dd2-4bae3625ba27;7440-60-0;kg Cu eq/kg
Raw;in ground;Lanthanum;Rare earth;#7f7f7f;0.8266667445517075;MZ;176598c1-699c-5dd8-8c33-d269ff7f5edd;;kg Cu eq/kg
Raw;in ground;Lutetium;Rare earth;#cccccc;0.8266667445517075;MZ;d9a2f8e5-f04a-5ffa-8c75-8133ac7f525c;7439-94-3;kg Cu eq/kg
Raw;in ground;Neodymium;Rare earth;#c7c7c7;0.8266667445517075;MZ;db0c855c-e9ef-58d9-97cc-960e646fc882;;kg Cu eq/kg
Raw;in ground;Praseodymium;Rare earth;#17becf;0.8266667445517075;MZ;35da65ff-7287-571d-b859-13d398ac5182;7440-10-0;kg Cu eq/kg
Raw;in ground;Samarium;Rare earth;#aec7e8;0.8266667445517075;MZ;cf791833-26bc-5207-a9bd-6ddcd8ac7625;7440-19-9;kg Cu eq/kg
Raw;in ground;Scandium;Rare earth;#ffbb78;0.8266667445517075;MZ;7f9f9b59-35a0-584d-ad5e-07da01dde768;;kg Cu eq/kg
Raw;in ground;Terbium;Rare earth;#e377c2;0.8266667445517075;MZ;6ec6a8a8-4c94-5bc5-93c5-62928fcf3935;7440-27-9;kg Cu eq/kg
Raw;in ground;Thulium;Rare earth;#cccccc;0.8266667445517075;MZ;a34e010c-6f68-5c79-8b45-2955b91f7dc2;7440-30-4;kg Cu eq/kg
Raw;in ground;Ytterbium;Rare earth;#cccccc;0.8266667445517075;MZ;ea659cca-fe3d-5b03-90d2-60719a862874;7440-64-4;kg Cu eq/kg
Raw;in ground;Yttrium;Rare earth;#c7c7c7;0.8266667445517075;MZ;89b567f2-2cab-503e-b796-42cba72fce16;7440-65-5;kg Cu eq/kg
Raw;in ground;Rhodium;Rhodium;#9edae5;0.0;MZ;4803f22f-6950-489b-914d-fa953a8081f6;7440-16-6;kg Cu eq/kg
Raw;in ground;Selenium;Selenium;#2ca02c;0.3749872322318929;MZ;5f47f918-1c32-5870-b992-db91f843ff34;7782-49-2;kg Cu eq/kg
Raw;in ground;Silver;Silver;#1f77b4;0.00327436013753671;MZ;361a64cb-ab76-4a72-9ea1-c07d6a20c124;7440-22-4;kg Cu eq/kg
Raw;in ground;Coal, hard;Steam Coal;#4D4D4D;0.01085537283676799;MZ;b6d0042d-0ef8-49ed-9162-a07ff1ccf750;;kg Cu eq/kg
Raw;in ground;Sulfur;Sulfur;#2ca02c;0.04145069427703452;MZ;852281f6-db73-4250-84d3-86b569fce0c1;7704-34-9;kg Cu eq/kg
Raw;in ground;Tantalum;Tantalum;#98df8a;0.0007759828782149381;MZ;775fdf03-b0bb-5c25-b14d-107231d5b2f0;7440-25-7;kg Cu eq/kg
Raw;in ground;Tellurium;Tellurium;#c49c94;4.085472761555816;MZ;7b6da1f2-e191-5a77-ae06-af96201f5803;13494-80-9;kg Cu eq/kg
Raw;in ground;Tin;Tin;#d62728;27.2716142525237;MZ;53d5ef26-66d8-4536-afa2-2f6b114189ba;7440-31-5;kg Cu eq/kg
Raw;in ground;Titanium;Titanium;#ff7f0e;0.0;MZ;2f033407-6060-4e1e-868c-9f362d10fdb2;7440-32-6;kg Cu eq/kg
Raw;in ground;Tungsten;Tungsten;#ff9896;13.63147573359666;MZ;ebcc1f0c-6b19-501d-86a4-629df2a457b5;7440-33-7;kg Cu eq/kg
Raw;in ground;Uranium;Uranium;#9467bd;0.0;MZ;2ba5e39b-adb6-4767-a51d-90c1cf32fe98;7440-61-1;kg Cu eq/kg
Raw;in ground;Vanadium;Vanadium;#7f7f7f;0.07863314923817466;MZ;c9c4b80a-73dd-415a-92fb-f877595651c1;7440-62-2;kg Cu eq/kg
Raw;in ground;Zinc;Zinc;#8c564b;0.507690400195119;MZ;be73218b-18af-492e-96e6-addd309d1e32;7440-66-6;kg Cu eq/kg
Raw;in ground;Zirconia, as baddeleyite;Zirconium;#cccccc;0.0;MZ;e07b4402-abe3-4346-8c42-051c5983bd1e;12036-23-6;kg Cu eq/kg
Raw;in ground;Zirconium;Zirconium;#c49c94;0.0;MZ;cd2932c5-a486-4bf1-99b8-815d8a7ce11a;7440-67-7;kg Cu eq/kg
Raw;in ground;;;;0.8337493889869476;NL;;;kg Cu eq/kg
Raw;in ground;Antimony;Antimony;#e377c2;1.015339063479631;NL;47262180-8308-5d4c-9332-c77617e032ef;7440-36-0;kg Cu eq/kg
Raw;in ground;Arsenic;Arsenic;#f7b6d2;9.00273692831849;NL;e16fd15c-0ebc-55ba-8d3b-9704f13663cb;7440-38-2;kg Cu eq/kg
Raw;in ground;;;;25.19188570526553;NL;;;kg Cu eq/kg
Raw;in ground;Barium;Baryte;#7f7f7f;0.04167682051830027;NL;240177d8-6f3b-43f5-8d1e-0c18114dfa02;7440-39-3;kg Cu eq/kg
Raw;in ground;Aluminium;Bauxite;#bcbd22;0.1030462631253264;NL;a45cd247-3532-4e27-bddc-b519fdb5e08f;7429-90-5;kg Cu eq/kg
Raw;in ground;Clay, bentonite;Bentonite;#aec7e8;0.04536101064395152;NL;93806a54-46f5-409c-99c5-4144a1e73b5d;1302-78-9;kg Cu eq/kg
Raw;in ground;Beryllium;Beryllium;#ffbb78;160.8918707940626;NL;68f7bc03-0665-55a1-bd99-96530eab30e2;7440-41-7;kg Cu eq/kg
Raw;in ground;Bismuth;Bismuth;#cccccc;8.603251401082904;NL;0124b342-4bdd-5cbf-ba2a-dce8a259755c;7440-69-9;kg Cu eq/kg
Raw;in ground;Borax;Boron;#c7c7c7;0.181240434194076;NL;eead2933-c2be-4a53-a0bd-bd33b67e4145;1303-96-4;kg Cu eq/kg
Raw;in ground;Boron;Boron;#bcbd22;0.181240434194076;NL;b053aa52-bfac-5435-a0b1-4ca374b0e991;7440-42-8;kg Cu eq/kg
Raw;in ground;Cadmium;Cadmium;#dbdb8d;0.06475448351865389;NL;bf377e4f-3a95-4ce2-a9ba-66ee31f00f60;7440-43-9;kg Cu eq/kg
Raw;in ground;Chromium;Chromite;#f7b6d2;0.1198598968885271;NL;e189e2d4-3d3f-4ada-b302-91611784311f;7440-47-3;kg Cu eq/kg
Raw;in ground;Cobalt;Cobalt;#ff9896;20.41873602703153;NL;d0779a5e-6969-4144-954e-ceb81fb83f15;7440-48-4;kg Cu eq/kg
Raw;in ground;;;;0.07492505853164544;NL;;;kg Cu eq/kg
Raw;in ground;Copper;Copper;#9467bd;0.2742047680895595;NL;a9ac40a0-9bea-4c48-afa7-66aa6eb90624;7440-50-8;kg Cu eq/kg
Raw;in ground;Diatomite;Diatomite;#2ca02c;0.1475818195901573;NL;9877ce00-65f8-4c0c-9fcf-92aa53a2c9c0;61790-53-2;kg Cu eq/kg
Raw;in ground;Feldspar;Feldspar;#e377c2;0.0268567920248042;NL;26296ec9-ff93-41e6-bbbf-6175af04284d;68476-25-5;kg Cu eq/kg
Raw;in ground;Fluorspar;Fluorspar;#c7c7c7;0.2404928500297969;NL;0fa4f51e-b0dc-5d11-84d3-b32f0f3c88d5;14542-23-5;kg Cu eq/kg
Raw;in ground;Germanium;Germanium;#dbdb8d;0.0;NL;d3e547dc-1a29-5ece-8dbb-bd9c0ad3cc46;7440-56-4;kg Cu eq/kg
Raw;in ground;Gold;Gold;#dbdb8d;14.09163430905057;NL;d080e6a4-42c6-484e-b5d7-d74693aec7d9;7440-57-5;kg Cu eq/kg
Raw;in ground;Graphite;Graphite;#17becf;0.4878270016760916;NL;5666353e-2db2-41d3-8414-404709151422;7782-42-5;kg Cu eq/kg
Raw;in ground;Anhydrite;Gypsum;#1f77b4;0.002262941778456787;NL;6df9ea09-115a-4678-9f30-d92c877a46ec;7778-18-9;kg Cu eq/kg
Raw;in ground;Gypsum;Gypsum;#1f77b4;0.002262941778456787;NL;11a2a7b1-ab2f-47b8-9e29-6f33d5207fa6;13397-24-5;kg Cu eq/kg
Raw;in ground;Iron;Iron;#ffbb78;0.02511845257048438;NL;8ce3ff02-7a1e-48e3-881e-3248b944f28a;7439-89-6;kg Cu eq/kg
Raw;in ground;Kaolinite;Kaolin;#2ca02c;0.008575763267487978;NL;81ff5c0b-c44f-534e-a55e-8fc017e33dd2;;kg Cu eq/kg
Raw;in ground;Lead;Lead;#2ca02c;0.3094351882978014;NL;fbcb9c7a-eea7-4694-ba6c-568e01d28883;7439-92-1;kg Cu eq/kg
Raw;in ground;Coal, brown;Lignite;#4D4D4D;0.01627528766610395;NL;024c9722-1e88-412b-8c4b-10c532be8dca;;kg Cu eq/kg
Raw;in ground;Lithium;Lithium;#A9CBA7;14.58717032668787;NL;7d2c1cdd-a64a-5936-a577-5b82db0c0d1b;7439-93-2;kg Cu eq/kg
Raw;in ground;Magnesite;Magnesite;#c5b0d5;0.08095447114137218;NL;a4bab069-74a9-5b4c-8d6e-5ca984cd9ecd;546-93-0;kg Cu eq/kg
Raw;in ground;Magnesium;Magnesite;#9467bd;0.08095447114137218;NL;9e5823ad-9d9b-4b98-b627-e39611b6a8bd;546-93-0;kg Cu eq/kg
Raw;in ground;Manganese;Manganese;#7f7f7f;0.09260485680088973;NL;c2586875-bb56-4b1e-84c5-5ff255a1108b;7439-96-5;kg Cu eq/kg
Raw;in ground;Mercury;Mercury;#8c564b;0.8054265830865126;NL;54b9cbd0-65df-4fd3-8a19-dd3b8eccc619;7439-97-6;kg Cu eq/kg
Raw;in ground;Molybdenum;Molybdenum;#c49c94;5.280694415756258;NL;e5a3dff5-72dc-5287-893c-597dd4a19566;7439-98-7;kg Cu eq/kg
Raw;in ground;Gas, natural;Natural gas;#FFE680;0.1503407780460584;NL;7c337428-fb1b-45c7-bbb2-2ee4d29e17ba;8006-14-2;kg Cu eq/kg
Raw;in ground;Nickel;Nickel;#c49c94;0.6806062885721922;NL;974213ef-1ba0-40e5-bc7b-52ef099e9e09;7440-02-0;kg Cu eq/kg
Raw;in ground;Niobium;Niobium;#bcbd22;30.53206086819412;NL;8de8befc-efa2-5d07-a58b-b29ea97a3f41;7440-03-1;kg Cu eq/kg
Raw;in ground;Palladium;Palladium;#f7b6d2;12362.22475077675;NL;edc69c63-a776-4dbf-acbf-e0368914980a;7440-05-3;kg Cu eq/kg
Raw;in ground;Oil, crude;Crude oil;#FFB570;0.07919515966821342;NL;88d06db9-59a1-4719-9174-afeb1fa4026a;;kg Cu eq/kg
Raw;in ground;Phosphorus;Phosphate;#c7c7c7;0.1044900311272528;NL;483ae3c5-4eb0-46e4-b811-a72ad391716b;;kg Cu eq/kg
Raw;in ground;Platinum;Platinum;#bcbd22;9.53537624204253;NL;d13b2665-505d-49e2-8edd-dc966b0342af;7440-06-4;kg Cu eq/kg
Raw;in ground;Cerium;Rare earth;#1f77b4;4.398395267258607;NL;4057f8b4-f20a-59c9-9bb7-fdeaf5ad106d;;kg Cu eq/kg
Raw;in ground;Dysprosium;Rare earth;#98df8a;4.398395267258607;NL;9e28eac3-49f9-5a0d-a8d0-dc4e071ad9e6;7429-91-6;kg Cu eq/kg
Raw;in ground;Erbium;Rare earth;#cccccc;4.398395267258607;NL;110a04f0-af53-5499-b22e-79b1b91e5a66;7440-52-0;kg Cu eq/kg
Raw;in ground;Europium;Rare earth;#d62728;4.398395267258607;NL;3d73ec21-de4d-5b68-b504-4ef59e15bd0e;7440-53-1;kg Cu eq/kg
Raw;in ground;Gadolinium;Rare earth;#9467bd;4.398395267258607;NL;f55e2203-ef91-50bf-8f5a-119bb210522c;7440-54-2;kg Cu eq/kg
Raw;in ground;Holmium;Rare earth;#cccccc;4.398395267258607;NL;f2f53dc8-8e09-511f-8dd2-4bae3625ba27;7440-60-0;kg Cu eq/kg
Raw;in ground;Lanthanum;Rare earth;#7f7f7f;4.398395267258607;NL;176598c1-699c-5dd8-8c33-d269ff7f5edd;;kg Cu eq/kg
Raw;in ground;Lutetium;Rare earth;#cccccc;4.398395267258607;NL;d9a2f8e5-f04a-5ffa-8c75-8133ac7f525c;7439-94-3;kg Cu eq/kg
Raw;in ground;Neodymium;Rare earth;#c7c7c7;4.398395267258607;NL;db0c855c-e9ef-58d9-97cc-960e646fc882;;kg Cu eq/kg
Raw;in ground;Praseodymium;Rare earth;#17becf;4.398395267258607;NL;35da65ff-7287-571d-b859-13d398ac5182;7440-10-0;kg Cu eq/kg
Raw;in ground;Samarium;Rare earth;#aec7e8;4.398395267258607;NL;cf791833-26bc-5207-a9bd-6ddcd8ac7625;7440-19-9;kg Cu eq/kg
Raw;in ground;Scandium;Rare earth;#ffbb78;4.398395267258607;NL;7f9f9b59-35a0-584d-ad5e-07da01dde768;;kg Cu eq/kg
Raw;in ground;Terbium;Rare earth;#e377c2;4.398395267258607;NL;6ec6a8a8-4c94-5bc5-93c5-62928fcf3935;7440-27-9;kg Cu eq/kg
Raw;in ground;Thulium;Rare earth;#cccccc;4.398395267258607;NL;a34e010c-6f68-5c79-8b45-2955b91f7dc2;7440-30-4;kg Cu eq/kg
Raw;in ground;Ytterbium;Rare earth;#cccccc;4.398395267258607;NL;ea659cca-fe3d-5b03-90d2-60719a862874;7440-64-4;kg Cu eq/kg
Raw;in ground;Yttrium;Rare earth;#c7c7c7;4.398395267258607;NL;89b567f2-2cab-503e-b796-42cba72fce16;7440-65-5;kg Cu eq/kg
Raw;in ground;Rhodium;Rhodium;#9edae5;44721.65541559894;NL;4803f22f-6950-489b-914d-fa953a8081f6;7440-16-6;kg Cu eq/kg
Raw;in ground;Selenium;Selenium;#2ca02c;2.913047977458536;NL;5f47f918-1c32-5870-b992-db91f843ff34;7782-49-2;kg Cu eq/kg
Raw;in ground;Silver;Silver;#1f77b4;7.086714512666666;NL;361a64cb-ab76-4a72-9ea1-c07d6a20c124;7440-22-4;kg Cu eq/kg
Raw;in ground;Coal, hard;Steam Coal;#4D4D4D;0.08795256952832174;NL;b6d0042d-0ef8-49ed-9162-a07ff1ccf750;;kg Cu eq/kg
Raw;in ground;Sulfur;Sulfur;#2ca02c;0.02002806555702406;NL;852281f6-db73-4250-84d3-86b569fce0c1;7704-34-9;kg Cu eq/kg
Raw;in ground;Tantalum;Tantalum;#98df8a;3.251117521838572;NL;775fdf03-b0bb-5c25-b14d-107231d5b2f0;7440-25-7;kg Cu eq/kg
Raw;in ground;Tellurium;Tellurium;#c49c94;11.58361107239781;NL;7b6da1f2-e191-5a77-ae06-af96201f5803;13494-80-9;kg Cu eq/kg
Raw;in ground;Tin;Tin;#d62728;4.110875702104122;NL;53d5ef26-66d8-4536-afa2-2f6b114189ba;7440-31-5;kg Cu eq/kg
Raw;in ground;Titanium;Titanium;#ff7f0e;0.1823964007747937;NL;2f033407-6060-4e1e-868c-9f362d10fdb2;7440-32-6;kg Cu eq/kg
Raw;in ground;Tungsten;Tungsten;#ff9896;9.341460352295526;NL;ebcc1f0c-6b19-501d-86a4-629df2a457b5;7440-33-7;kg Cu eq/kg
Raw;in ground;Uranium;Uranium;#9467bd;22.70365865563459;NL;2ba5e39b-adb6-4767-a51d-90c1cf32fe98;7440-61-1;kg Cu eq/kg
Raw;in ground;Vanadium;Vanadium;#7f7f7f;10.5765697239519;NL;c9c4b80a-73dd-415a-92fb-f877595651c1;7440-62-2;kg Cu eq/kg
Raw;in ground;Zinc;Zinc;#8c564b;0.1809045630442402;NL;be73218b-18af-492e-96e6-addd309d1e32;7440-66-6;kg Cu eq/kg
Raw;in ground;Zirconia, as baddeleyite;Zirconium;#cccccc;0.5725952226683082;NL;e07b4402-abe3-4346-8c42-051c5983bd1e;12036-23-6;kg Cu eq/kg
Raw;in ground;Zirconium;Zirconium;#c49c94;0.5725952226683082;NL;cd2932c5-a486-4bf1-99b8-815d8a7ce11a;7440-67-7;kg Cu eq/kg
Raw;in ground;;;;0.0001256499033206654;NZ;;;kg Cu eq/kg
Raw;in ground;Antimony;Antimony;#e377c2;0.0;NZ;47262180-8308-5d4c-9332-c77617e032ef;7440-36-0;kg Cu eq/kg
Raw;in ground;Arsenic;Arsenic;#f7b6d2;0.03844822148694818;NZ;e16fd15c-0ebc-55ba-8d3b-9704f13663cb;7440-38-2;kg Cu eq/kg
Raw;in ground;;;;0.02061268463114425;NZ;;;kg Cu eq/kg
Raw;in ground;Barium;Baryte;#7f7f7f;0.09254007236427789;NZ;240177d8-6f3b-43f5-8d1e-0c18114dfa02;7440-39-3;kg Cu eq/kg
Raw;in ground;Aluminium;Bauxite;#bcbd22;0.1911933897168161;NZ;a45cd247-3532-4e27-bddc-b519fdb5e08f;7429-90-5;kg Cu eq/kg
Raw;in ground;Clay, bentonite;Bentonite;#aec7e8;0.09153520569299757;NZ;93806a54-46f5-409c-99c5-4144a1e73b5d;1302-78-9;kg Cu eq/kg
Raw;in ground;Beryllium;Beryllium;#ffbb78;0.0;NZ;68f7bc03-0665-55a1-bd99-96530eab30e2;7440-41-7;kg Cu eq/kg
Raw;in ground;Bismuth;Bismuth;#cccccc;6.733140333576481;NZ;0124b342-4bdd-5cbf-ba2a-dce8a259755c;7440-69-9;kg Cu eq/kg
Raw;in ground;Borax;Boron;#c7c7c7;0.2298112314677257;NZ;eead2933-c2be-4a53-a0bd-bd33b67e4145;1303-96-4;kg Cu eq/kg
Raw;in ground;Boron;Boron;#bcbd22;0.2298112314677257;NZ;b053aa52-bfac-5435-a0b1-4ca374b0e991;7440-42-8;kg Cu eq/kg
Raw;in ground;Cadmium;Cadmium;#dbdb8d;0.6271219163362481;NZ;bf377e4f-3a95-4ce2-a9ba-66ee31f00f60;7440-43-9;kg Cu eq/kg
Raw;in ground;Chromium;Chromite;#f7b6d2;0.4006784834754106;NZ;e189e2d4-3d3f-4ada-b302-91611784311f;7440-47-3;kg Cu eq/kg
Raw;in ground;Cobalt;Cobalt;#ff9896;5.929454736313683;NZ;d0779a5e-6969-4144-954e-ceb81fb83f15;7440-48-4;kg Cu eq/kg
Raw;in ground;;;;0.002409931211346774;NZ;;;kg Cu eq/kg
Raw;in ground;Copper;Copper;#9467bd;660.7436447427068;NZ;a9ac40a0-9bea-4c48-afa7-66aa6eb90624;7440-50-8;kg Cu eq/kg
Raw;in ground;Diatomite;Diatomite;#2ca02c;0.2393151065614876;NZ;9877ce00-65f8-4c0c-9fcf-92aa53a2c9c0;61790-53-2;kg Cu eq/kg
Raw;in ground;Feldspar;Feldspar;#e377c2;0.1299071380972444;NZ;26296ec9-ff93-41e6-bbbf-6175af04284d;68476-25-5;kg Cu eq/kg
Raw;in ground;Fluorspar;Fluorspar;#c7c7c7;0.0;NZ;0fa4f51e-b0dc-5d11-84d3-b32f0f3c88d5;14542-23-5;kg Cu eq/kg
Raw;in ground;Germanium;Germanium;#dbdb8d;0.0;NZ;d3e547dc-1a29-5ece-8dbb-bd9c0ad3cc46;7440-56-4;kg Cu eq/kg
Raw;in ground;Gold;Gold;#dbdb8d;91.91232314061129;NZ;d080e6a4-42c6-484e-b5d7-d74693aec7d9;7440-57-5;kg Cu eq/kg
Raw;in ground;Graphite;Graphite;#17becf;4.26158195462904;NZ;5666353e-2db2-41d3-8414-404709151422;7782-42-5;kg Cu eq/kg
Raw;in ground;Anhydrite;Gypsum;#1f77b4;0.002457122687721595;NZ;6df9ea09-115a-4678-9f30-d92c877a46ec;7778-18-9;kg Cu eq/kg
Raw;in ground;Gypsum;Gypsum;#1f77b4;0.002457122687721595;NZ;11a2a7b1-ab2f-47b8-9e29-6f33d5207fa6;13397-24-5;kg Cu eq/kg
Raw;in ground;Iron;Iron;#ffbb78;8.23072951489844e-06;NZ;8ce3ff02-7a1e-48e3-881e-3248b944f28a;7439-89-6;kg Cu eq/kg
Raw;in ground;Kaolinite;Kaolin;#2ca02c;0.006987172514497767;NZ;81ff5c0b-c44f-534e-a55e-8fc017e33dd2;;kg Cu eq/kg
Raw;in ground;Lead;Lead;#2ca02c;1.571637721886567;NZ;fbcb9c7a-eea7-4694-ba6c-568e01d28883;7439-92-1;kg Cu eq/kg
Raw;in ground;Coal, brown;Lignite;#4D4D4D;5.660318503409827e-06;NZ;024c9722-1e88-412b-8c4b-10c532be8dca;;kg Cu eq/kg
Raw;in ground;Lithium;Lithium;#A9CBA7;14.9080873278165;NZ;7d2c1cdd-a64a-5936-a577-5b82db0c0d1b;7439-93-2;kg Cu eq/kg
Raw;in ground;Magnesite;Magnesite;#c5b0d5;0.2298141498787977;NZ;a4bab069-74a9-5b4c-8d6e-5ca984cd9ecd;546-93-0;kg Cu eq/kg
Raw;in ground;Magnesium;Magnesite;#9467bd;0.2298141498787977;NZ;9e5823ad-9d9b-4b98-b627-e39611b6a8bd;546-93-0;kg Cu eq/kg
Raw;in ground;Manganese;Manganese;#7f7f7f;0.1162038166800527;NZ;c2586875-bb56-4b1e-84c5-5ff255a1108b;7439-96-5;kg Cu eq/kg
Raw;in ground;Mercury;Mercury;#8c564b;0.0;NZ;54b9cbd0-65df-4fd3-8a19-dd3b8eccc619;7439-97-6;kg Cu eq/kg
Raw;in ground;Molybdenum;Molybdenum;#c49c94;2.343229576767274;NZ;e5a3dff5-72dc-5287-893c-597dd4a19566;7439-98-7;kg Cu eq/kg
Raw;in ground;Gas, natural;Natural gas;#FFE680;0.003405698622179738;NZ;7c337428-fb1b-45c7-bbb2-2ee4d29e17ba;8006-14-2;kg Cu eq/kg
Raw;in ground;Nickel;Nickel;#c49c94;0.0;NZ;974213ef-1ba0-40e5-bc7b-52ef099e9e09;7440-02-0;kg Cu eq/kg
Raw;in ground;Niobium;Niobium;#bcbd22;47.27428327382189;NZ;8de8befc-efa2-5d07-a58b-b29ea97a3f41;7440-03-1;kg Cu eq/kg
Raw;in ground;Palladium;Palladium;#f7b6d2;8018.814410345261;NZ;edc69c63-a776-4dbf-acbf-e0368914980a;7440-05-3;kg Cu eq/kg
Raw;in ground;Oil, crude;Crude oil;#FFB570;0.02503990842019865;NZ;88d06db9-59a1-4719-9174-afeb1fa4026a;;kg Cu eq/kg
Raw;in ground;Phosphorus;Phosphate;#c7c7c7;0.1045919395835952;NZ;483ae3c5-4eb0-46e4-b811-a72ad391716b;;kg Cu eq/kg
Raw;in ground;Platinum;Platinum;#bcbd22;167.1032703768754;NZ;d13b2665-505d-49e2-8edd-dc966b0342af;7440-06-4;kg Cu eq/kg
Raw;in ground;Cerium;Rare earth;#1f77b4;6.859133514955691;NZ;4057f8b4-f20a-59c9-9bb7-fdeaf5ad106d;;kg Cu eq/kg
Raw;in ground;Dysprosium;Rare earth;#98df8a;6.859133514955691;NZ;9e28eac3-49f9-5a0d-a8d0-dc4e071ad9e6;7429-91-6;kg Cu eq/kg
Raw;in ground;Erbium;Rare earth;#cccccc;6.859133514955691;NZ;110a04f0-af53-5499-b22e-79b1b91e5a66;7440-52-0;kg Cu eq/kg
Raw;in ground;Europium;Rare earth;#d62728;6.859133514955691;NZ;3d73ec21-de4d-5b68-b504-4ef59e15bd0e;7440-53-1;kg Cu eq/kg
Raw;in ground;Gadolinium;Rare earth;#9467bd;6.859133514955691;NZ;f55e2203-ef91-50bf-8f5a-119bb210522c;7440-54-2;kg Cu eq/kg
Raw;in ground;Holmium;Rare earth;#cccccc;6.859133514955691;NZ;f2f53dc8-8e09-511f-8dd2-4bae3625ba27;7440-60-0;kg Cu eq/kg
Raw;in ground;Lanthanum;Rare earth;#7f7f7f;6.859133514955691;NZ;176598c1-699c-5dd8-8c33-d269ff7f5edd;;kg Cu eq/kg
Raw;in ground;Lutetium;Rare earth;#cccccc;6.859133514955691;NZ;d9a2f8e5-f04a-5ffa-8c75-8133ac7f525c;7439-94-3;kg Cu eq/kg
Raw;in ground;Neodymium;Rare earth;#c7c7c7;6.859133514955691;NZ;db0c855c-e9ef-58d9-97cc-960e646fc882;;kg Cu eq/kg
Raw;in ground;Praseodymium;Rare earth;#17becf;6.859133514955691;NZ;35da65ff-7287-571d-b859-13d398ac5182;7440-10-0;kg Cu eq/kg
Raw;in ground;Samarium;Rare earth;#aec7e8;6.859133514955691;NZ;cf791833-26bc-5207-a9bd-6ddcd8ac7625;7440-19-9;kg Cu eq/kg
Raw;in ground;Scandium;Rare earth;#ffbb78;6.859133514955691;NZ;7f9f9b59-35a0-584d-ad5e-07da01dde768;;kg Cu eq/kg
Raw;in ground;Terbium;Rare earth;#e377c2;6.859133514955691;NZ;6ec6a8a8-4c94-5bc5-93c5-62928fcf3935;7440-27-9;kg Cu eq/kg
Raw;in ground;Thulium;Rare earth;#cccccc;6.859133514955691;NZ;a34e010c-6f68-5c79-8b45-2955b91f7dc2;7440-30-4;kg Cu eq/kg
Raw;in ground;Ytterbium;Rare earth;#cccccc;6.859133514955691;NZ;ea659cca-fe3d-5b03-90d2-60719a862874;7440-64-4;kg Cu eq/kg
Raw;in ground;Yttrium;Rare earth;#c7c7c7;6.859133514955691;NZ;89b567f2-2cab-503e-b796-42cba72fce16;7440-65-5;kg Cu eq/kg
Raw;in ground;Rhodium;Rhodium;#9edae5;8522.52321692593;NZ;4803f22f-6950-489b-914d-fa953a8081f6;7440-16-6;kg Cu eq/kg
Raw;in ground;Selenium;Selenium;#2ca02c;3.94277441877155;NZ;5f47f918-1c32-5870-b992-db91f843ff34;7782-49-2;kg Cu eq/kg
Raw;in ground;Silver;Silver;#1f77b4;0.0;NZ;361a64cb-ab76-4a72-9ea1-c07d6a20c124;7440-22-4;kg Cu eq/kg
Raw;in ground;Coal, hard;Steam Coal;#4D4D4D;0.01824034563456276;NZ;b6d0042d-0ef8-49ed-9162-a07ff1ccf750;;kg Cu eq/kg
Raw;in ground;Sulfur;Sulfur;#2ca02c;0.02264519111562094;NZ;852281f6-db73-4250-84d3-86b569fce0c1;7704-34-9;kg Cu eq/kg
Raw;in ground;Tantalum;Tantalum;#98df8a;89.29505158034853;NZ;775fdf03-b0bb-5c25-b14d-107231d5b2f0;7440-25-7;kg Cu eq/kg
Raw;in ground;Tellurium;Tellurium;#c49c94;15.94358807572092;NZ;7b6da1f2-e191-5a77-ae06-af96201f5803;13494-80-9;kg Cu eq/kg
Raw;in ground;Tin;Tin;#d62728;0.2756481187164163;NZ;53d5ef26-66d8-4536-afa2-2f6b114189ba;7440-31-5;kg Cu eq/kg
Raw;in ground;Titanium;Titanium;#ff7f0e;0.4710575778129797;NZ;2f033407-6060-4e1e-868c-9f362d10fdb2;7440-32-6;kg Cu eq/kg
Raw;in ground;Tungsten;Tungsten;#ff9896;33.90609175009386;NZ;ebcc1f0c-6b19-501d-86a4-629df2a457b5;7440-33-7;kg Cu eq/kg
Raw;in ground;Uranium;Uranium;#9467bd;0.0;NZ;2ba5e39b-adb6-4767-a51d-90c1cf32fe98;7440-61-1;kg Cu eq/kg
Raw;in ground;Vanadium;Vanadium;#7f7f7f;15.66541071292709;NZ;c9c4b80a-73dd-415a-92fb-f877595651c1;7440-62-2;kg Cu eq/kg
Raw;in ground;Zinc;Zinc;#8c564b;0.0;NZ;be73218b-18af-492e-96e6-addd309d1e32;7440-66-6;kg Cu eq/kg
Raw;in ground;Zirconia, as baddeleyite;Zirconium;#cccccc;1.006632757890569;NZ;e07b4402-abe3-4346-8c42-051c5983bd1e;12036-23-6;kg Cu eq/kg
Raw;in ground;Zirconium;Zirconium;#c49c94;1.006632757890569;NZ;cd2932c5-a486-4bf1-99b8-815d8a7ce11a;7440-67-7;kg Cu eq/kg
Raw;in ground;;;;0.2124757391651524;NO;;;kg Cu eq/kg
Raw;in ground;Antimony;Antimony;#e377c2;62.87929219052457;NO;47262180-8308-5d4c-9332-c77617e032ef;7440-36-0;kg Cu eq/kg
Raw;in ground;Arsenic;Arsenic;#f7b6d2;4.912686171929291;NO;e16fd15c-0ebc-55ba-8d3b-9704f13663cb;7440-38-2;kg Cu eq/kg
Raw;in ground;;;;0.0;NO;;;kg Cu eq/kg
Raw;in ground;Barium;Baryte;#7f7f7f;0.03320826464561895;NO;240177d8-6f3b-43f5-8d1e-0c18114dfa02;7440-39-3;kg Cu eq/kg
Raw;in ground;Aluminium;Bauxite;#bcbd22;0.06624829299504911;NO;a45cd247-3532-4e27-bddc-b519fdb5e08f;7429-90-5;kg Cu eq/kg
Raw;in ground;Clay, bentonite;Bentonite;#aec7e8;0.05536056052904751;NO;93806a54-46f5-409c-99c5-4144a1e73b5d;1302-78-9;kg Cu eq/kg
Raw;in ground;Beryllium;Beryllium;#ffbb78;42.45035577390846;NO;68f7bc03-0665-55a1-bd99-96530eab30e2;7440-41-7;kg Cu eq/kg
Raw;in ground;Bismuth;Bismuth;#cccccc;19.45978790135907;NO;0124b342-4bdd-5cbf-ba2a-dce8a259755c;7440-69-9;kg Cu eq/kg
Raw;in ground;Borax;Boron;#c7c7c7;0.2216756240401905;NO;eead2933-c2be-4a53-a0bd-bd33b67e4145;1303-96-4;kg Cu eq/kg
Raw;in ground;Boron;Boron;#bcbd22;0.2216756240401905;NO;b053aa52-bfac-5435-a0b1-4ca374b0e991;7440-42-8;kg Cu eq/kg
Raw;in ground;Cadmium;Cadmium;#dbdb8d;0.0008257991829213167;NO;bf377e4f-3a95-4ce2-a9ba-66ee31f00f60;7440-43-9;kg Cu eq/kg
Raw;in ground;Chromium;Chromite;#f7b6d2;0.1065919558045006;NO;e189e2d4-3d3f-4ada-b302-91611784311f;7440-47-3;kg Cu eq/kg
Raw;in ground;Cobalt;Cobalt;#ff9896;27.4556970941379;NO;d0779a5e-6969-4144-954e-ceb81fb83f15;7440-48-4;kg Cu eq/kg
Raw;in ground;;;;0.2420922178370272;NO;;;kg Cu eq/kg
Raw;in ground;Copper;Copper;#9467bd;0.4073570454706516;NO;a9ac40a0-9bea-4c48-afa7-66aa6eb90624;7440-50-8;kg Cu eq/kg
Raw;in ground;Diatomite;Diatomite;#2ca02c;0.1040737139820138;NO;9877ce00-65f8-4c0c-9fcf-92aa53a2c9c0;61790-53-2;kg Cu eq/kg
Raw;in ground;Feldspar;Feldspar;#e377c2;0.009504544506762367;NO;26296ec9-ff93-41e6-bbbf-6175af04284d;68476-25-5;kg Cu eq/kg
Raw;in ground;Fluorspar;Fluorspar;#c7c7c7;0.2390175484413195;NO;0fa4f51e-b0dc-5d11-84d3-b32f0f3c88d5;14542-23-5;kg Cu eq/kg
Raw;in ground;Germanium;Germanium;#dbdb8d;0.0;NO;d3e547dc-1a29-5ece-8dbb-bd9c0ad3cc46;7440-56-4;kg Cu eq/kg
Raw;in ground;Gold;Gold;#dbdb8d;47.30997396189408;NO;d080e6a4-42c6-484e-b5d7-d74693aec7d9;7440-57-5;kg Cu eq/kg
Raw;in ground;Graphite;Graphite;#17becf;0.04131261584886489;NO;5666353e-2db2-41d3-8414-404709151422;7782-42-5;kg Cu eq/kg
Raw;in ground;Anhydrite;Gypsum;#1f77b4;0.001656286261881308;NO;6df9ea09-115a-4678-9f30-d92c877a46ec;7778-18-9;kg Cu eq/kg
Raw;in ground;Gypsum;Gypsum;#1f77b4;0.001656286261881308;NO;11a2a7b1-ab2f-47b8-9e29-6f33d5207fa6;13397-24-5;kg Cu eq/kg
Raw;in ground;Iron;Iron;#ffbb78;0.001330034725193214;NO;8ce3ff02-7a1e-48e3-881e-3248b944f28a;7439-89-6;kg Cu eq/kg
Raw;in ground;Kaolinite;Kaolin;#2ca02c;0.03452705735638924;NO;81ff5c0b-c44f-534e-a55e-8fc017e33dd2;;kg Cu eq/kg
Raw;in ground;Lead;Lead;#2ca02c;12.45345356049652;NO;fbcb9c7a-eea7-4694-ba6c-568e01d28883;7439-92-1;kg Cu eq/kg
Raw;in ground;Coal, brown;Lignite;#4D4D4D;0.003915557603660267;NO;024c9722-1e88-412b-8c4b-10c532be8dca;;kg Cu eq/kg
Raw;in ground;Lithium;Lithium;#A9CBA7;11.27534309600313;NO;7d2c1cdd-a64a-5936-a577-5b82db0c0d1b;7439-93-2;kg Cu eq/kg
Raw;in ground;Magnesite;Magnesite;#c5b0d5;7.143422307834179;NO;a4bab069-74a9-5b4c-8d6e-5ca984cd9ecd;546-93-0;kg Cu eq/kg
Raw;in ground;Magnesium;Magnesite;#9467bd;7.143422307834179;NO;9e5823ad-9d9b-4b98-b627-e39611b6a8bd;546-93-0;kg Cu eq/kg
Raw;in ground;Manganese;Manganese;#7f7f7f;0.07248399032458334;NO;c2586875-bb56-4b1e-84c5-5ff255a1108b;7439-96-5;kg Cu eq/kg
Raw;in ground;Mercury;Mercury;#8c564b;106.7112448172684;NO;54b9cbd0-65df-4fd3-8a19-dd3b8eccc619;7439-97-6;kg Cu eq/kg
Raw;in ground;Molybdenum;Molybdenum;#c49c94;0.9300022608525793;NO;e5a3dff5-72dc-5287-893c-597dd4a19566;7439-98-7;kg Cu eq/kg
Raw;in ground;Gas, natural;Natural gas;#FFE680;0.03357827979679316;NO;7c337428-fb1b-45c7-bbb2-2ee4d29e17ba;8006-14-2;kg Cu eq/kg
Raw;in ground;Nickel;Nickel;#c49c94;0.8129499239087287;NO;974213ef-1ba0-40e5-bc7b-52ef099e9e09;7440-02-0;kg Cu eq/kg
Raw;in ground;Niobium;Niobium;#bcbd22;22.23735707911594;NO;8de8befc-efa2-5d07-a58b-b29ea97a3f41;7440-03-1;kg Cu eq/kg
Raw;in ground;Palladium;Palladium;#f7b6d2;21203.46202440953;NO;edc69c63-a776-4dbf-acbf-e0368914980a;7440-05-3;kg Cu eq/kg
Raw;in ground;Oil, crude;Crude oil;#FFB570;0.0009784574511184467;NO;88d06db9-59a1-4719-9174-afeb1fa4026a;;kg Cu eq/kg
Raw;in ground;Phosphorus;Phosphate;#c7c7c7;0.07287445952915342;NO;483ae3c5-4eb0-46e4-b811-a72ad391716b;;kg Cu eq/kg
Raw;in ground;Platinum;Platinum;#bcbd22;2413.41861918836;NO;d13b2665-505d-49e2-8edd-dc966b0342af;7440-06-4;kg Cu eq/kg
Raw;in ground;Cerium;Rare earth;#1f77b4;11.66779300888357;NO;4057f8b4-f20a-59c9-9bb7-fdeaf5ad106d;;kg Cu eq/kg
Raw;in ground;Dysprosium;Rare earth;#98df8a;11.66779300888357;NO;9e28eac3-49f9-5a0d-a8d0-dc4e071ad9e6;7429-91-6;kg Cu eq/kg
Raw;in ground;Erbium;Rare earth;#cccccc;11.66779300888357;NO;110a04f0-af53-5499-b22e-79b1b91e5a66;7440-52-0;kg Cu eq/kg
Raw;in ground;Europium;Rare earth;#d62728;11.66779300888357;NO;3d73ec21-de4d-5b68-b504-4ef59e15bd0e;7440-53-1;kg Cu eq/kg
Raw;in ground;Gadolinium;Rare earth;#9467bd;11.66779300888357;NO;f55e2203-ef91-50bf-8f5a-119bb210522c;7440-54-2;kg Cu eq/kg
Raw;in ground;Holmium;Rare earth;#cccccc;11.66779300888357;NO;f2f53dc8-8e09-511f-8dd2-4bae3625ba27;7440-60-0;kg Cu eq/kg
Raw;in ground;Lanthanum;Rare earth;#7f7f7f;11.66779300888357;NO;176598c1-699c-5dd8-8c33-d269ff7f5edd;;kg Cu eq/kg
Raw;in ground;Lutetium;Rare earth;#cccccc;11.66779300888357;NO;d9a2f8e5-f04a-5ffa-8c75-8133ac7f525c;7439-94-3;kg Cu eq/kg
Raw;in ground;Neodymium;Rare earth;#c7c7c7;11.66779300888357;NO;db0c855c-e9ef-58d9-97cc-960e646fc882;;kg Cu eq/kg
Raw;in ground;Praseodymium;Rare earth;#17becf;11.66779300888357;NO;35da65ff-7287-571d-b859-13d398ac5182;7440-10-0;kg Cu eq/kg
Raw;in ground;Samarium;Rare earth;#aec7e8;11.66779300888357;NO;cf791833-26bc-5207-a9bd-6ddcd8ac7625;7440-19-9;kg Cu eq/kg
Raw;in ground;Scandium;Rare earth;#ffbb78;11.66779300888357;NO;7f9f9b59-35a0-584d-ad5e-07da01dde768;;kg Cu eq/kg
Raw;in ground;Terbium;Rare earth;#e377c2;11.66779300888357;NO;6ec6a8a8-4c94-5bc5-93c5-62928fcf3935;7440-27-9;kg Cu eq/kg
Raw;in ground;Thulium;Rare earth;#cccccc;11.66779300888357;NO;a34e010c-6f68-5c79-8b45-2955b91f7dc2;7440-30-4;kg Cu eq/kg
Raw;in ground;Ytterbium;Rare earth;#cccccc;11.66779300888357;NO;ea659cca-fe3d-5b03-90d2-60719a862874;7440-64-4;kg Cu eq/kg
Raw;in ground;Yttrium;Rare earth;#c7c7c7;11.66779300888357;NO;89b567f2-2cab-503e-b796-42cba72fce16;7440-65-5;kg Cu eq/kg
Raw;in ground;Rhodium;Rhodium;#9edae5;40391.16950542812;NO;4803f22f-6950-489b-914d-fa953a8081f6;7440-16-6;kg Cu eq/kg
Raw;in ground;Selenium;Selenium;#2ca02c;1.728612272852467;NO;5f47f918-1c32-5870-b992-db91f843ff34;7782-49-2;kg Cu eq/kg
Raw;in ground;Silver;Silver;#1f77b4;11.8107472708571;NO;361a64cb-ab76-4a72-9ea1-c07d6a20c124;7440-22-4;kg Cu eq/kg
Raw;in ground;Coal, hard;Steam Coal;#4D4D4D;0.1955101404475305;NO;b6d0042d-0ef8-49ed-9162-a07ff1ccf750;;kg Cu eq/kg
Raw;in ground;Sulfur;Sulfur;#2ca02c;0.004797934621696827;NO;852281f6-db73-4250-84d3-86b569fce0c1;7704-34-9;kg Cu eq/kg
Raw;in ground;Tantalum;Tantalum;#98df8a;80.82506168949898;NO;775fdf03-b0bb-5c25-b14d-107231d5b2f0;7440-25-7;kg Cu eq/kg
Raw;in ground;Tellurium;Tellurium;#c49c94;197.0816750424526;NO;7b6da1f2-e191-5a77-ae06-af96201f5803;13494-80-9;kg Cu eq/kg
Raw;in ground;Tin;Tin;#d62728;1.973210414350962;NO;53d5ef26-66d8-4536-afa2-2f6b114189ba;7440-31-5;kg Cu eq/kg
Raw;in ground;Titanium;Titanium;#ff7f0e;0.04098569057903709;NO;2f033407-6060-4e1e-868c-9f362d10fdb2;7440-32-6;kg Cu eq/kg
Raw;in ground;Tungsten;Tungsten;#ff9896;58.39309359614252;NO;ebcc1f0c-6b19-501d-86a4-629df2a457b5;7440-33-7;kg Cu eq/kg
Raw;in ground;Uranium;Uranium;#9467bd;0.0;NO;2ba5e39b-adb6-4767-a51d-90c1cf32fe98;7440-61-1;kg Cu eq/kg
Raw;in ground;Vanadium;Vanadium;#7f7f7f;12.01392200599137;NO;c9c4b80a-73dd-415a-92fb-f877595651c1;7440-62-2;kg Cu eq/kg
Raw;in ground;Zinc;Zinc;#8c564b;0.1509694876564707;NO;be73218b-18af-492e-96e6-addd309d1e32;7440-66-6;kg Cu eq/kg
Raw;in ground;Zirconia, as baddeleyite;Zirconium;#cccccc;0.0;NO;e07b4402-abe3-4346-8c42-051c5983bd1e;12036-23-6;kg Cu eq/kg
Raw;in ground;Zirconium;Zirconium;#c49c94;0.0;NO;cd2932c5-a486-4bf1-99b8-815d8a7ce11a;7440-67-7;kg Cu eq/kg
Raw;in ground;;;;0.01715299188026854;IN;;;kg Cu eq/kg
Raw;in ground;Antimony;Antimony;#e377c2;1.337998029520166;IN;47262180-8308-5d4c-9332-c77617e032ef;7440-36-0;kg Cu eq/kg
Raw;in ground;Arsenic;Arsenic;#f7b6d2;0.6510546791255264;IN;e16fd15c-0ebc-55ba-8d3b-9704f13663cb;7440-38-2;kg Cu eq/kg
Raw;in ground;;;;0.2754452456840802;IN;;;kg Cu eq/kg
Raw;in ground;Barium;Baryte;#7f7f7f;0.000687110268861988;IN;240177d8-6f3b-43f5-8d1e-0c18114dfa02;7440-39-3;kg Cu eq/kg
Raw;in ground;Aluminium;Bauxite;#bcbd22;0.003114543482732326;IN;a45cd247-3532-4e27-bddc-b519fdb5e08f;7429-90-5;kg Cu eq/kg
Raw;in ground;Clay, bentonite;Bentonite;#aec7e8;0.001385204498723113;IN;93806a54-46f5-409c-99c5-4144a1e73b5d;1302-78-9;kg Cu eq/kg
Raw;in ground;Beryllium;Beryllium;#ffbb78;6.07895066921459;IN;68f7bc03-0665-55a1-bd99-96530eab30e2;7440-41-7;kg Cu eq/kg
Raw;in ground;Bismuth;Bismuth;#cccccc;6.739942839952979;IN;0124b342-4bdd-5cbf-ba2a-dce8a259755c;7440-69-9;kg Cu eq/kg
Raw;in ground;Borax;Boron;#c7c7c7;0.2337031523809687;IN;eead2933-c2be-4a53-a0bd-bd33b67e4145;1303-96-4;kg Cu eq/kg
Raw;in ground;Boron;Boron;#bcbd22;0.2337031523809687;IN;b053aa52-bfac-5435-a0b1-4ca374b0e991;7440-42-8;kg Cu eq/kg
Raw;in ground;Cadmium;Cadmium;#dbdb8d;0.6805011419433799;IN;bf377e4f-3a95-4ce2-a9ba-66ee31f00f60;7440-43-9;kg Cu eq/kg
Raw;in ground;Chromium;Chromite;#f7b6d2;0.01203560916634329;IN;e189e2d4-3d3f-4ada-b302-91611784311f;7440-47-3;kg Cu eq/kg
Raw;in ground;Cobalt;Cobalt;#ff9896;25.81441511064405;IN;d0779a5e-6969-4144-954e-ceb81fb83f15;7440-48-4;kg Cu eq/kg
Raw;in ground;;;;0.01774705330074311;IN;;;kg Cu eq/kg
Raw;in ground;Copper;Copper;#9467bd;0.4851383567162195;IN;a9ac40a0-9bea-4c48-afa7-66aa6eb90624;7440-50-8;kg Cu eq/kg
Raw;in ground;Diatomite;Diatomite;#2ca02c;0.1539503198180993;IN;9877ce00-65f8-4c0c-9fcf-92aa53a2c9c0;61790-53-2;kg Cu eq/kg
Raw;in ground;Feldspar;Feldspar;#e377c2;0.003416623285590399;IN;26296ec9-ff93-41e6-bbbf-6175af04284d;68476-25-5;kg Cu eq/kg
Raw;in ground;Fluorspar;Fluorspar;#c7c7c7;0.3513381901342657;IN;0fa4f51e-b0dc-5d11-84d3-b32f0f3c88d5;14542-23-5;kg Cu eq/kg
Raw;in ground;Germanium;Germanium;#dbdb8d;0.0;IN;d3e547dc-1a29-5ece-8dbb-bd9c0ad3cc46;7440-56-4;kg Cu eq/kg
Raw;in ground;Gold;Gold;#dbdb8d;1122.750984997965;IN;d080e6a4-42c6-484e-b5d7-d74693aec7d9;7440-57-5;kg Cu eq/kg
Raw;in ground;Graphite;Graphite;#17becf;0.2072842593808239;IN;5666353e-2db2-41d3-8414-404709151422;7782-42-5;kg Cu eq/kg
Raw;in ground;Anhydrite;Gypsum;#1f77b4;0.0009008386140347615;IN;6df9ea09-115a-4678-9f30-d92c877a46ec;7778-18-9;kg Cu eq/kg
Raw;in ground;Gypsum;Gypsum;#1f77b4;0.0009008386140347615;IN;11a2a7b1-ab2f-47b8-9e29-6f33d5207fa6;13397-24-5;kg Cu eq/kg
Raw;in ground;Iron;Iron;#ffbb78;0.0003183718747865859;IN;8ce3ff02-7a1e-48e3-881e-3248b944f28a;7439-89-6;kg Cu eq/kg
Raw;in ground;Kaolinite;Kaolin;#2ca02c;0.001789308603927615;IN;81ff5c0b-c44f-534e-a55e-8fc017e33dd2;;kg Cu eq/kg
Raw;in ground;Lead;Lead;#2ca02c;0.004757730755774324;IN;fbcb9c7a-eea7-4694-ba6c-568e01d28883;7439-92-1;kg Cu eq/kg
Raw;in ground;Coal, brown;Lignite;#4D4D4D;1.521187679764828e-05;IN;024c9722-1e88-412b-8c4b-10c532be8dca;;kg Cu eq/kg
Raw;in ground;Lithium;Lithium;#A9CBA7;12.27435157132729;IN;7d2c1cdd-a64a-5936-a577-5b82db0c0d1b;7439-93-2;kg Cu eq/kg
Raw;in ground;Magnesite;Magnesite;#c5b0d5;0.008709072017275873;IN;a4bab069-74a9-5b4c-8d6e-5ca984cd9ecd;546-93-0;kg Cu eq/kg
Raw;in ground;Magnesium;Magnesite;#9467bd;0.008709072017275873;IN;9e5823ad-9d9b-4b98-b627-e39611b6a8bd;546-93-0;kg Cu eq/kg
Raw;in ground;Manganese;Manganese;#7f7f7f;0.04246381375842833;IN;c2586875-bb56-4b1e-84c5-5ff255a1108b;7439-96-5;kg Cu eq/kg
Raw;in ground;Mercury;Mercury;#8c564b;8.869595908091375;IN;54b9cbd0-65df-4fd3-8a19-dd3b8eccc619;7439-97-6;kg Cu eq/kg
Raw;in ground;Molybdenum;Molybdenum;#c49c94;2.743580375078633;IN;e5a3dff5-72dc-5287-893c-597dd4a19566;7439-98-7;kg Cu eq/kg
Raw;in ground;Gas, natural;Natural gas;#FFE680;0.08730374425613217;IN;7c337428-fb1b-45c7-bbb2-2ee4d29e17ba;8006-14-2;kg Cu eq/kg
Raw;in ground;Nickel;Nickel;#c49c94;0.1392847543700582;IN;974213ef-1ba0-40e5-bc7b-52ef099e9e09;7440-02-0;kg Cu eq/kg
Raw;in ground;Niobium;Niobium;#bcbd22;19.01915398706883;IN;8de8befc-efa2-5d07-a58b-b29ea97a3f41;7440-03-1;kg Cu eq/kg
Raw;in ground;Palladium;Palladium;#f7b6d2;18545.23151178187;IN;edc69c63-a776-4dbf-acbf-e0368914980a;7440-05-3;kg Cu eq/kg
Raw;in ground;Oil, crude;Crude oil;#FFB570;0.08556539466727422;IN;88d06db9-59a1-4719-9174-afeb1fa4026a;;kg Cu eq/kg
Raw;in ground;Phosphorus;Phosphate;#c7c7c7;0.0679987890178863;IN;483ae3c5-4eb0-46e4-b811-a72ad391716b;;kg Cu eq/kg
Raw;in ground;Platinum;Platinum;#bcbd22;920.652114947455;IN;d13b2665-505d-49e2-8edd-dc966b0342af;7440-06-4;kg Cu eq/kg
Raw;in ground;Cerium;Rare earth;#1f77b4;2.892385795559532;IN;4057f8b4-f20a-59c9-9bb7-fdeaf5ad106d;;kg Cu eq/kg
Raw;in ground;Dysprosium;Rare earth;#98df8a;2.892385795559532;IN;9e28eac3-49f9-5a0d-a8d0-dc4e071ad9e6;7429-91-6;kg Cu eq/kg
Raw;in ground;Erbium;Rare earth;#cccccc;2.892385795559532;IN;110a04f0-af53-5499-b22e-79b1b91e5a66;7440-52-0;kg Cu eq/kg
Raw;in ground;Europium;Rare earth;#d62728;2.892385795559532;IN;3d73ec21-de4d-5b68-b504-4ef59e15bd0e;7440-53-1;kg Cu eq/kg
Raw;in ground;Gadolinium;Rare earth;#9467bd;2.892385795559532;IN;f55e2203-ef91-50bf-8f5a-119bb210522c;7440-54-2;kg Cu eq/kg
Raw;in ground;Holmium;Rare earth;#cccccc;2.892385795559532;IN;f2f53dc8-8e09-511f-8dd2-4bae3625ba27;7440-60-0;kg Cu eq/kg
Raw;in ground;Lanthanum;Rare earth;#7f7f7f;2.892385795559532;IN;176598c1-699c-5dd8-8c33-d269ff7f5edd;;kg Cu eq/kg
Raw;in ground;Lutetium;Rare earth;#cccccc;2.892385795559532;IN;d9a2f8e5-f04a-5ffa-8c75-8133ac7f525c;7439-94-3;kg Cu eq/kg
Raw;in ground;Neodymium;Rare earth;#c7c7c7;2.892385795559532;IN;db0c855c-e9ef-58d9-97cc-960e646fc882;;kg Cu eq/kg
Raw;in ground;Praseodymium;Rare earth;#17becf;2.892385795559532;IN;35da65ff-7287-571d-b859-13d398ac5182;7440-10-0;kg Cu eq/kg
Raw;in ground;Samarium;Rare earth;#aec7e8;2.892385795559532;IN;cf791833-26bc-5207-a9bd-6ddcd8ac7625;7440-19-9;kg Cu eq/kg
Raw;in ground;Scandium;Rare earth;#ffbb78;2.892385795559532;IN;7f9f9b59-35a0-584d-ad5e-07da01dde768;;kg Cu eq/kg
Raw;in ground;Terbium;Rare earth;#e377c2;2.892385795559532;IN;6ec6a8a8-4c94-5bc5-93c5-62928fcf3935;7440-27-9;kg Cu eq/kg
Raw;in ground;Thulium;Rare earth;#cccccc;2.892385795559532;IN;a34e010c-6f68-5c79-8b45-2955b91f7dc2;7440-30-4;kg Cu eq/kg
Raw;in ground;Ytterbium;Rare earth;#cccccc;2.892385795559532;IN;ea659cca-fe3d-5b03-90d2-60719a862874;7440-64-4;kg Cu eq/kg
Raw;in ground;Yttrium;Rare earth;#c7c7c7;2.892385795559532;IN;89b567f2-2cab-503e-b796-42cba72fce16;7440-65-5;kg Cu eq/kg
Raw;in ground;Rhodium;Rhodium;#9edae5;111478.6979406097;IN;4803f22f-6950-489b-914d-fa953a8081f6;7440-16-6;kg Cu eq/kg
Raw;in ground;Selenium;Selenium;#2ca02c;3.700576091426983;IN;5f47f918-1c32-5870-b992-db91f843ff34;7782-49-2;kg Cu eq/kg
Raw;in ground;Silver;Silver;#1f77b4;0.1186044946297151;IN;361a64cb-ab76-4a72-9ea1-c07d6a20c124;7440-22-4;kg Cu eq/kg
Raw;in ground;Coal, hard;Steam Coal;#4D4D4D;0.01880976586741312;IN;b6d0042d-0ef8-49ed-9162-a07ff1ccf750;;kg Cu eq/kg
Raw;in ground;Sulfur;Sulfur;#2ca02c;0.006421692106999549;IN;852281f6-db73-4250-84d3-86b569fce0c1;7704-34-9;kg Cu eq/kg
Raw;in ground;Tantalum;Tantalum;#98df8a;43.57338793485954;IN;775fdf03-b0bb-5c25-b14d-107231d5b2f0;7440-25-7;kg Cu eq/kg
Raw;in ground;Tellurium;Tellurium;#c49c94;58.93304745148892;IN;7b6da1f2-e191-5a77-ae06-af96201f5803;13494-80-9;kg Cu eq/kg
Raw;in ground;Tin;Tin;#d62728;0.04545224282576422;IN;53d5ef26-66d8-4536-afa2-2f6b114189ba;7440-31-5;kg Cu eq/kg
Raw;in ground;Titanium;Titanium;#ff7f0e;0.05701693980953802;IN;2f033407-6060-4e1e-868c-9f362d10fdb2;7440-32-6;kg Cu eq/kg
Raw;in ground;Tungsten;Tungsten;#ff9896;6.984540597243402;IN;ebcc1f0c-6b19-501d-86a4-629df2a457b5;7440-33-7;kg Cu eq/kg
Raw;in ground;Uranium;Uranium;#9467bd;0.0;IN;2ba5e39b-adb6-4767-a51d-90c1cf32fe98;7440-61-1;kg Cu eq/kg
Raw;in ground;Vanadium;Vanadium;#7f7f7f;8.84219195097535;IN;c9c4b80a-73dd-415a-92fb-f877595651c1;7440-62-2;kg Cu eq/kg
Raw;in ground;Zinc;Zinc;#8c564b;0.0001646919459486406;IN;be73218b-18af-492e-96e6-addd309d1e32;7440-66-6;kg Cu eq/kg
Raw;in ground;Zirconia, as baddeleyite;Zirconium;#cccccc;0.4278126597627687;IN;e07b4402-abe3-4346-8c42-051c5983bd1e;12036-23-6;kg Cu eq/kg
Raw;in ground;Zirconium;Zirconium;#c49c94;0.4278126597627687;IN;cd2932c5-a486-4bf1-99b8-815d8a7ce11a;7440-67-7;kg Cu eq/kg
Raw;in ground;;;;0.0009962440712986812;ZA;;;kg Cu eq/kg
Raw;in ground;Antimony;Antimony;#e377c2;3.855808611431688;ZA;47262180-8308-5d4c-9332-c77617e032ef;7440-36-0;kg Cu eq/kg
Raw;in ground;Arsenic;Arsenic;#f7b6d2;1.266851486631991;ZA;e16fd15c-0ebc-55ba-8d3b-9704f13663cb;7440-38-2;kg Cu eq/kg
Raw;in ground;;;;0.2039148815651052;ZA;;;kg Cu eq/kg
Raw;in ground;Barium;Baryte;#7f7f7f;0.06089119477787631;ZA;240177d8-6f3b-43f5-8d1e-0c18114dfa02;7440-39-3;kg Cu eq/kg
Raw;in ground;Aluminium;Bauxite;#bcbd22;0.02834961068507322;ZA;a45cd247-3532-4e27-bddc-b519fdb5e08f;7429-90-5;kg Cu eq/kg
Raw;in ground;Clay, bentonite;Bentonite;#aec7e8;0.009923406729141052;ZA;93806a54-46f5-409c-99c5-4144a1e73b5d;1302-78-9;kg Cu eq/kg
Raw;in ground;Beryllium;Beryllium;#ffbb78;1.828752854323872;ZA;68f7bc03-0665-55a1-bd99-96530eab30e2;7440-41-7;kg Cu eq/kg
Raw;in ground;Bismuth;Bismuth;#cccccc;27.08147538290488;ZA;0124b342-4bdd-5cbf-ba2a-dce8a259755c;7440-69-9;kg Cu eq/kg
Raw;in ground;Borax;Boron;#c7c7c7;0.2344506795052806;ZA;eead2933-c2be-4a53-a0bd-bd33b67e4145;1303-96-4;kg Cu eq/kg
Raw;in ground;Boron;Boron;#bcbd22;0.2344506795052806;ZA;b053aa52-bfac-5435-a0b1-4ca374b0e991;7440-42-8;kg Cu eq/kg
Raw;in ground;Cadmium;Cadmium;#dbdb8d;2.164027251495548;ZA;bf377e4f-3a95-4ce2-a9ba-66ee31f00f60;7440-43-9;kg Cu eq/kg
Raw;in ground;Chromium;Chromite;#f7b6d2;7.328521835109568e-05;ZA;e189e2d4-3d3f-4ada-b302-91611784311f;7440-47-3;kg Cu eq/kg
Raw;in ground;Cobalt;Cobalt;#ff9896;14.96018303342457;ZA;d0779a5e-6969-4144-954e-ceb81fb83f15;7440-48-4;kg Cu eq/kg
Raw;in ground;;;;0.005148476918531979;ZA;;;kg Cu eq/kg
Raw;in ground;Copper;Copper;#9467bd;0.0007772393393143029;ZA;a9ac40a0-9bea-4c48-afa7-66aa6eb90624;7440-50-8;kg Cu eq/kg
Raw;in ground;Diatomite;Diatomite;#2ca02c;0.1243800386359504;ZA;9877ce00-65f8-4c0c-9fcf-92aa53a2c9c0;61790-53-2;kg Cu eq/kg
Raw;in ground;Feldspar;Feldspar;#e377c2;0.004015356679657007;ZA;26296ec9-ff93-41e6-bbbf-6175af04284d;68476-25-5;kg Cu eq/kg
Raw;in ground;Fluorspar;Fluorspar;#c7c7c7;8.25647555859104e-05;ZA;0fa4f51e-b0dc-5d11-84d3-b32f0f3c88d5;14542-23-5;kg Cu eq/kg
Raw;in ground;Germanium;Germanium;#dbdb8d;0.0;ZA;d3e547dc-1a29-5ece-8dbb-bd9c0ad3cc46;7440-56-4;kg Cu eq/kg
Raw;in ground;Gold;Gold;#dbdb8d;754.9882898225416;ZA;d080e6a4-42c6-484e-b5d7-d74693aec7d9;7440-57-5;kg Cu eq/kg
Raw;in ground;Graphite;Graphite;#17becf;0.9681021433324163;ZA;5666353e-2db2-41d3-8414-404709151422;7782-42-5;kg Cu eq/kg
Raw;in ground;Anhydrite;Gypsum;#1f77b4;0.001739022020009506;ZA;6df9ea09-115a-4678-9f30-d92c877a46ec;7778-18-9;kg Cu eq/kg
Raw;in ground;Gypsum;Gypsum;#1f77b4;0.001739022020009506;ZA;11a2a7b1-ab2f-47b8-9e29-6f33d5207fa6;13397-24-5;kg Cu eq/kg
Raw;in ground;Iron;Iron;#ffbb78;5.138368762314111e-07;ZA;8ce3ff02-7a1e-48e3-881e-3248b944f28a;7439-89-6;kg Cu eq/kg
Raw;in ground;Kaolinite;Kaolin;#2ca02c;0.04241646248633434;ZA;81ff5c0b-c44f-534e-a55e-8fc017e33dd2;;kg Cu eq/kg
Raw;in ground;Lead;Lead;#2ca02c;0.0001792277587101685;ZA;fbcb9c7a-eea7-4694-ba6c-568e01d28883;7439-92-1;kg Cu eq/kg
Raw;in ground;Coal, brown;Lignite;#4D4D4D;0.2934064439052665;ZA;024c9722-1e88-412b-8c4b-10c532be8dca;;kg Cu eq/kg
Raw;in ground;Lithium;Lithium;#A9CBA7;8.88100025363296;ZA;7d2c1cdd-a64a-5936-a577-5b82db0c0d1b;7439-93-2;kg Cu eq/kg
Raw;in ground;Magnesite;Magnesite;#c5b0d5;0.07497210969194427;ZA;a4bab069-74a9-5b4c-8d6e-5ca984cd9ecd;546-93-0;kg Cu eq/kg
Raw;in ground;Magnesium;Magnesite;#9467bd;0.07497210969194427;ZA;9e5823ad-9d9b-4b98-b627-e39611b6a8bd;546-93-0;kg Cu eq/kg
Raw;in ground;Manganese;Manganese;#7f7f7f;0.0002348882208199277;ZA;c2586875-bb56-4b1e-84c5-5ff255a1108b;7439-96-5;kg Cu eq/kg
Raw;in ground;Mercury;Mercury;#8c564b;56.24488758340272;ZA;54b9cbd0-65df-4fd3-8a19-dd3b8eccc619;7439-97-6;kg Cu eq/kg
Raw;in ground;Molybdenum;Molybdenum;#c49c94;2.463703968660018;ZA;e5a3dff5-72dc-5287-893c-597dd4a19566;7439-98-7;kg Cu eq/kg
Raw;in ground;Gas, natural;Natural gas;#FFE680;0.02532753048769469;ZA;7c337428-fb1b-45c7-bbb2-2ee4d29e17ba;8006-14-2;kg Cu eq/kg
Raw;in ground;Nickel;Nickel;#c49c94;0.01893813491319961;ZA;974213ef-1ba0-40e5-bc7b-52ef099e9e09;7440-02-0;kg Cu eq/kg
Raw;in ground;Niobium;Niobium;#bcbd22;26.76654730292978;ZA;8de8befc-efa2-5d07-a58b-b29ea97a3f41;7440-03-1;kg Cu eq/kg
Raw;in ground;Palladium;Palladium;#f7b6d2;52.11717876073141;ZA;edc69c63-a776-4dbf-acbf-e0368914980a;7440-05-3;kg Cu eq/kg
Raw;in ground;Oil, crude;Crude oil;#FFB570;0.104239446907239;ZA;88d06db9-59a1-4719-9174-afeb1fa4026a;;kg Cu eq/kg
Raw;in ground;Phosphorus;Phosphate;#c7c7c7;4.831289019059347e-05;ZA;483ae3c5-4eb0-46e4-b811-a72ad391716b;;kg Cu eq/kg
Raw;in ground;Platinum;Platinum;#bcbd22;113.8004641508938;ZA;d13b2665-505d-49e2-8edd-dc966b0342af;7440-06-4;kg Cu eq/kg
Raw;in ground;Cerium;Rare earth;#1f77b4;32.7134559746839;ZA;4057f8b4-f20a-59c9-9bb7-fdeaf5ad106d;;kg Cu eq/kg
Raw;in ground;Dysprosium;Rare earth;#98df8a;32.7134559746839;ZA;9e28eac3-49f9-5a0d-a8d0-dc4e071ad9e6;7429-91-6;kg Cu eq/kg
Raw;in ground;Erbium;Rare earth;#cccccc;32.7134559746839;ZA;110a04f0-af53-5499-b22e-79b1b91e5a66;7440-52-0;kg Cu eq/kg
Raw;in ground;Europium;Rare earth;#d62728;32.7134559746839;ZA;3d73ec21-de4d-5b68-b504-4ef59e15bd0e;7440-53-1;kg Cu eq/kg
Raw;in ground;Gadolinium;Rare earth;#9467bd;32.7134559746839;ZA;f55e2203-ef91-50bf-8f5a-119bb210522c;7440-54-2;kg Cu eq/kg
Raw;in ground;Holmium;Rare earth;#cccccc;32.7134559746839;ZA;f2f53dc8-8e09-511f-8dd2-4bae3625ba27;7440-60-0;kg Cu eq/kg
Raw;in ground;Lanthanum;Rare earth;#7f7f7f;32.7134559746839;ZA;176598c1-699c-5dd8-8c33-d269ff7f5edd;;kg Cu eq/kg
Raw;in ground;Lutetium;Rare earth;#cccccc;32.7134559746839;ZA;d9a2f8e5-f04a-5ffa-8c75-8133ac7f525c;7439-94-3;kg Cu eq/kg
Raw;in ground;Neodymium;Rare earth;#c7c7c7;32.7134559746839;ZA;db0c855c-e9ef-58d9-97cc-960e646fc882;;kg Cu eq/kg
Raw;in ground;Praseodymium;Rare earth;#17becf;32.7134559746839;ZA;35da65ff-7287-571d-b859-13d398ac5182;7440-10-0;kg Cu eq/kg
Raw;in ground;Samarium;Rare earth;#aec7e8;32.7134559746839;ZA;cf791833-26bc-5207-a9bd-6ddcd8ac7625;7440-19-9;kg Cu eq/kg
Raw;in ground;Scandium;Rare earth;#ffbb78;32.7134559746839;ZA;7f9f9b59-35a0-584d-ad5e-07da01dde768;;kg Cu eq/kg
Raw;in ground;Terbium;Rare earth;#e377c2;32.7134559746839;ZA;6ec6a8a8-4c94-5bc5-93c5-62928fcf3935;7440-27-9;kg Cu eq/kg
Raw;in ground;Thulium;Rare earth;#cccccc;32.7134559746839;ZA;a34e010c-6f68-5c79-8b45-2955b91f7dc2;7440-30-4;kg Cu eq/kg
Raw;in ground;Ytterbium;Rare earth;#cccccc;32.7134559746839;ZA;ea659cca-fe3d-5b03-90d2-60719a862874;7440-64-4;kg Cu eq/kg
Raw;in ground;Yttrium;Rare earth;#c7c7c7;32.7134559746839;ZA;89b567f2-2cab-503e-b796-42cba72fce16;7440-65-5;kg Cu eq/kg
Raw;in ground;Rhodium;Rhodium;#9edae5;103.7103212007325;ZA;4803f22f-6950-489b-914d-fa953a8081f6;7440-16-6;kg Cu eq/kg
Raw;in ground;Selenium;Selenium;#2ca02c;3.640432059385445;ZA;5f47f918-1c32-5870-b992-db91f843ff34;7782-49-2;kg Cu eq/kg
Raw;in ground;Silver;Silver;#1f77b4;0.01776298018413653;ZA;361a64cb-ab76-4a72-9ea1-c07d6a20c124;7440-22-4;kg Cu eq/kg
Raw;in ground;Coal, hard;Steam Coal;#4D4D4D;0.0007770946253674534;ZA;b6d0042d-0ef8-49ed-9162-a07ff1ccf750;;kg Cu eq/kg
Raw;in ground;Sulfur;Sulfur;#2ca02c;0.02603838271010954;ZA;852281f6-db73-4250-84d3-86b569fce0c1;7704-34-9;kg Cu eq/kg
Raw;in ground;Tantalum;Tantalum;#98df8a;4.35411673150886;ZA;775fdf03-b0bb-5c25-b14d-107231d5b2f0;7440-25-7;kg Cu eq/kg
Raw;in ground;Tellurium;Tellurium;#c49c94;37.32330506182697;ZA;7b6da1f2-e191-5a77-ae06-af96201f5803;13494-80-9;kg Cu eq/kg
Raw;in ground;Tin;Tin;#d62728;0.01386854135243298;ZA;53d5ef26-66d8-4536-afa2-2f6b114189ba;7440-31-5;kg Cu eq/kg
Raw;in ground;Titanium;Titanium;#ff7f0e;0.0001702758424679714;ZA;2f033407-6060-4e1e-868c-9f362d10fdb2;7440-32-6;kg Cu eq/kg
Raw;in ground;Tungsten;Tungsten;#ff9896;43.14005445275846;ZA;ebcc1f0c-6b19-501d-86a4-629df2a457b5;7440-33-7;kg Cu eq/kg
Raw;in ground;Uranium;Uranium;#9467bd;0.0005901226955509713;ZA;2ba5e39b-adb6-4767-a51d-90c1cf32fe98;7440-61-1;kg Cu eq/kg
Raw;in ground;Vanadium;Vanadium;#7f7f7f;0.03005030509560321;ZA;c9c4b80a-73dd-415a-92fb-f877595651c1;7440-62-2;kg Cu eq/kg
Raw;in ground;Zinc;Zinc;#8c564b;5.763898238673949e-05;ZA;be73218b-18af-492e-96e6-addd309d1e32;7440-66-6;kg Cu eq/kg
Raw;in ground;Zirconia, as baddeleyite;Zirconium;#cccccc;6.045924351073404e-05;ZA;e07b4402-abe3-4346-8c42-051c5983bd1e;12036-23-6;kg Cu eq/kg
Raw;in ground;Zirconium;Zirconium;#c49c94;6.045924351073404e-05;ZA;cd2932c5-a486-4bf1-99b8-815d8a7ce11a;7440-67-7;kg Cu eq/kg
Raw;in ground;;;;1.477230111451308;ZW;;;kg Cu eq/kg
Raw;in ground;Antimony;Antimony;#e377c2;0.0;ZW;47262180-8308-5d4c-9332-c77617e032ef;7440-36-0;kg Cu eq/kg
Raw;in ground;Arsenic;Arsenic;#f7b6d2;12.50006003226008;ZW;e16fd15c-0ebc-55ba-8d3b-9704f13663cb;7440-38-2;kg Cu eq/kg
Raw;in ground;;;;0.3676516113321795;ZW;;;kg Cu eq/kg
Raw;in ground;Barium;Baryte;#7f7f7f;0.08755032550990878;ZW;240177d8-6f3b-43f5-8d1e-0c18114dfa02;7440-39-3;kg Cu eq/kg
Raw;in ground;Aluminium;Bauxite;#bcbd22;0.04405687774412999;ZW;a45cd247-3532-4e27-bddc-b519fdb5e08f;7429-90-5;kg Cu eq/kg
Raw;in ground;Clay, bentonite;Bentonite;#aec7e8;0.02678120021309435;ZW;93806a54-46f5-409c-99c5-4144a1e73b5d;1302-78-9;kg Cu eq/kg
Raw;in ground;Beryllium;Beryllium;#ffbb78;0.0;ZW;68f7bc03-0665-55a1-bd99-96530eab30e2;7440-41-7;kg Cu eq/kg
Raw;in ground;Bismuth;Bismuth;#cccccc;22.25976032822429;ZW;0124b342-4bdd-5cbf-ba2a-dce8a259755c;7440-69-9;kg Cu eq/kg
Raw;in ground;Borax;Boron;#c7c7c7;0.2150388061554714;ZW;eead2933-c2be-4a53-a0bd-bd33b67e4145;1303-96-4;kg Cu eq/kg
Raw;in ground;Boron;Boron;#bcbd22;0.2150388061554714;ZW;b053aa52-bfac-5435-a0b1-4ca374b0e991;7440-42-8;kg Cu eq/kg
Raw;in ground;Cadmium;Cadmium;#dbdb8d;0.0;ZW;bf377e4f-3a95-4ce2-a9ba-66ee31f00f60;7440-43-9;kg Cu eq/kg
Raw;in ground;Chromium;Chromite;#f7b6d2;6.858012073538191e-06;ZW;e189e2d4-3d3f-4ada-b302-91611784311f;7440-47-3;kg Cu eq/kg
Raw;in ground;Cobalt;Cobalt;#ff9896;0.001868615591425707;ZW;d0779a5e-6969-4144-954e-ceb81fb83f15;7440-48-4;kg Cu eq/kg
Raw;in ground;;;;1.462341138126847e-05;ZW;;;kg Cu eq/kg
Raw;in ground;Copper;Copper;#9467bd;3.521779103552707e-06;ZW;a9ac40a0-9bea-4c48-afa7-66aa6eb90624;7440-50-8;kg Cu eq/kg
Raw;in ground;Diatomite;Diatomite;#2ca02c;0.2211058334406558;ZW;9877ce00-65f8-4c0c-9fcf-92aa53a2c9c0;61790-53-2;kg Cu eq/kg
Raw;in ground;Feldspar;Feldspar;#e377c2;0.1933569984262292;ZW;26296ec9-ff93-41e6-bbbf-6175af04284d;68476-25-5;kg Cu eq/kg
Raw;in ground;Fluorspar;Fluorspar;#c7c7c7;0.7620577315117772;ZW;0fa4f51e-b0dc-5d11-84d3-b32f0f3c88d5;14542-23-5;kg Cu eq/kg
Raw;in ground;Germanium;Germanium;#dbdb8d;0.0;ZW;d3e547dc-1a29-5ece-8dbb-bd9c0ad3cc46;7440-56-4;kg Cu eq/kg
Raw;in ground;Gold;Gold;#dbdb8d;48.35700364963336;ZW;d080e6a4-42c6-484e-b5d7-d74693aec7d9;7440-57-5;kg Cu eq/kg
Raw;in ground;Graphite;Graphite;#17becf;0.4544706573179216;ZW;5666353e-2db2-41d3-8414-404709151422;7782-42-5;kg Cu eq/kg
Raw;in ground;Anhydrite;Gypsum;#1f77b4;0.01188016663463779;ZW;6df9ea09-115a-4678-9f30-d92c877a46ec;7778-18-9;kg Cu eq/kg
Raw;in ground;Gypsum;Gypsum;#1f77b4;0.01188016663463779;ZW;11a2a7b1-ab2f-47b8-9e29-6f33d5207fa6;13397-24-5;kg Cu eq/kg
Raw;in ground;Iron;Iron;#ffbb78;0.1136466409257681;ZW;8ce3ff02-7a1e-48e3-881e-3248b944f28a;7439-89-6;kg Cu eq/kg
Raw;in ground;Kaolinite;Kaolin;#2ca02c;0.1063363432964335;ZW;81ff5c0b-c44f-534e-a55e-8fc017e33dd2;;kg Cu eq/kg
Raw;in ground;Lead;Lead;#2ca02c;0.0;ZW;fbcb9c7a-eea7-4694-ba6c-568e01d28883;7439-92-1;kg Cu eq/kg
Raw;in ground;Coal, brown;Lignite;#4D4D4D;0.0;ZW;024c9722-1e88-412b-8c4b-10c532be8dca;;kg Cu eq/kg
Raw;in ground;Lithium;Lithium;#A9CBA7;5.033830031522813e-05;ZW;7d2c1cdd-a64a-5936-a577-5b82db0c0d1b;7439-93-2;kg Cu eq/kg
Raw;in ground;Magnesite;Magnesite;#c5b0d5;1.464939505503942;ZW;a4bab069-74a9-5b4c-8d6e-5ca984cd9ecd;546-93-0;kg Cu eq/kg
Raw;in ground;Magnesium;Magnesite;#9467bd;1.464939505503942;ZW;9e5823ad-9d9b-4b98-b627-e39611b6a8bd;546-93-0;kg Cu eq/kg
Raw;in ground;Manganese;Manganese;#7f7f7f;0.07159592687880532;ZW;c2586875-bb56-4b1e-84c5-5ff255a1108b;7439-96-5;kg Cu eq/kg
Raw;in ground;Mercury;Mercury;#8c564b;9.949672490297091;ZW;54b9cbd0-65df-4fd3-8a19-dd3b8eccc619;7439-97-6;kg Cu eq/kg
Raw;in ground;Molybdenum;Molybdenum;#c49c94;8.626305865308247;ZW;e5a3dff5-72dc-5287-893c-597dd4a19566;7439-98-7;kg Cu eq/kg
Raw;in ground;Gas, natural;Natural gas;#FFE680;0.1300951851284962;ZW;7c337428-fb1b-45c7-bbb2-2ee4d29e17ba;8006-14-2;kg Cu eq/kg
Raw;in ground;Nickel;Nickel;#c49c94;0.0;ZW;974213ef-1ba0-40e5-bc7b-52ef099e9e09;7440-02-0;kg Cu eq/kg
Raw;in ground;Niobium;Niobium;#bcbd22;0.0;ZW;8de8befc-efa2-5d07-a58b-b29ea97a3f41;7440-03-1;kg Cu eq/kg
Raw;in ground;Palladium;Palladium;#f7b6d2;0.8574042131471354;ZW;edc69c63-a776-4dbf-acbf-e0368914980a;7440-05-3;kg Cu eq/kg
Raw;in ground;Oil, crude;Crude oil;#FFB570;0.03666476015392465;ZW;88d06db9-59a1-4719-9174-afeb1fa4026a;;kg Cu eq/kg
Raw;in ground;Phosphorus;Phosphate;#c7c7c7;0.0001477600318078342;ZW;483ae3c5-4eb0-46e4-b811-a72ad391716b;;kg Cu eq/kg
Raw;in ground;Platinum;Platinum;#bcbd22;0.1574380873516799;ZW;d13b2665-505d-49e2-8edd-dc966b0342af;7440-06-4;kg Cu eq/kg
Raw;in ground;Cerium;Rare earth;#1f77b4;200.4073470460768;ZW;4057f8b4-f20a-59c9-9bb7-fdeaf5ad106d;;kg Cu eq/kg
Raw;in ground;Dysprosium;Rare earth;#98df8a;200.4073470460768;ZW;9e28eac3-49f9-5a0d-a8d0-dc4e071ad9e6;7429-91-6;kg Cu eq/kg
Raw;in ground;Erbium;Rare earth;#cccccc;200.4073470460768;ZW;110a04f0-af53-5499-b22e-79b1b91e5a66;7440-52-0;kg Cu eq/kg
Raw;in ground;Europium;Rare earth;#d62728;200.4073470460768;ZW;3d73ec21-de4d-5b68-b504-4ef59e15bd0e;7440-53-1;kg Cu eq/kg
Raw;in ground;Gadolinium;Rare earth;#9467bd;200.4073470460768;ZW;f55e2203-ef91-50bf-8f5a-119bb210522c;7440-54-2;kg Cu eq/kg
Raw;in ground;Holmium;Rare earth;#cccccc;200.4073470460768;ZW;f2f53dc8-8e09-511f-8dd2-4bae3625ba27;7440-60-0;kg Cu eq/kg
Raw;in ground;Lanthanum;Rare earth;#7f7f7f;200.4073470460768;ZW;176598c1-699c-5dd8-8c33-d269ff7f5edd;;kg Cu eq/kg
Raw;in ground;Lutetium;Rare earth;#cccccc;200.4073470460768;ZW;d9a2f8e5-f04a-5ffa-8c75-8133ac7f525c;7439-94-3;kg Cu eq/kg
Raw;in ground;Neodymium;Rare earth;#c7c7c7;200.4073470460768;ZW;db0c855c-e9ef-58d9-97cc-960e646fc882;;kg Cu eq/kg
Raw;in ground;Praseodymium;Rare earth;#17becf;200.4073470460768;ZW;35da65ff-7287-571d-b859-13d398ac5182;7440-10-0;kg Cu eq/kg
Raw;in ground;Samarium;Rare earth;#aec7e8;200.4073470460768;ZW;cf791833-26bc-5207-a9bd-6ddcd8ac7625;7440-19-9;kg Cu eq/kg
Raw;in ground;Scandium;Rare earth;#ffbb78;200.4073470460768;ZW;7f9f9b59-35a0-584d-ad5e-07da01dde768;;kg Cu eq/kg
Raw;in ground;Terbium;Rare earth;#e377c2;200.4073470460768;ZW;6ec6a8a8-4c94-5bc5-93c5-62928fcf3935;7440-27-9;kg Cu eq/kg
Raw;in ground;Thulium;Rare earth;#cccccc;200.4073470460768;ZW;a34e010c-6f68-5c79-8b45-2955b91f7dc2;7440-30-4;kg Cu eq/kg
Raw;in ground;Ytterbium;Rare earth;#cccccc;200.4073470460768;ZW;ea659cca-fe3d-5b03-90d2-60719a862874;7440-64-4;kg Cu eq/kg
Raw;in ground;Yttrium;Rare earth;#c7c7c7;200.4073470460768;ZW;89b567f2-2cab-503e-b796-42cba72fce16;7440-65-5;kg Cu eq/kg
Raw;in ground;Rhodium;Rhodium;#9edae5;1.536965698506193;ZW;4803f22f-6950-489b-914d-fa953a8081f6;7440-16-6;kg Cu eq/kg
Raw;in ground;Selenium;Selenium;#2ca02c;8.534501423858817;ZW;5f47f918-1c32-5870-b992-db91f843ff34;7782-49-2;kg Cu eq/kg
Raw;in ground;Silver;Silver;#1f77b4;0.0;ZW;361a64cb-ab76-4a72-9ea1-c07d6a20c124;7440-22-4;kg Cu eq/kg
Raw;in ground;Coal, hard;Steam Coal;#4D4D4D;4.739585142422807e-05;ZW;b6d0042d-0ef8-49ed-9162-a07ff1ccf750;;kg Cu eq/kg
Raw;in ground;Sulfur;Sulfur;#2ca02c;0.05255814783228271;ZW;852281f6-db73-4250-84d3-86b569fce0c1;7704-34-9;kg Cu eq/kg
Raw;in ground;Tantalum;Tantalum;#98df8a;0.0;ZW;775fdf03-b0bb-5c25-b14d-107231d5b2f0;7440-25-7;kg Cu eq/kg
Raw;in ground;Tellurium;Tellurium;#c49c94;1.782117582622303;ZW;7b6da1f2-e191-5a77-ae06-af96201f5803;13494-80-9;kg Cu eq/kg
Raw;in ground;Tin;Tin;#d62728;0.0;ZW;53d5ef26-66d8-4536-afa2-2f6b114189ba;7440-31-5;kg Cu eq/kg
Raw;in ground;Titanium;Titanium;#ff7f0e;0.0;ZW;2f033407-6060-4e1e-868c-9f362d10fdb2;7440-32-6;kg Cu eq/kg
Raw;in ground;Tungsten;Tungsten;#ff9896;0.2466745327198976;ZW;ebcc1f0c-6b19-501d-86a4-629df2a457b5;7440-33-7;kg Cu eq/kg
Raw;in ground;Uranium;Uranium;#9467bd;0.0;ZW;2ba5e39b-adb6-4767-a51d-90c1cf32fe98;7440-61-1;kg Cu eq/kg
Raw;in ground;Vanadium;Vanadium;#7f7f7f;16.05743673358027;ZW;c9c4b80a-73dd-415a-92fb-f877595651c1;7440-62-2;kg Cu eq/kg
Raw;in ground;Zinc;Zinc;#8c564b;4.372064702608351;ZW;be73218b-18af-492e-96e6-addd309d1e32;7440-66-6;kg Cu eq/kg
Raw;in ground;Zirconia, as baddeleyite;Zirconium;#cccccc;0.6869899028044173;ZW;e07b4402-abe3-4346-8c42-051c5983bd1e;12036-23-6;kg Cu eq/kg
Raw;in ground;Zirconium;Zirconium;#c49c94;0.6869899028044173;ZW;cd2932c5-a486-4bf1-99b8-815d8a7ce11a;7440-67-7;kg Cu eq/kg
Raw;in ground;;;;1.85390797856095;CH;;;kg Cu eq/kg
Raw;in ground;Antimony;Antimony;#e377c2;0.007536672680789782;CH;47262180-8308-5d4c-9332-c77617e032ef;7440-36-0;kg Cu eq/kg
Raw;in ground;Arsenic;Arsenic;#f7b6d2;0.0;CH;e16fd15c-0ebc-55ba-8d3b-9704f13663cb;7440-38-2;kg Cu eq/kg
Raw;in ground;;;;0.2363308299673218;CH;;;kg Cu eq/kg
Raw;in ground;Barium;Baryte;#7f7f7f;0.05223003192283292;CH;240177d8-6f3b-43f5-8d1e-0c18114dfa02;7440-39-3;kg Cu eq/kg
Raw;in ground;Aluminium;Bauxite;#bcbd22;0.01047854876637354;CH;a45cd247-3532-4e27-bddc-b519fdb5e08f;7429-90-5;kg Cu eq/kg
Raw;in ground;Clay, bentonite;Bentonite;#aec7e8;0.05380792600656156;CH;93806a54-46f5-409c-99c5-4144a1e73b5d;1302-78-9;kg Cu eq/kg
Raw;in ground;Beryllium;Beryllium;#ffbb78;18.33083344718111;CH;68f7bc03-0665-55a1-bd99-96530eab30e2;7440-41-7;kg Cu eq/kg
Raw;in ground;Bismuth;Bismuth;#cccccc;13.11894437739084;CH;0124b342-4bdd-5cbf-ba2a-dce8a259755c;7440-69-9;kg Cu eq/kg
Raw;in ground;Borax;Boron;#c7c7c7;1.49435829532378;CH;eead2933-c2be-4a53-a0bd-bd33b67e4145;1303-96-4;kg Cu eq/kg
Raw;in ground;Boron;Boron;#bcbd22;1.49435829532378;CH;b053aa52-bfac-5435-a0b1-4ca374b0e991;7440-42-8;kg Cu eq/kg
Raw;in ground;Cadmium;Cadmium;#dbdb8d;1.628705042568064;CH;bf377e4f-3a95-4ce2-a9ba-66ee31f00f60;7440-43-9;kg Cu eq/kg
Raw;in ground;Chromium;Chromite;#f7b6d2;0.205331401030531;CH;e189e2d4-3d3f-4ada-b302-91611784311f;7440-47-3;kg Cu eq/kg
Raw;in ground;Cobalt;Cobalt;#ff9896;24.01257083681667;CH;d0779a5e-6969-4144-954e-ceb81fb83f15;7440-48-4;kg Cu eq/kg
Raw;in ground;;;;0.009346271985107794;CH;;;kg Cu eq/kg
Raw;in ground;Copper;Copper;#9467bd;0.2724720488715686;CH;a9ac40a0-9bea-4c48-afa7-66aa6eb90624;7440-50-8;kg Cu eq/kg
Raw;in ground;Diatomite;Diatomite;#2ca02c;0.1271839066181522;CH;9877ce00-65f8-4c0c-9fcf-92aa53a2c9c0;61790-53-2;kg Cu eq/kg
Raw;in ground;Feldspar;Feldspar;#e377c2;0.01947355325317202;CH;26296ec9-ff93-41e6-bbbf-6175af04284d;68476-25-5;kg Cu eq/kg
Raw;in ground;Fluorspar;Fluorspar;#c7c7c7;0.2320980357353152;CH;0fa4f51e-b0dc-5d11-84d3-b32f0f3c88d5;14542-23-5;kg Cu eq/kg
Raw;in ground;Germanium;Germanium;#dbdb8d;0.0;CH;d3e547dc-1a29-5ece-8dbb-bd9c0ad3cc46;7440-56-4;kg Cu eq/kg
Raw;in ground;Gold;Gold;#dbdb8d;349.9077587221713;CH;d080e6a4-42c6-484e-b5d7-d74693aec7d9;7440-57-5;kg Cu eq/kg
Raw;in ground;Graphite;Graphite;#17becf;1.428370697481802;CH;5666353e-2db2-41d3-8414-404709151422;7782-42-5;kg Cu eq/kg
Raw;in ground;Anhydrite;Gypsum;#1f77b4;0.0007263309910926502;CH;6df9ea09-115a-4678-9f30-d92c877a46ec;7778-18-9;kg Cu eq/kg
Raw;in ground;Gypsum;Gypsum;#1f77b4;0.0007263309910926502;CH;11a2a7b1-ab2f-47b8-9e29-6f33d5207fa6;13397-24-5;kg Cu eq/kg
Raw;in ground;Iron;Iron;#ffbb78;0.01429091985688867;CH;8ce3ff02-7a1e-48e3-881e-3248b944f28a;7439-89-6;kg Cu eq/kg
Raw;in ground;Kaolinite;Kaolin;#2ca02c;0.02577539810934104;CH;81ff5c0b-c44f-534e-a55e-8fc017e33dd2;;kg Cu eq/kg
Raw;in ground;Lead;Lead;#2ca02c;0.2996015203325907;CH;fbcb9c7a-eea7-4694-ba6c-568e01d28883;7439-92-1;kg Cu eq/kg
Raw;in ground;Coal, brown;Lignite;#4D4D4D;0.02103461897004;CH;024c9722-1e88-412b-8c4b-10c532be8dca;;kg Cu eq/kg
Raw;in ground;Lithium;Lithium;#A9CBA7;13.52824114118991;CH;7d2c1cdd-a64a-5936-a577-5b82db0c0d1b;7439-93-2;kg Cu eq/kg
Raw;in ground;Magnesite;Magnesite;#c5b0d5;0.333639116284736;CH;a4bab069-74a9-5b4c-8d6e-5ca984cd9ecd;546-93-0;kg Cu eq/kg
Raw;in ground;Magnesium;Magnesite;#9467bd;0.333639116284736;CH;9e5823ad-9d9b-4b98-b627-e39611b6a8bd;546-93-0;kg Cu eq/kg
Raw;in ground;Manganese;Manganese;#7f7f7f;0.1629550760356488;CH;c2586875-bb56-4b1e-84c5-5ff255a1108b;7439-96-5;kg Cu eq/kg
Raw;in ground;Mercury;Mercury;#8c564b;0.6259628713962837;CH;54b9cbd0-65df-4fd3-8a19-dd3b8eccc619;7439-97-6;kg Cu eq/kg
Raw;in ground;Molybdenum;Molybdenum;#c49c94;3.910221662876849;CH;e5a3dff5-72dc-5287-893c-597dd4a19566;7439-98-7;kg Cu eq/kg
Raw;in ground;Gas, natural;Natural gas;#FFE680;0.2377175317713653;CH;7c337428-fb1b-45c7-bbb2-2ee4d29e17ba;8006-14-2;kg Cu eq/kg
Raw;in ground;Nickel;Nickel;#c49c94;1.021925171423326;CH;974213ef-1ba0-40e5-bc7b-52ef099e9e09;7440-02-0;kg Cu eq/kg
Raw;in ground;Niobium;Niobium;#bcbd22;7.785365690063752;CH;8de8befc-efa2-5d07-a58b-b29ea97a3f41;7440-03-1;kg Cu eq/kg
Raw;in ground;Palladium;Palladium;#f7b6d2;13674.94299606919;CH;edc69c63-a776-4dbf-acbf-e0368914980a;7440-05-3;kg Cu eq/kg
Raw;in ground;Oil, crude;Crude oil;#FFB570;0.1051164331018848;CH;88d06db9-59a1-4719-9174-afeb1fa4026a;;kg Cu eq/kg
Raw;in ground;Phosphorus;Phosphate;#c7c7c7;0.02646063906704017;CH;483ae3c5-4eb0-46e4-b811-a72ad391716b;;kg Cu eq/kg
Raw;in ground;Platinum;Platinum;#bcbd22;1481.89026833572;CH;d13b2665-505d-49e2-8edd-dc966b0342af;7440-06-4;kg Cu eq/kg
Raw;in ground;Cerium;Rare earth;#1f77b4;16.60849341033065;CH;4057f8b4-f20a-59c9-9bb7-fdeaf5ad106d;;kg Cu eq/kg
Raw;in ground;Dysprosium;Rare earth;#98df8a;16.60849341033065;CH;9e28eac3-49f9-5a0d-a8d0-dc4e071ad9e6;7429-91-6;kg Cu eq/kg
Raw;in ground;Erbium;Rare earth;#cccccc;16.60849341033065;CH;110a04f0-af53-5499-b22e-79b1b91e5a66;7440-52-0;kg Cu eq/kg
Raw;in ground;Europium;Rare earth;#d62728;16.60849341033065;CH;3d73ec21-de4d-5b68-b504-4ef59e15bd0e;7440-53-1;kg Cu eq/kg
Raw;in ground;Gadolinium;Rare earth;#9467bd;16.60849341033065;CH;f55e2203-ef91-50bf-8f5a-119bb210522c;7440-54-2;kg Cu eq/kg
Raw;in ground;Holmium;Rare earth;#cccccc;16.60849341033065;CH;f2f53dc8-8e09-511f-8dd2-4bae3625ba27;7440-60-0;kg Cu eq/kg
Raw;in ground;Lanthanum;Rare earth;#7f7f7f;16.60849341033065;CH;176598c1-699c-5dd8-8c33-d269ff7f5edd;;kg Cu eq/kg
Raw;in ground;Lutetium;Rare earth;#cccccc;16.60849341033065;CH;d9a2f8e5-f04a-5ffa-8c75-8133ac7f525c;7439-94-3;kg Cu eq/kg
Raw;in ground;Neodymium;Rare earth;#c7c7c7;16.60849341033065;CH;db0c855c-e9ef-58d9-97cc-960e646fc882;;kg Cu eq/kg
Raw;in ground;Praseodymium;Rare earth;#17becf;16.60849341033065;CH;35da65ff-7287-571d-b859-13d398ac5182;7440-10-0;kg Cu eq/kg
Raw;in ground;Samarium;Rare earth;#aec7e8;16.60849341033065;CH;cf791833-26bc-5207-a9bd-6ddcd8ac7625;7440-19-9;kg Cu eq/kg
Raw;in ground;Scandium;Rare earth;#ffbb78;16.60849341033065;CH;7f9f9b59-35a0-584d-ad5e-07da01dde768;;kg Cu eq/kg
Raw;in ground;Terbium;Rare earth;#e377c2;16.60849341033065;CH;6ec6a8a8-4c94-5bc5-93c5-62928fcf3935;7440-27-9;kg Cu eq/kg
Raw;in ground;Thulium;Rare earth;#cccccc;16.60849341033065;CH;a34e010c-6f68-5c79-8b45-2955b91f7dc2;7440-30-4;kg Cu eq/kg
Raw;in ground;Ytterbium;Rare earth;#cccccc;16.60849341033065;CH;ea659cca-fe3d-5b03-90d2-60719a862874;7440-64-4;kg Cu eq/kg
Raw;in ground;Yttrium;Rare earth;#c7c7c7;16.60849341033065;CH;89b567f2-2cab-503e-b796-42cba72fce16;7440-65-5;kg Cu eq/kg
Raw;in ground;Rhodium;Rhodium;#9edae5;241003.2154019731;CH;4803f22f-6950-489b-914d-fa953a8081f6;7440-16-6;kg Cu eq/kg
Raw;in ground;Selenium;Selenium;#2ca02c;14.06577386874545;CH;5f47f918-1c32-5870-b992-db91f843ff34;7782-49-2;kg Cu eq/kg
Raw;in ground;Silver;Silver;#1f77b4;76.46687193913449;CH;361a64cb-ab76-4a72-9ea1-c07d6a20c124;7440-22-4;kg Cu eq/kg
Raw;in ground;Coal, hard;Steam Coal;#4D4D4D;0.02027514766022698;CH;b6d0042d-0ef8-49ed-9162-a07ff1ccf750;;kg Cu eq/kg
Raw;in ground;Sulfur;Sulfur;#2ca02c;0.01783265967673266;CH;852281f6-db73-4250-84d3-86b569fce0c1;7704-34-9;kg Cu eq/kg
Raw;in ground;Tantalum;Tantalum;#98df8a;148.8383989758592;CH;775fdf03-b0bb-5c25-b14d-107231d5b2f0;7440-25-7;kg Cu eq/kg
Raw;in ground;Tellurium;Tellurium;#c49c94;141.117440616787;CH;7b6da1f2-e191-5a77-ae06-af96201f5803;13494-80-9;kg Cu eq/kg
Raw;in ground;Tin;Tin;#d62728;14.12831016408765;CH;53d5ef26-66d8-4536-afa2-2f6b114189ba;7440-31-5;kg Cu eq/kg
Raw;in ground;Titanium;Titanium;#ff7f0e;0.8988387739156143;CH;2f033407-6060-4e1e-868c-9f362d10fdb2;7440-32-6;kg Cu eq/kg
Raw;in ground;Tungsten;Tungsten;#ff9896;29.81477349627457;CH;ebcc1f0c-6b19-501d-86a4-629df2a457b5;7440-33-7;kg Cu eq/kg
Raw;in ground;Uranium;Uranium;#9467bd;0.0;CH;2ba5e39b-adb6-4767-a51d-90c1cf32fe98;7440-61-1;kg Cu eq/kg
Raw;in ground;Vanadium;Vanadium;#7f7f7f;21.3531366576896;CH;c9c4b80a-73dd-415a-92fb-f877595651c1;7440-62-2;kg Cu eq/kg
Raw;in ground;Zinc;Zinc;#8c564b;0.1361363819215624;CH;be73218b-18af-492e-96e6-addd309d1e32;7440-66-6;kg Cu eq/kg
Raw;in ground;Zirconia, as baddeleyite;Zirconium;#cccccc;0.4543290392666774;CH;e07b4402-abe3-4346-8c42-051c5983bd1e;12036-23-6;kg Cu eq/kg
Raw;in ground;Zirconium;Zirconium;#c49c94;0.4543290392666774;CH;cd2932c5-a486-4bf1-99b8-815d8a7ce11a;7440-67-7;kg Cu eq/kg
Raw;in ground;;;;1.020890602308169;GB;;;kg Cu eq/kg
Raw;in ground;Antimony;Antimony;#e377c2;125.073581822437;GB;47262180-8308-5d4c-9332-c77617e032ef;7440-36-0;kg Cu eq/kg
Raw;in ground;Arsenic;Arsenic;#f7b6d2;16.64675130198759;GB;e16fd15c-0ebc-55ba-8d3b-9704f13663cb;7440-38-2;kg Cu eq/kg
Raw;in ground;;;;0.5167891852413976;GB;;;kg Cu eq/kg
Raw;in ground;Barium;Baryte;#7f7f7f;0.03004140185299499;GB;240177d8-6f3b-43f5-8d1e-0c18114dfa02;7440-39-3;kg Cu eq/kg
Raw;in ground;Aluminium;Bauxite;#bcbd22;0.0741050089162787;GB;a45cd247-3532-4e27-bddc-b519fdb5e08f;7429-90-5;kg Cu eq/kg
Raw;in ground;Clay, bentonite;Bentonite;#aec7e8;0.03234056440921647;GB;93806a54-46f5-409c-99c5-4144a1e73b5d;1302-78-9;kg Cu eq/kg
Raw;in ground;Beryllium;Beryllium;#ffbb78;34.28734869147661;GB;68f7bc03-0665-55a1-bd99-96530eab30e2;7440-41-7;kg Cu eq/kg
Raw;in ground;Bismuth;Bismuth;#cccccc;8.697018758147896;GB;0124b342-4bdd-5cbf-ba2a-dce8a259755c;7440-69-9;kg Cu eq/kg
Raw;in ground;Borax;Boron;#c7c7c7;0.2063969236654664;GB;eead2933-c2be-4a53-a0bd-bd33b67e4145;1303-96-4;kg Cu eq/kg
Raw;in ground;Boron;Boron;#bcbd22;0.2063969236654664;GB;b053aa52-bfac-5435-a0b1-4ca374b0e991;7440-42-8;kg Cu eq/kg
Raw;in ground;Cadmium;Cadmium;#dbdb8d;0.8858609561432949;GB;bf377e4f-3a95-4ce2-a9ba-66ee31f00f60;7440-43-9;kg Cu eq/kg
Raw;in ground;Chromium;Chromite;#f7b6d2;0.2379884539503449;GB;e189e2d4-3d3f-4ada-b302-91611784311f;7440-47-3;kg Cu eq/kg
Raw;in ground;Cobalt;Cobalt;#ff9896;23.94388587654849;GB;d0779a5e-6969-4144-954e-ceb81fb83f15;7440-48-4;kg Cu eq/kg
Raw;in ground;;;;0.1180538698936304;GB;;;kg Cu eq/kg
Raw;in ground;Copper;Copper;#9467bd;0.774926966688273;GB;a9ac40a0-9bea-4c48-afa7-66aa6eb90624;7440-50-8;kg Cu eq/kg
Raw;in ground;Diatomite;Diatomite;#2ca02c;0.08512314682302277;GB;9877ce00-65f8-4c0c-9fcf-92aa53a2c9c0;61790-53-2;kg Cu eq/kg
Raw;in ground;Feldspar;Feldspar;#e377c2;0.03727171800891724;GB;26296ec9-ff93-41e6-bbbf-6175af04284d;68476-25-5;kg Cu eq/kg
Raw;in ground;Fluorspar;Fluorspar;#c7c7c7;0.04380436405619308;GB;0fa4f51e-b0dc-5d11-84d3-b32f0f3c88d5;14542-23-5;kg Cu eq/kg
Raw;in ground;Germanium;Germanium;#dbdb8d;0.0;GB;d3e547dc-1a29-5ece-8dbb-bd9c0ad3cc46;7440-56-4;kg Cu eq/kg
Raw;in ground;Gold;Gold;#dbdb8d;532.1628203219103;GB;d080e6a4-42c6-484e-b5d7-d74693aec7d9;7440-57-5;kg Cu eq/kg
Raw;in ground;Graphite;Graphite;#17becf;0.7768583030505373;GB;5666353e-2db2-41d3-8414-404709151422;7782-42-5;kg Cu eq/kg
Raw;in ground;Anhydrite;Gypsum;#1f77b4;0.001105078647150579;GB;6df9ea09-115a-4678-9f30-d92c877a46ec;7778-18-9;kg Cu eq/kg
Raw;in ground;Gypsum;Gypsum;#1f77b4;0.001105078647150579;GB;11a2a7b1-ab2f-47b8-9e29-6f33d5207fa6;13397-24-5;kg Cu eq/kg
Raw;in ground;Iron;Iron;#ffbb78;0.02572619289634757;GB;8ce3ff02-7a1e-48e3-881e-3248b944f28a;7439-89-6;kg Cu eq/kg
Raw;in ground;Kaolinite;Kaolin;#2ca02c;0.008239991425966266;GB;81ff5c0b-c44f-534e-a55e-8fc017e33dd2;;kg Cu eq/kg
Raw;in ground;Lead;Lead;#2ca02c;1.383441078826283;GB;fbcb9c7a-eea7-4694-ba6c-568e01d28883;7439-92-1;kg Cu eq/kg
Raw;in ground;Coal, brown;Lignite;#4D4D4D;0.01364264323367376;GB;024c9722-1e88-412b-8c4b-10c532be8dca;;kg Cu eq/kg
Raw;in ground;Lithium;Lithium;#A9CBA7;15.17717238108298;GB;7d2c1cdd-a64a-5936-a577-5b82db0c0d1b;7439-93-2;kg Cu eq/kg
Raw;in ground;Magnesite;Magnesite;#c5b0d5;0.1827867958796552;GB;a4bab069-74a9-5b4c-8d6e-5ca984cd9ecd;546-93-0;kg Cu eq/kg
Raw;in ground;Magnesium;Magnesite;#9467bd;0.1827867958796552;GB;9e5823ad-9d9b-4b98-b627-e39611b6a8bd;546-93-0;kg Cu eq/kg
Raw;in ground;Manganese;Manganese;#7f7f7f;0.1558987074377468;GB;c2586875-bb56-4b1e-84c5-5ff255a1108b;7439-96-5;kg Cu eq/kg
Raw;in ground;Mercury;Mercury;#8c564b;120.088877952586;GB;54b9cbd0-65df-4fd3-8a19-dd3b8eccc619;7439-97-6;kg Cu eq/kg
Raw;in ground;Molybdenum;Molybdenum;#c49c94;10.82059422681307;GB;e5a3dff5-72dc-5287-893c-597dd4a19566;7439-98-7;kg Cu eq/kg
Raw;in ground;Gas, natural;Natural gas;#FFE680;0.1309860975090198;GB;7c337428-fb1b-45c7-bbb2-2ee4d29e17ba;8006-14-2;kg Cu eq/kg
Raw;in ground;Nickel;Nickel;#c49c94;4.277980556119678;GB;974213ef-1ba0-40e5-bc7b-52ef099e9e09;7440-02-0;kg Cu eq/kg
Raw;in ground;Niobium;Niobium;#bcbd22;35.42890189192374;GB;8de8befc-efa2-5d07-a58b-b29ea97a3f41;7440-03-1;kg Cu eq/kg
Raw;in ground;Palladium;Palladium;#f7b6d2;23586.07775722908;GB;edc69c63-a776-4dbf-acbf-e0368914980a;7440-05-3;kg Cu eq/kg
Raw;in ground;Oil, crude;Crude oil;#FFB570;0.04117279099181003;GB;88d06db9-59a1-4719-9174-afeb1fa4026a;;kg Cu eq/kg
Raw;in ground;Phosphorus;Phosphate;#c7c7c7;0.122930402045405;GB;483ae3c5-4eb0-46e4-b811-a72ad391716b;;kg Cu eq/kg
Raw;in ground;Platinum;Platinum;#bcbd22;518.9049663536716;GB;d13b2665-505d-49e2-8edd-dc966b0342af;7440-06-4;kg Cu eq/kg
Raw;in ground;Cerium;Rare earth;#1f77b4;13.94654310991001;GB;4057f8b4-f20a-59c9-9bb7-fdeaf5ad106d;;kg Cu eq/kg
Raw;in ground;Dysprosium;Rare earth;#98df8a;13.94654310991001;GB;9e28eac3-49f9-5a0d-a8d0-dc4e071ad9e6;7429-91-6;kg Cu eq/kg
Raw;in ground;Erbium;Rare earth;#cccccc;13.94654310991001;GB;110a04f0-af53-5499-b22e-79b1b91e5a66;7440-52-0;kg Cu eq/kg
Raw;in ground;Europium;Rare earth;#d62728;13.94654310991001;GB;3d73ec21-de4d-5b68-b504-4ef59e15bd0e;7440-53-1;kg Cu eq/kg
Raw;in ground;Gadolinium;Rare earth;#9467bd;13.94654310991001;GB;f55e2203-ef91-50bf-8f5a-119bb210522c;7440-54-2;kg Cu eq/kg
Raw;in ground;Holmium;Rare earth;#cccccc;13.94654310991001;GB;f2f53dc8-8e09-511f-8dd2-4bae3625ba27;7440-60-0;kg Cu eq/kg
Raw;in ground;Lanthanum;Rare earth;#7f7f7f;13.94654310991001;GB;176598c1-699c-5dd8-8c33-d269ff7f5edd;;kg Cu eq/kg
Raw;in ground;Lutetium;Rare earth;#cccccc;13.94654310991001;GB;d9a2f8e5-f04a-5ffa-8c75-8133ac7f525c;7439-94-3;kg Cu eq/kg
Raw;in ground;Neodymium;Rare earth;#c7c7c7;13.94654310991001;GB;db0c855c-e9ef-58d9-97cc-960e646fc882;;kg Cu eq/kg
Raw;in ground;Praseodymium;Rare earth;#17becf;13.94654310991001;GB;35da65ff-7287-571d-b859-13d398ac5182;7440-10-0;kg Cu eq/kg
Raw;in ground;Samarium;Rare earth;#aec7e8;13.94654310991001;GB;cf791833-26bc-5207-a9bd-6ddcd8ac7625;7440-19-9;kg Cu eq/kg
Raw;in ground;Scandium;Rare earth;#ffbb78;13.94654310991001;GB;7f9f9b59-35a0-584d-ad5e-07da01dde768;;kg Cu eq/kg
Raw;in ground;Terbium;Rare earth;#e377c2;13.94654310991001;GB;6ec6a8a8-4c94-5bc5-93c5-62928fcf3935;7440-27-9;kg Cu eq/kg
Raw;in ground;Thulium;Rare earth;#cccccc;13.94654310991001;GB;a34e010c-6f68-5c79-8b45-2955b91f7dc2;7440-30-4;kg Cu eq/kg
Raw;in ground;Ytterbium;Rare earth;#cccccc;13.94654310991001;GB;ea659cca-fe3d-5b03-90d2-60719a862874;7440-64-4;kg Cu eq/kg
Raw;in ground;Yttrium;Rare earth;#c7c7c7;13.94654310991001;GB;89b567f2-2cab-503e-b796-42cba72fce16;7440-65-5;kg Cu eq/kg
Raw;in ground;Rhodium;Rhodium;#9edae5;276072.468266646;GB;4803f22f-6950-489b-914d-fa953a8081f6;7440-16-6;kg Cu eq/kg
Raw;in ground;Selenium;Selenium;#2ca02c;5.047037309991711;GB;5f47f918-1c32-5870-b992-db91f843ff34;7782-49-2;kg Cu eq/kg
Raw;in ground;Silver;Silver;#1f77b4;1.139668818448686;GB;361a64cb-ab76-4a72-9ea1-c07d6a20c124;7440-22-4;kg Cu eq/kg
Raw;in ground;Coal, hard;Steam Coal;#4D4D4D;0.111659287051075;GB;b6d0042d-0ef8-49ed-9162-a07ff1ccf750;;kg Cu eq/kg
Raw;in ground;Sulfur;Sulfur;#2ca02c;0.001935293048014078;GB;852281f6-db73-4250-84d3-86b569fce0c1;7704-34-9;kg Cu eq/kg
Raw;in ground;Tantalum;Tantalum;#98df8a;33.03459599357163;GB;775fdf03-b0bb-5c25-b14d-107231d5b2f0;7440-25-7;kg Cu eq/kg
Raw;in ground;Tellurium;Tellurium;#c49c94;264.1253252248963;GB;7b6da1f2-e191-5a77-ae06-af96201f5803;13494-80-9;kg Cu eq/kg
Raw;in ground;Tin;Tin;#d62728;3.746072034850823;GB;53d5ef26-66d8-4536-afa2-2f6b114189ba;7440-31-5;kg Cu eq/kg
Raw;in ground;Titanium;Titanium;#ff7f0e;0.158263297143838;GB;2f033407-6060-4e1e-868c-9f362d10fdb2;7440-32-6;kg Cu eq/kg
Raw;in ground;Tungsten;Tungsten;#ff9896;26.66455574248518;GB;ebcc1f0c-6b19-501d-86a4-629df2a457b5;7440-33-7;kg Cu eq/kg
Raw;in ground;Uranium;Uranium;#9467bd;2.931967239805156;GB;2ba5e39b-adb6-4767-a51d-90c1cf32fe98;7440-61-1;kg Cu eq/kg
Raw;in ground;Vanadium;Vanadium;#7f7f7f;18.70421271188727;GB;c9c4b80a-73dd-415a-92fb-f877595651c1;7440-62-2;kg Cu eq/kg
Raw;in ground;Zinc;Zinc;#8c564b;0.243892422205049;GB;be73218b-18af-492e-96e6-addd309d1e32;7440-66-6;kg Cu eq/kg
Raw;in ground;Zirconia, as baddeleyite;Zirconium;#cccccc;0.684447247890435;GB;e07b4402-abe3-4346-8c42-051c5983bd1e;12036-23-6;kg Cu eq/kg
Raw;in ground;Zirconium;Zirconium;#c49c94;0.684447247890435;GB;cd2932c5-a486-4bf1-99b8-815d8a7ce11a;7440-67-7;kg Cu eq/kg
Raw;in ground;;;;0.7767366990606005;US;;;kg Cu eq/kg
Raw;in ground;Antimony;Antimony;#e377c2;4.247584070057862;US;47262180-8308-5d4c-9332-c77617e032ef;7440-36-0;kg Cu eq/kg
Raw;in ground;Arsenic;Arsenic;#f7b6d2;1.768096996741247;US;e16fd15c-0ebc-55ba-8d3b-9704f13663cb;7440-38-2;kg Cu eq/kg
Raw;in ground;;;;1.204070569388402;US;;;kg Cu eq/kg
Raw;in ground;Barium;Baryte;#7f7f7f;0.02228044484678858;US;240177d8-6f3b-43f5-8d1e-0c18114dfa02;7440-39-3;kg Cu eq/kg
Raw;in ground;Aluminium;Bauxite;#bcbd22;0.01100906961002524;US;a45cd247-3532-4e27-bddc-b519fdb5e08f;7429-90-5;kg Cu eq/kg
Raw;in ground;Clay, bentonite;Bentonite;#aec7e8;0.0005329854490892558;US;93806a54-46f5-409c-99c5-4144a1e73b5d;1302-78-9;kg Cu eq/kg
Raw;in ground;Beryllium;Beryllium;#ffbb78;0.02091141657908946;US;68f7bc03-0665-55a1-bd99-96530eab30e2;7440-41-7;kg Cu eq/kg
Raw;in ground;Bismuth;Bismuth;#cccccc;6.840793193152576;US;0124b342-4bdd-5cbf-ba2a-dce8a259755c;7440-69-9;kg Cu eq/kg
Raw;in ground;Borax;Boron;#c7c7c7;0.006979288265561177;US;eead2933-c2be-4a53-a0bd-bd33b67e4145;1303-96-4;kg Cu eq/kg
Raw;in ground;Boron;Boron;#bcbd22;0.006979288265561177;US;b053aa52-bfac-5435-a0b1-4ca374b0e991;7440-42-8;kg Cu eq/kg
Raw;in ground;Cadmium;Cadmium;#dbdb8d;0.9594333188900955;US;bf377e4f-3a95-4ce2-a9ba-66ee31f00f60;7440-43-9;kg Cu eq/kg
Raw;in ground;Chromium;Chromite;#f7b6d2;0.2022898956982497;US;e189e2d4-3d3f-4ada-b302-91611784311f;7440-47-3;kg Cu eq/kg
Raw;in ground;Cobalt;Cobalt;#ff9896;23.4987093752816;US;d0779a5e-6969-4144-954e-ceb81fb83f15;7440-48-4;kg Cu eq/kg
Raw;in ground;;;;0.005046683325946702;US;;;kg Cu eq/kg
Raw;in ground;Copper;Copper;#9467bd;0.01034241777817153;US;a9ac40a0-9bea-4c48-afa7-66aa6eb90624;7440-50-8;kg Cu eq/kg
Raw;in ground;Diatomite;Diatomite;#2ca02c;0.001726035489251496;US;9877ce00-65f8-4c0c-9fcf-92aa53a2c9c0;61790-53-2;kg Cu eq/kg
Raw;in ground;Feldspar;Feldspar;#e377c2;0.00937293325000512;US;26296ec9-ff93-41e6-bbbf-6175af04284d;68476-25-5;kg Cu eq/kg
Raw;in ground;Fluorspar;Fluorspar;#c7c7c7;0.2841344930442175;US;0fa4f51e-b0dc-5d11-84d3-b32f0f3c88d5;14542-23-5;kg Cu eq/kg
Raw;in ground;Germanium;Germanium;#dbdb8d;0.0;US;d3e547dc-1a29-5ece-8dbb-bd9c0ad3cc46;7440-56-4;kg Cu eq/kg
Raw;in ground;Gold;Gold;#dbdb8d;588.3331456180703;US;d080e6a4-42c6-484e-b5d7-d74693aec7d9;7440-57-5;kg Cu eq/kg
Raw;in ground;Graphite;Graphite;#17becf;1.495665459597528;US;5666353e-2db2-41d3-8414-404709151422;7782-42-5;kg Cu eq/kg
Raw;in ground;Anhydrite;Gypsum;#1f77b4;0.0004747840977899822;US;6df9ea09-115a-4678-9f30-d92c877a46ec;7778-18-9;kg Cu eq/kg
Raw;in ground;Gypsum;Gypsum;#1f77b4;0.0004747840977899822;US;11a2a7b1-ab2f-47b8-9e29-6f33d5207fa6;13397-24-5;kg Cu eq/kg
Raw;in ground;Iron;Iron;#ffbb78;0.007750716278308401;US;8ce3ff02-7a1e-48e3-881e-3248b944f28a;7439-89-6;kg Cu eq/kg
Raw;in ground;Kaolinite;Kaolin;#2ca02c;0.001471377903458122;US;81ff5c0b-c44f-534e-a55e-8fc017e33dd2;;kg Cu eq/kg
Raw;in ground;Lead;Lead;#2ca02c;0.005877286812796019;US;fbcb9c7a-eea7-4694-ba6c-568e01d28883;7439-92-1;kg Cu eq/kg
Raw;in ground;Coal, brown;Lignite;#4D4D4D;1.44350610587975e-05;US;024c9722-1e88-412b-8c4b-10c532be8dca;;kg Cu eq/kg
Raw;in ground;Lithium;Lithium;#A9CBA7;4.411557142472809;US;7d2c1cdd-a64a-5936-a577-5b82db0c0d1b;7439-93-2;kg Cu eq/kg
Raw;in ground;Magnesite;Magnesite;#c5b0d5;0.01372817610273702;US;a4bab069-74a9-5b4c-8d6e-5ca984cd9ecd;546-93-0;kg Cu eq/kg
Raw;in ground;Magnesium;Magnesite;#9467bd;0.01372817610273702;US;9e5823ad-9d9b-4b98-b627-e39611b6a8bd;546-93-0;kg Cu eq/kg
Raw;in ground;Manganese;Manganese;#7f7f7f;0.1086040464237296;US;c2586875-bb56-4b1e-84c5-5ff255a1108b;7439-96-5;kg Cu eq/kg
Raw;in ground;Mercury;Mercury;#8c564b;1.837348759098382;US;54b9cbd0-65df-4fd3-8a19-dd3b8eccc619;7439-97-6;kg Cu eq/kg
Raw;in ground;Molybdenum;Molybdenum;#c49c94;2.640049247978241;US;e5a3dff5-72dc-5287-893c-597dd4a19566;7439-98-7;kg Cu eq/kg
Raw;in ground;Gas, natural;Natural gas;#FFE680;0.1128955596351896;US;7c337428-fb1b-45c7-bbb2-2ee4d29e17ba;8006-14-2;kg Cu eq/kg
Raw;in ground;Nickel;Nickel;#c49c94;0.003792738585211983;US;974213ef-1ba0-40e5-bc7b-52ef099e9e09;7440-02-0;kg Cu eq/kg
Raw;in ground;Niobium;Niobium;#bcbd22;26.32309905044533;US;8de8befc-efa2-5d07-a58b-b29ea97a3f41;7440-03-1;kg Cu eq/kg
Raw;in ground;Palladium;Palladium;#f7b6d2;24602.45529992817;US;edc69c63-a776-4dbf-acbf-e0368914980a;7440-05-3;kg Cu eq/kg
Raw;in ground;Oil, crude;Crude oil;#FFB570;0.01641522252926762;US;88d06db9-59a1-4719-9174-afeb1fa4026a;;kg Cu eq/kg
Raw;in ground;Phosphorus;Phosphate;#c7c7c7;7.434509055295242e-05;US;483ae3c5-4eb0-46e4-b811-a72ad391716b;;kg Cu eq/kg
Raw;in ground;Platinum;Platinum;#bcbd22;135.253829105466;US;d13b2665-505d-49e2-8edd-dc966b0342af;7440-06-4;kg Cu eq/kg
Raw;in ground;Cerium;Rare earth;#1f77b4;2.516617224211171;US;4057f8b4-f20a-59c9-9bb7-fdeaf5ad106d;;kg Cu eq/kg
Raw;in ground;Dysprosium;Rare earth;#98df8a;2.516617224211171;US;9e28eac3-49f9-5a0d-a8d0-dc4e071ad9e6;7429-91-6;kg Cu eq/kg
Raw;in ground;Erbium;Rare earth;#cccccc;2.516617224211171;US;110a04f0-af53-5499-b22e-79b1b91e5a66;7440-52-0;kg Cu eq/kg
Raw;in ground;Europium;Rare earth;#d62728;2.516617224211171;US;3d73ec21-de4d-5b68-b504-4ef59e15bd0e;7440-53-1;kg Cu eq/kg
Raw;in ground;Gadolinium;Rare earth;#9467bd;2.516617224211171;US;f55e2203-ef91-50bf-8f5a-119bb210522c;7440-54-2;kg Cu eq/kg
Raw;in ground;Holmium;Rare earth;#cccccc;2.516617224211171;US;f2f53dc8-8e09-511f-8dd2-4bae3625ba27;7440-60-0;kg Cu eq/kg
Raw;in ground;Lanthanum;Rare earth;#7f7f7f;2.516617224211171;US;176598c1-699c-5dd8-8c33-d269ff7f5edd;;kg Cu eq/kg
Raw;in ground;Lutetium;Rare earth;#cccccc;2.516617224211171;US;d9a2f8e5-f04a-5ffa-8c75-8133ac7f525c;7439-94-3;kg Cu eq/kg
Raw;in ground;Neodymium;Rare earth;#c7c7c7;2.516617224211171;US;db0c855c-e9ef-58d9-97cc-960e646fc882;;kg Cu eq/kg
Raw;in ground;Praseodymium;Rare earth;#17becf;2.516617224211171;US;35da65ff-7287-571d-b859-13d398ac5182;7440-10-0;kg Cu eq/kg
Raw;in ground;Samarium;Rare earth;#aec7e8;2.516617224211171;US;cf791833-26bc-5207-a9bd-6ddcd8ac7625;7440-19-9;kg Cu eq/kg
Raw;in ground;Scandium;Rare earth;#ffbb78;2.516617224211171;US;7f9f9b59-35a0-584d-ad5e-07da01dde768;;kg Cu eq/kg
Raw;in ground;Terbium;Rare earth;#e377c2;2.516617224211171;US;6ec6a8a8-4c94-5bc5-93c5-62928fcf3935;7440-27-9;kg Cu eq/kg
Raw;in ground;Thulium;Rare earth;#cccccc;2.516617224211171;US;a34e010c-6f68-5c79-8b45-2955b91f7dc2;7440-30-4;kg Cu eq/kg
Raw;in ground;Ytterbium;Rare earth;#cccccc;2.516617224211171;US;ea659cca-fe3d-5b03-90d2-60719a862874;7440-64-4;kg Cu eq/kg
Raw;in ground;Yttrium;Rare earth;#c7c7c7;2.516617224211171;US;89b567f2-2cab-503e-b796-42cba72fce16;7440-65-5;kg Cu eq/kg
Raw;in ground;Rhodium;Rhodium;#9edae5;417738.8970041848;US;4803f22f-6950-489b-914d-fa953a8081f6;7440-16-6;kg Cu eq/kg
Raw;in ground;Selenium;Selenium;#2ca02c;6.069329429762674;US;5f47f918-1c32-5870-b992-db91f843ff34;7782-49-2;kg Cu eq/kg
Raw;in ground;Silver;Silver;#1f77b4;0.01651805833903356;US;361a64cb-ab76-4a72-9ea1-c07d6a20c124;7440-22-4;kg Cu eq/kg
Raw;in ground;Coal, hard;Steam Coal;#4D4D4D;0.0008332109716627107;US;b6d0042d-0ef8-49ed-9162-a07ff1ccf750;;kg Cu eq/kg
Raw;in ground;Sulfur;Sulfur;#2ca02c;0.002802269256584793;US;852281f6-db73-4250-84d3-86b569fce0c1;7704-34-9;kg Cu eq/kg
Raw;in ground;Tantalum;Tantalum;#98df8a;52.92240120183254;US;775fdf03-b0bb-5c25-b14d-107231d5b2f0;7440-25-7;kg Cu eq/kg
Raw;in ground;Tellurium;Tellurium;#c49c94;63.65695422300444;US;7b6da1f2-e191-5a77-ae06-af96201f5803;13494-80-9;kg Cu eq/kg
Raw;in ground;Tin;Tin;#d62728;3.65472572946297;US;53d5ef26-66d8-4536-afa2-2f6b114189ba;7440-31-5;kg Cu eq/kg
Raw;in ground;Titanium;Titanium;#ff7f0e;0.1265659237827672;US;2f033407-6060-4e1e-868c-9f362d10fdb2;7440-32-6;kg Cu eq/kg
Raw;in ground;Tungsten;Tungsten;#ff9896;23.30509772614777;US;ebcc1f0c-6b19-501d-86a4-629df2a457b5;7440-33-7;kg Cu eq/kg
Raw;in ground;Uranium;Uranium;#9467bd;18.32199572946604;US;2ba5e39b-adb6-4767-a51d-90c1cf32fe98;7440-61-1;kg Cu eq/kg
Raw;in ground;Vanadium;Vanadium;#7f7f7f;18.91354878524025;US;c9c4b80a-73dd-415a-92fb-f877595651c1;7440-62-2;kg Cu eq/kg
Raw;in ground;Zinc;Zinc;#8c564b;0.007861004219096896;US;be73218b-18af-492e-96e6-addd309d1e32;7440-66-6;kg Cu eq/kg
Raw;in ground;Zirconia, as baddeleyite;Zirconium;#cccccc;0.383093854360994;US;e07b4402-abe3-4346-8c42-051c5983bd1e;12036-23-6;kg Cu eq/kg
Raw;in ground;Zirconium;Zirconium;#c49c94;0.383093854360994;US;cd2932c5-a486-4bf1-99b8-815d8a7ce11a;7440-67-7;kg Cu eq/kg
Raw;in ground;;;;0.2044438651953424;NAFTA;;;kg Cu eq/kg
Raw;in ground;Antimony;Antimony;#e377c2;0.1119000545910944;NAFTA;47262180-8308-5d4c-9332-c77617e032ef;7440-36-0;kg Cu eq/kg
Raw;in ground;Arsenic;Arsenic;#f7b6d2;1.440662469253911;NAFTA;e16fd15c-0ebc-55ba-8d3b-9704f13663cb;7440-38-2;kg Cu eq/kg
Raw;in ground;;;;1.034675318439311;NAFTA;;;kg Cu eq/kg
Raw;in ground;Barium;Baryte;#7f7f7f;0.01625204961521815;NAFTA;240177d8-6f3b-43f5-8d1e-0c18114dfa02;7440-39-3;kg Cu eq/kg
Raw;in ground;Aluminium;Bauxite;#bcbd22;0.01104267345233268;NAFTA;a45cd247-3532-4e27-bddc-b519fdb5e08f;7429-90-5;kg Cu eq/kg
Raw;in ground;Clay, bentonite;Bentonite;#aec7e8;0.0008571685906619223;NAFTA;93806a54-46f5-409c-99c5-4144a1e73b5d;1302-78-9;kg Cu eq/kg
Raw;in ground;Beryllium;Beryllium;#ffbb78;4.115251170031627e-05;NAFTA;68f7bc03-0665-55a1-bd99-96530eab30e2;7440-41-7;kg Cu eq/kg
Raw;in ground;Bismuth;Bismuth;#cccccc;6.735064761264193;NAFTA;0124b342-4bdd-5cbf-ba2a-dce8a259755c;7440-69-9;kg Cu eq/kg
Raw;in ground;Borax;Boron;#c7c7c7;0.009835961325841478;NAFTA;eead2933-c2be-4a53-a0bd-bd33b67e4145;1303-96-4;kg Cu eq/kg
Raw;in ground;Boron;Boron;#bcbd22;0.009835961325841478;NAFTA;b053aa52-bfac-5435-a0b1-4ca374b0e991;7440-42-8;kg Cu eq/kg
Raw;in ground;Cadmium;Cadmium;#dbdb8d;0.1263648904755953;NAFTA;bf377e4f-3a95-4ce2-a9ba-66ee31f00f60;7440-43-9;kg Cu eq/kg
Raw;in ground;Chromium;Chromite;#f7b6d2;0.2042080898955044;NAFTA;e189e2d4-3d3f-4ada-b302-91611784311f;7440-47-3;kg Cu eq/kg
Raw;in ground;Cobalt;Cobalt;#ff9896;12.01720616458516;NAFTA;d0779a5e-6969-4144-954e-ceb81fb83f15;7440-48-4;kg Cu eq/kg
Raw;in ground;;;;0.005943609830222894;NAFTA;;;kg Cu eq/kg
Raw;in ground;Copper;Copper;#9467bd;0.02087094536101892;NAFTA;a9ac40a0-9bea-4c48-afa7-66aa6eb90624;7440-50-8;kg Cu eq/kg
Raw;in ground;Diatomite;Diatomite;#2ca02c;0.0005506295377312169;NAFTA;9877ce00-65f8-4c0c-9fcf-92aa53a2c9c0;61790-53-2;kg Cu eq/kg
Raw;in ground;Feldspar;Feldspar;#e377c2;0.006903446556288194;NAFTA;26296ec9-ff93-41e6-bbbf-6175af04284d;68476-25-5;kg Cu eq/kg
Raw;in ground;Fluorspar;Fluorspar;#c7c7c7;0.02376458110579291;NAFTA;0fa4f51e-b0dc-5d11-84d3-b32f0f3c88d5;14542-23-5;kg Cu eq/kg
Raw;in ground;Germanium;Germanium;#dbdb8d;0.0;NAFTA;d3e547dc-1a29-5ece-8dbb-bd9c0ad3cc46;7440-56-4;kg Cu eq/kg
Raw;in ground;Gold;Gold;#dbdb8d;44.23510618562558;NAFTA;d080e6a4-42c6-484e-b5d7-d74693aec7d9;7440-57-5;kg Cu eq/kg
Raw;in ground;Graphite;Graphite;#17becf;0.4642101157259437;NAFTA;5666353e-2db2-41d3-8414-404709151422;7782-42-5;kg Cu eq/kg
Raw;in ground;Anhydrite;Gypsum;#1f77b4;0.0001687149012837528;NAFTA;6df9ea09-115a-4678-9f30-d92c877a46ec;7778-18-9;kg Cu eq/kg
Raw;in ground;Gypsum;Gypsum;#1f77b4;0.0001687149012837528;NAFTA;11a2a7b1-ab2f-47b8-9e29-6f33d5207fa6;13397-24-5;kg Cu eq/kg
Raw;in ground;Iron;Iron;#ffbb78;0.002216708071361483;NAFTA;8ce3ff02-7a1e-48e3-881e-3248b944f28a;7439-89-6;kg Cu eq/kg
Raw;in ground;Kaolinite;Kaolin;#2ca02c;0.002606200178442925;NAFTA;81ff5c0b-c44f-534e-a55e-8fc017e33dd2;;kg Cu eq/kg
Raw;in ground;Lead;Lead;#2ca02c;0.0004781928434534483;NAFTA;fbcb9c7a-eea7-4694-ba6c-568e01d28883;7439-92-1;kg Cu eq/kg
Raw;in ground;Coal, brown;Lignite;#4D4D4D;3.101727919041388e-07;NAFTA;024c9722-1e88-412b-8c4b-10c532be8dca;;kg Cu eq/kg
Raw;in ground;Lithium;Lithium;#A9CBA7;4.372539882595691;NAFTA;7d2c1cdd-a64a-5936-a577-5b82db0c0d1b;7439-93-2;kg Cu eq/kg
Raw;in ground;Magnesite;Magnesite;#c5b0d5;0.009757084841207268;NAFTA;a4bab069-74a9-5b4c-8d6e-5ca984cd9ecd;546-93-0;kg Cu eq/kg
Raw;in ground;Magnesium;Magnesite;#9467bd;0.009757084841207268;NAFTA;9e5823ad-9d9b-4b98-b627-e39611b6a8bd;546-93-0;kg Cu eq/kg
Raw;in ground;Manganese;Manganese;#7f7f7f;0.04631739924244229;NAFTA;c2586875-bb56-4b1e-84c5-5ff255a1108b;7439-96-5;kg Cu eq/kg
Raw;in ground;Mercury;Mercury;#8c564b;0.005211532067327124;NAFTA;54b9cbd0-65df-4fd3-8a19-dd3b8eccc619;7439-97-6;kg Cu eq/kg
Raw;in ground;Molybdenum;Molybdenum;#c49c94;1.777827409389649;NAFTA;e5a3dff5-72dc-5287-893c-597dd4a19566;7439-98-7;kg Cu eq/kg
Raw;in ground;Gas, natural;Natural gas;#FFE680;0.01261161627178024;NAFTA;7c337428-fb1b-45c7-bbb2-2ee4d29e17ba;8006-14-2;kg Cu eq/kg
Raw;in ground;Nickel;Nickel;#c49c94;0.3960268356502983;NAFTA;974213ef-1ba0-40e5-bc7b-52ef099e9e09;7440-02-0;kg Cu eq/kg
Raw;in ground;Niobium;Niobium;#bcbd22;10.90216159149467;NAFTA;8de8befc-efa2-5d07-a58b-b29ea97a3f41;7440-03-1;kg Cu eq/kg
Raw;in ground;Palladium;Palladium;#f7b6d2;19634.26132579438;NAFTA;edc69c63-a776-4dbf-acbf-e0368914980a;7440-05-3;kg Cu eq/kg
Raw;in ground;Oil, crude;Crude oil;#FFB570;0.005499375202401117;NAFTA;88d06db9-59a1-4719-9174-afeb1fa4026a;;kg Cu eq/kg
Raw;in ground;Phosphorus;Phosphate;#c7c7c7;4.930590922290202e-05;NAFTA;483ae3c5-4eb0-46e4-b811-a72ad391716b;;kg Cu eq/kg
Raw;in ground;Platinum;Platinum;#bcbd22;40.43551687221771;NAFTA;d13b2665-505d-49e2-8edd-dc966b0342af;7440-06-4;kg Cu eq/kg
Raw;in ground;Cerium;Rare earth;#1f77b4;2.482399509571767;NAFTA;4057f8b4-f20a-59c9-9bb7-fdeaf5ad106d;;kg Cu eq/kg
Raw;in ground;Dysprosium;Rare earth;#98df8a;2.482399509571767;NAFTA;9e28eac3-49f9-5a0d-a8d0-dc4e071ad9e6;7429-91-6;kg Cu eq/kg
Raw;in ground;Erbium;Rare earth;#cccccc;2.482399509571767;NAFTA;110a04f0-af53-5499-b22e-79b1b91e5a66;7440-52-0;kg Cu eq/kg
Raw;in ground;Europium;Rare earth;#d62728;2.482399509571767;NAFTA;3d73ec21-de4d-5b68-b504-4ef59e15bd0e;7440-53-1;kg Cu eq/kg
Raw;in ground;Gadolinium;Rare earth;#9467bd;2.482399509571767;NAFTA;f55e2203-ef91-50bf-8f5a-119bb210522c;7440-54-2;kg Cu eq/kg
Raw;in ground;Holmium;Rare earth;#cccccc;2.482399509571767;NAFTA;f2f53dc8-8e09-511f-8dd2-4bae3625ba27;7440-60-0;kg Cu eq/kg
Raw;in ground;Lanthanum;Rare earth;#7f7f7f;2.482399509571767;NAFTA;176598c1-699c-5dd8-8c33-d269ff7f5edd;;kg Cu eq/kg
Raw;in ground;Lutetium;Rare earth;#cccccc;2.482399509571767;NAFTA;d9a2f8e5-f04a-5ffa-8c75-8133ac7f525c;7439-94-3;kg Cu eq/kg
Raw;in ground;Neodymium;Rare earth;#c7c7c7;2.482399509571767;NAFTA;db0c855c-e9ef-58d9-97cc-960e646fc882;;kg Cu eq/kg
Raw;in ground;Praseodymium;Rare earth;#17becf;2.482399509571767;NAFTA;35da65ff-7287-571d-b859-13d398ac5182;7440-10-0;kg Cu eq/kg
Raw;in ground;Samarium;Rare earth;#aec7e8;2.482399509571767;NAFTA;cf791833-26bc-5207-a9bd-6ddcd8ac7625;7440-19-9;kg Cu eq/kg
Raw;in ground;Scandium;Rare earth;#ffbb78;2.482399509571767;NAFTA;7f9f9b59-35a0-584d-ad5e-07da01dde768;;kg Cu eq/kg
Raw;in ground;Terbium;Rare earth;#e377c2;2.482399509571767;NAFTA;6ec6a8a8-4c94-5bc5-93c5-62928fcf3935;7440-27-9;kg Cu eq/kg
Raw;in ground;Thulium;Rare earth;#cccccc;2.482399509571767;NAFTA;a34e010c-6f68-5c79-8b45-2955b91f7dc2;7440-30-4;kg Cu eq/kg
Raw;in ground;Ytterbium;Rare earth;#cccccc;2.482399509571767;NAFTA;ea659cca-fe3d-5b03-90d2-60719a862874;7440-64-4;kg Cu eq/kg
Raw;in ground;Yttrium;Rare earth;#c7c7c7;2.482399509571767;NAFTA;89b567f2-2cab-503e-b796-42cba72fce16;7440-65-5;kg Cu eq/kg
Raw;in ground;Rhodium;Rhodium;#9edae5;386153.2370898382;NAFTA;4803f22f-6950-489b-914d-fa953a8081f6;7440-16-6;kg Cu eq/kg
Raw;in ground;Selenium;Selenium;#2ca02c;3.304163034484627;NAFTA;5f47f918-1c32-5870-b992-db91f843ff34;7782-49-2;kg Cu eq/kg
Raw;in ground;Silver;Silver;#1f77b4;1.558507016542428;NAFTA;361a64cb-ab76-4a72-9ea1-c07d6a20c124;7440-22-4;kg Cu eq/kg
Raw;in ground;Coal, hard;Steam Coal;#4D4D4D;0.001380412006248219;NAFTA;b6d0042d-0ef8-49ed-9162-a07ff1ccf750;;kg Cu eq/kg
Raw;in ground;Sulfur;Sulfur;#2ca02c;0.0004990326586797184;NAFTA;852281f6-db73-4250-84d3-86b569fce0c1;7704-34-9;kg Cu eq/kg
Raw;in ground;Tantalum;Tantalum;#98df8a;47.00411405584146;NAFTA;775fdf03-b0bb-5c25-b14d-107231d5b2f0;7440-25-7;kg Cu eq/kg
Raw;in ground;Tellurium;Tellurium;#c49c94;36.95815306378524;NAFTA;7b6da1f2-e191-5a77-ae06-af96201f5803;13494-80-9;kg Cu eq/kg
Raw;in ground;Tin;Tin;#d62728;3.352002519408881;NAFTA;53d5ef26-66d8-4536-afa2-2f6b114189ba;7440-31-5;kg Cu eq/kg
Raw;in ground;Titanium;Titanium;#ff7f0e;0.08450636032297766;NAFTA;2f033407-6060-4e1e-868c-9f362d10fdb2;7440-32-6;kg Cu eq/kg
Raw;in ground;Tungsten;Tungsten;#ff9896;18.54455279049817;NAFTA;ebcc1f0c-6b19-501d-86a4-629df2a457b5;7440-33-7;kg Cu eq/kg
Raw;in ground;Uranium;Uranium;#9467bd;5.251664369114256;NAFTA;2ba5e39b-adb6-4767-a51d-90c1cf32fe98;7440-61-1;kg Cu eq/kg
Raw;in ground;Vanadium;Vanadium;#7f7f7f;16.57847156214698;NAFTA;c9c4b80a-73dd-415a-92fb-f877595651c1;7440-62-2;kg Cu eq/kg
Raw;in ground;Zinc;Zinc;#8c564b;0.05084477629759723;NAFTA;be73218b-18af-492e-96e6-addd309d1e32;7440-66-6;kg Cu eq/kg
Raw;in ground;Zirconia, as baddeleyite;Zirconium;#cccccc;0.3944520156396206;NAFTA;e07b4402-abe3-4346-8c42-051c5983bd1e;12036-23-6;kg Cu eq/kg
Raw;in ground;Zirconium;Zirconium;#c49c94;0.3944520156396206;NAFTA;cd2932c5-a486-4bf1-99b8-815d8a7ce11a;7440-67-7;kg Cu eq/kg
Raw;in ground;;;;0.1482959335732843;NPCC;;;kg Cu eq/kg
Raw;in ground;Antimony;Antimony;#e377c2;1.824267954784431;NPCC;47262180-8308-5d4c-9332-c77617e032ef;7440-36-0;kg Cu eq/kg
Raw;in ground;Arsenic;Arsenic;#f7b6d2;1.702812529658354;NPCC;e16fd15c-0ebc-55ba-8d3b-9704f13663cb;7440-38-2;kg Cu eq/kg
Raw;in ground;;;;1.010217317113823;NPCC;;;kg Cu eq/kg
Raw;in ground;Barium;Baryte;#7f7f7f;0.02134777549753555;NPCC;240177d8-6f3b-43f5-8d1e-0c18114dfa02;7440-39-3;kg Cu eq/kg
Raw;in ground;Aluminium;Bauxite;#bcbd22;0.01066966269353311;NPCC;a45cd247-3532-4e27-bddc-b519fdb5e08f;7429-90-5;kg Cu eq/kg
Raw;in ground;Clay, bentonite;Bentonite;#aec7e8;0.0009016145336131889;NPCC;93806a54-46f5-409c-99c5-4144a1e73b5d;1302-78-9;kg Cu eq/kg
Raw;in ground;Beryllium;Beryllium;#ffbb78;4.500794614181905e-05;NPCC;68f7bc03-0665-55a1-bd99-96530eab30e2;7440-41-7;kg Cu eq/kg
Raw;in ground;Bismuth;Bismuth;#cccccc;6.844606360090206;NPCC;0124b342-4bdd-5cbf-ba2a-dce8a259755c;7440-69-9;kg Cu eq/kg
Raw;in ground;Borax;Boron;#c7c7c7;0.007795613786318966;NPCC;eead2933-c2be-4a53-a0bd-bd33b67e4145;1303-96-4;kg Cu eq/kg
Raw;in ground;Boron;Boron;#bcbd22;0.007795613786318966;NPCC;b053aa52-bfac-5435-a0b1-4ca374b0e991;7440-42-8;kg Cu eq/kg
Raw;in ground;Cadmium;Cadmium;#dbdb8d;0.1920619206587862;NPCC;bf377e4f-3a95-4ce2-a9ba-66ee31f00f60;7440-43-9;kg Cu eq/kg
Raw;in ground;Chromium;Chromite;#f7b6d2;0.202465574295107;NPCC;e189e2d4-3d3f-4ada-b302-91611784311f;7440-47-3;kg Cu eq/kg
Raw;in ground;Cobalt;Cobalt;#ff9896;11.8905696820097;NPCC;d0779a5e-6969-4144-954e-ceb81fb83f15;7440-48-4;kg Cu eq/kg
Raw;in ground;;;;0.004499967622735887;NPCC;;;kg Cu eq/kg
Raw;in ground;Copper;Copper;#9467bd;0.04935351358036371;NPCC;a9ac40a0-9bea-4c48-afa7-66aa6eb90624;7440-50-8;kg Cu eq/kg
Raw;in ground;Diatomite;Diatomite;#2ca02c;0.0008866151833038845;NPCC;9877ce00-65f8-4c0c-9fcf-92aa53a2c9c0;61790-53-2;kg Cu eq/kg
Raw;in ground;Feldspar;Feldspar;#e377c2;0.009458935971833386;NPCC;26296ec9-ff93-41e6-bbbf-6175af04284d;68476-25-5;kg Cu eq/kg
Raw;in ground;Fluorspar;Fluorspar;#c7c7c7;0.2640384377824216;NPCC;0fa4f51e-b0dc-5d11-84d3-b32f0f3c88d5;14542-23-5;kg Cu eq/kg
Raw;in ground;Germanium;Germanium;#dbdb8d;0.0;NPCC;d3e547dc-1a29-5ece-8dbb-bd9c0ad3cc46;7440-56-4;kg Cu eq/kg
Raw;in ground;Gold;Gold;#dbdb8d;72.47658171780247;NPCC;d080e6a4-42c6-484e-b5d7-d74693aec7d9;7440-57-5;kg Cu eq/kg
Raw;in ground;Graphite;Graphite;#17becf;0.5524706681260613;NPCC;5666353e-2db2-41d3-8414-404709151422;7782-42-5;kg Cu eq/kg
Raw;in ground;Anhydrite;Gypsum;#1f77b4;0.0004038473614067966;NPCC;6df9ea09-115a-4678-9f30-d92c877a46ec;7778-18-9;kg Cu eq/kg
Raw;in ground;Gypsum;Gypsum;#1f77b4;0.0004038473614067966;NPCC;11a2a7b1-ab2f-47b8-9e29-6f33d5207fa6;13397-24-5;kg Cu eq/kg
Raw;in ground;Iron;Iron;#ffbb78;0.001607313489297649;NPCC;8ce3ff02-7a1e-48e3-881e-3248b944f28a;7439-89-6;kg Cu eq/kg
Raw;in ground;Kaolinite;Kaolin;#2ca02c;0.002594984154452524;NPCC;81ff5c0b-c44f-534e-a55e-8fc017e33dd2;;kg Cu eq/kg
Raw;in ground;Lead;Lead;#2ca02c;0.001970765653242261;NPCC;fbcb9c7a-eea7-4694-ba6c-568e01d28883;7439-92-1;kg Cu eq/kg
Raw;in ground;Coal, brown;Lignite;#4D4D4D;3.224399991665723e-07;NPCC;024c9722-1e88-412b-8c4b-10c532be8dca;;kg Cu eq/kg
Raw;in ground;Lithium;Lithium;#A9CBA7;4.249259287127508;NPCC;7d2c1cdd-a64a-5936-a577-5b82db0c0d1b;7439-93-2;kg Cu eq/kg
Raw;in ground;Magnesite;Magnesite;#c5b0d5;0.00970918025161107;NPCC;a4bab069-74a9-5b4c-8d6e-5ca984cd9ecd;546-93-0;kg Cu eq/kg
Raw;in ground;Magnesium;Magnesite;#9467bd;0.00970918025161107;NPCC;9e5823ad-9d9b-4b98-b627-e39611b6a8bd;546-93-0;kg Cu eq/kg
Raw;in ground;Manganese;Manganese;#7f7f7f;0.1085315419725553;NPCC;c2586875-bb56-4b1e-84c5-5ff255a1108b;7439-96-5;kg Cu eq/kg
Raw;in ground;Mercury;Mercury;#8c564b;0.01130368481421721;NPCC;54b9cbd0-65df-4fd3-8a19-dd3b8eccc619;7439-97-6;kg Cu eq/kg
Raw;in ground;Molybdenum;Molybdenum;#c49c94;2.468249923983028;NPCC;e5a3dff5-72dc-5287-893c-597dd4a19566;7439-98-7;kg Cu eq/kg
Raw;in ground;Gas, natural;Natural gas;#FFE680;0.02050012386259992;NPCC;7c337428-fb1b-45c7-bbb2-2ee4d29e17ba;8006-14-2;kg Cu eq/kg
Raw;in ground;Nickel;Nickel;#c49c94;0.3960023504082004;NPCC;974213ef-1ba0-40e5-bc7b-52ef099e9e09;7440-02-0;kg Cu eq/kg
Raw;in ground;Niobium;Niobium;#bcbd22;12.11017720517984;NPCC;8de8befc-efa2-5d07-a58b-b29ea97a3f41;7440-03-1;kg Cu eq/kg
Raw;in ground;Palladium;Palladium;#f7b6d2;19687.55063304155;NPCC;edc69c63-a776-4dbf-acbf-e0368914980a;7440-05-3;kg Cu eq/kg
Raw;in ground;Oil, crude;Crude oil;#FFB570;0.007851128783229026;NPCC;88d06db9-59a1-4719-9174-afeb1fa4026a;;kg Cu eq/kg
Raw;in ground;Phosphorus;Phosphate;#c7c7c7;7.105323182020367e-05;NPCC;483ae3c5-4eb0-46e4-b811-a72ad391716b;;kg Cu eq/kg
Raw;in ground;Platinum;Platinum;#bcbd22;48.86377379799369;NPCC;d13b2665-505d-49e2-8edd-dc966b0342af;7440-06-4;kg Cu eq/kg
Raw;in ground;Cerium;Rare earth;#1f77b4;2.446615722828737;NPCC;4057f8b4-f20a-59c9-9bb7-fdeaf5ad106d;;kg Cu eq/kg
Raw;in ground;Dysprosium;Rare earth;#98df8a;2.446615722828737;NPCC;9e28eac3-49f9-5a0d-a8d0-dc4e071ad9e6;7429-91-6;kg Cu eq/kg
Raw;in ground;Erbium;Rare earth;#cccccc;2.446615722828737;NPCC;110a04f0-af53-5499-b22e-79b1b91e5a66;7440-52-0;kg Cu eq/kg
Raw;in ground;Europium;Rare earth;#d62728;2.446615722828737;NPCC;3d73ec21-de4d-5b68-b504-4ef59e15bd0e;7440-53-1;kg Cu eq/kg
Raw;in ground;Gadolinium;Rare earth;#9467bd;2.446615722828737;NPCC;f55e2203-ef91-50bf-8f5a-119bb210522c;7440-54-2;kg Cu eq/kg
Raw;in ground;Holmium;Rare earth;#cccccc;2.446615722828737;NPCC;f2f53dc8-8e09-511f-8dd2-4bae3625ba27;7440-60-0;kg Cu eq/kg
Raw;in ground;Lanthanum;Rare earth;#7f7f7f;2.446615722828737;NPCC;176598c1-699c-5dd8-8c33-d269ff7f5edd;;kg Cu eq/kg
Raw;in ground;Lutetium;Rare earth;#cccccc;2.446615722828737;NPCC;d9a2f8e5-f04a-5ffa-8c75-8133ac7f525c;7439-94-3;kg Cu eq/kg
Raw;in ground;Neodymium;Rare earth;#c7c7c7;2.446615722828737;NPCC;db0c855c-e9ef-58d9-97cc-960e646fc882;;kg Cu eq/kg
Raw;in ground;Praseodymium;Rare earth;#17becf;2.446615722828737;NPCC;35da65ff-7287-571d-b859-13d398ac5182;7440-10-0;kg Cu eq/kg
Raw;in ground;Samarium;Rare earth;#aec7e8;2.446615722828737;NPCC;cf791833-26bc-5207-a9bd-6ddcd8ac7625;7440-19-9;kg Cu eq/kg
Raw;in ground;Scandium;Rare earth;#ffbb78;2.446615722828737;NPCC;7f9f9b59-35a0-584d-ad5e-07da01dde768;;kg Cu eq/kg
Raw;in ground;Terbium;Rare earth;#e377c2;2.446615722828737;NPCC;6ec6a8a8-4c94-5bc5-93c5-62928fcf3935;7440-27-9;kg Cu eq/kg
Raw;in ground;Thulium;Rare earth;#cccccc;2.446615722828737;NPCC;a34e010c-6f68-5c79-8b45-2955b91f7dc2;7440-30-4;kg Cu eq/kg
Raw;in ground;Ytterbium;Rare earth;#cccccc;2.446615722828737;NPCC;ea659cca-fe3d-5b03-90d2-60719a862874;7440-64-4;kg Cu eq/kg
Raw;in ground;Yttrium;Rare earth;#c7c7c7;2.446615722828737;NPCC;89b567f2-2cab-503e-b796-42cba72fce16;7440-65-5;kg Cu eq/kg
Raw;in ground;Rhodium;Rhodium;#9edae5;387588.5382156722;NPCC;4803f22f-6950-489b-914d-fa953a8081f6;7440-16-6;kg Cu eq/kg
Raw;in ground;Selenium;Selenium;#2ca02c;5.319238606586076;NPCC;5f47f918-1c32-5870-b992-db91f843ff34;7782-49-2;kg Cu eq/kg
Raw;in ground;Silver;Silver;#1f77b4;5.490891195714985;NPCC;361a64cb-ab76-4a72-9ea1-c07d6a20c124;7440-22-4;kg Cu eq/kg
Raw;in ground;Coal, hard;Steam Coal;#4D4D4D;0.001055358725636108;NPCC;b6d0042d-0ef8-49ed-9162-a07ff1ccf750;;kg Cu eq/kg
Raw;in ground;Sulfur;Sulfur;#2ca02c;0.0005033319455501515;NPCC;852281f6-db73-4250-84d3-86b569fce0c1;7704-34-9;kg Cu eq/kg
Raw;in ground;Tantalum;Tantalum;#98df8a;51.10552930697986;NPCC;775fdf03-b0bb-5c25-b14d-107231d5b2f0;7440-25-7;kg Cu eq/kg
Raw;in ground;Tellurium;Tellurium;#c49c94;36.9145063134102;NPCC;7b6da1f2-e191-5a77-ae06-af96201f5803;13494-80-9;kg Cu eq/kg
Raw;in ground;Tin;Tin;#d62728;3.641620635940897;NPCC;53d5ef26-66d8-4536-afa2-2f6b114189ba;7440-31-5;kg Cu eq/kg
Raw;in ground;Titanium;Titanium;#ff7f0e;0.08237254496793305;NPCC;2f033407-6060-4e1e-868c-9f362d10fdb2;7440-32-6;kg Cu eq/kg
Raw;in ground;Tungsten;Tungsten;#ff9896;18.68005184107787;NPCC;ebcc1f0c-6b19-501d-86a4-629df2a457b5;7440-33-7;kg Cu eq/kg
Raw;in ground;Uranium;Uranium;#9467bd;5.251664369114256;NPCC;2ba5e39b-adb6-4767-a51d-90c1cf32fe98;7440-61-1;kg Cu eq/kg
Raw;in ground;Vanadium;Vanadium;#7f7f7f;16.47836975593252;NPCC;c9c4b80a-73dd-415a-92fb-f877595651c1;7440-62-2;kg Cu eq/kg
Raw;in ground;Zinc;Zinc;#8c564b;0.08265605312675449;NPCC;be73218b-18af-492e-96e6-addd309d1e32;7440-66-6;kg Cu eq/kg
Raw;in ground;Zirconia, as baddeleyite;Zirconium;#cccccc;0.3821696354780387;NPCC;e07b4402-abe3-4346-8c42-051c5983bd1e;12036-23-6;kg Cu eq/kg
Raw;in ground;Zirconium;Zirconium;#c49c94;0.3821696354780387;NPCC;cd2932c5-a486-4bf1-99b8-815d8a7ce11a;7440-67-7;kg Cu eq/kg
Raw;in ground;;;;0.0202954216334538;RAF;;;kg Cu eq/kg
Raw;in ground;Antimony;Antimony;#e377c2;0.0008285562636754482;RAF;47262180-8308-5d4c-9332-c77617e032ef;7440-36-0;kg Cu eq/kg
Raw;in ground;Arsenic;Arsenic;#f7b6d2;0.01821319813853742;RAF;e16fd15c-0ebc-55ba-8d3b-9704f13663cb;7440-38-2;kg Cu eq/kg
Raw;in ground;;;;0.1561998297418276;RAF;;;kg Cu eq/kg
Raw;in ground;Barium;Baryte;#7f7f7f;0.00303294039661824;RAF;240177d8-6f3b-43f5-8d1e-0c18114dfa02;7440-39-3;kg Cu eq/kg
Raw;in ground;Aluminium;Bauxite;#bcbd22;4.230885751279899e-05;RAF;a45cd247-3532-4e27-bddc-b519fdb5e08f;7429-90-5;kg Cu eq/kg
Raw;in ground;Clay, bentonite;Bentonite;#aec7e8;0.00813153851038752;RAF;93806a54-46f5-409c-99c5-4144a1e73b5d;1302-78-9;kg Cu eq/kg
Raw;in ground;Beryllium;Beryllium;#ffbb78;0.0007452279601817413;RAF;68f7bc03-0665-55a1-bd99-96530eab30e2;7440-41-7;kg Cu eq/kg
Raw;in ground;Bismuth;Bismuth;#cccccc;26.9482120969394;RAF;0124b342-4bdd-5cbf-ba2a-dce8a259755c;7440-69-9;kg Cu eq/kg
Raw;in ground;Borax;Boron;#c7c7c7;0.2289816373606635;RAF;eead2933-c2be-4a53-a0bd-bd33b67e4145;1303-96-4;kg Cu eq/kg
Raw;in ground;Boron;Boron;#bcbd22;0.2289816373606635;RAF;b053aa52-bfac-5435-a0b1-4ca374b0e991;7440-42-8;kg Cu eq/kg
Raw;in ground;Cadmium;Cadmium;#dbdb8d;0.729756456011168;RAF;bf377e4f-3a95-4ce2-a9ba-66ee31f00f60;7440-43-9;kg Cu eq/kg
Raw;in ground;Chromium;Chromite;#f7b6d2;1.974073783656948e-06;RAF;e189e2d4-3d3f-4ada-b302-91611784311f;7440-47-3;kg Cu eq/kg
Raw;in ground;Cobalt;Cobalt;#ff9896;0.04230104691583728;RAF;d0779a5e-6969-4144-954e-ceb81fb83f15;7440-48-4;kg Cu eq/kg
Raw;in ground;;;;0.008924016373911912;RAF;;;kg Cu eq/kg
Raw;in ground;Copper;Copper;#9467bd;6.114696182292325e-05;RAF;a9ac40a0-9bea-4c48-afa7-66aa6eb90624;7440-50-8;kg Cu eq/kg
Raw;in ground;Diatomite;Diatomite;#2ca02c;0.03159683217258227;RAF;9877ce00-65f8-4c0c-9fcf-92aa53a2c9c0;61790-53-2;kg Cu eq/kg
Raw;in ground;Feldspar;Feldspar;#e377c2;0.007018804122325109;RAF;26296ec9-ff93-41e6-bbbf-6175af04284d;68476-25-5;kg Cu eq/kg
Raw;in ground;Fluorspar;Fluorspar;#c7c7c7;0.03767196492435639;RAF;0fa4f51e-b0dc-5d11-84d3-b32f0f3c88d5;14542-23-5;kg Cu eq/kg
Raw;in ground;Germanium;Germanium;#dbdb8d;0.0;RAF;d3e547dc-1a29-5ece-8dbb-bd9c0ad3cc46;7440-56-4;kg Cu eq/kg
Raw;in ground;Gold;Gold;#dbdb8d;112.7164613549779;RAF;d080e6a4-42c6-484e-b5d7-d74693aec7d9;7440-57-5;kg Cu eq/kg
Raw;in ground;Graphite;Graphite;#17becf;0.009740658915979581;RAF;5666353e-2db2-41d3-8414-404709151422;7782-42-5;kg Cu eq/kg
Raw;in ground;Anhydrite;Gypsum;#1f77b4;0.0008175539122798283;RAF;6df9ea09-115a-4678-9f30-d92c877a46ec;7778-18-9;kg Cu eq/kg
Raw;in ground;Gypsum;Gypsum;#1f77b4;0.0008175539122798283;RAF;11a2a7b1-ab2f-47b8-9e29-6f33d5207fa6;13397-24-5;kg Cu eq/kg
Raw;in ground;Iron;Iron;#ffbb78;0.007065259955116555;RAF;8ce3ff02-7a1e-48e3-881e-3248b944f28a;7439-89-6;kg Cu eq/kg
Raw;in ground;Kaolinite;Kaolin;#2ca02c;0.01214474903794493;RAF;81ff5c0b-c44f-534e-a55e-8fc017e33dd2;;kg Cu eq/kg
Raw;in ground;Lead;Lead;#2ca02c;0.00015233456774043;RAF;fbcb9c7a-eea7-4694-ba6c-568e01d28883;7439-92-1;kg Cu eq/kg
Raw;in ground;Coal, brown;Lignite;#4D4D4D;0.06927533751173906;RAF;024c9722-1e88-412b-8c4b-10c532be8dca;;kg Cu eq/kg
Raw;in ground;Lithium;Lithium;#A9CBA7;0.7930090293937403;RAF;7d2c1cdd-a64a-5936-a577-5b82db0c0d1b;7439-93-2;kg Cu eq/kg
Raw;in ground;Magnesite;Magnesite;#c5b0d5;0.07362469206666415;RAF;a4bab069-74a9-5b4c-8d6e-5ca984cd9ecd;546-93-0;kg Cu eq/kg
Raw;in ground;Magnesium;Magnesite;#9467bd;0.07362469206666415;RAF;9e5823ad-9d9b-4b98-b627-e39611b6a8bd;546-93-0;kg Cu eq/kg
Raw;in ground;Manganese;Manganese;#7f7f7f;3.068840306004461e-05;RAF;c2586875-bb56-4b1e-84c5-5ff255a1108b;7439-96-5;kg Cu eq/kg
Raw;in ground;Mercury;Mercury;#8c564b;13.49862525289702;RAF;54b9cbd0-65df-4fd3-8a19-dd3b8eccc619;7439-97-6;kg Cu eq/kg
Raw;in ground;Molybdenum;Molybdenum;#c49c94;3.111095042316736;RAF;e5a3dff5-72dc-5287-893c-597dd4a19566;7439-98-7;kg Cu eq/kg
Raw;in ground;Gas, natural;Natural gas;#FFE680;0.0314578224026992;RAF;7c337428-fb1b-45c7-bbb2-2ee4d29e17ba;8006-14-2;kg Cu eq/kg
Raw;in ground;Nickel;Nickel;#c49c94;0.005257598861345523;RAF;974213ef-1ba0-40e5-bc7b-52ef099e9e09;7440-02-0;kg Cu eq/kg
Raw;in ground;Niobium;Niobium;#bcbd22;14.21624980468623;RAF;8de8befc-efa2-5d07-a58b-b29ea97a3f41;7440-03-1;kg Cu eq/kg
Raw;in ground;Palladium;Palladium;#f7b6d2;86.31973820552041;RAF;edc69c63-a776-4dbf-acbf-e0368914980a;7440-05-3;kg Cu eq/kg
Raw;in ground;Oil, crude;Crude oil;#FFB570;0.002258685172570683;RAF;88d06db9-59a1-4719-9174-afeb1fa4026a;;kg Cu eq/kg
Raw;in ground;Phosphorus;Phosphate;#c7c7c7;6.905282701910144e-06;RAF;483ae3c5-4eb0-46e4-b811-a72ad391716b;;kg Cu eq/kg
Raw;in ground;Platinum;Platinum;#bcbd22;3.294647876012916;RAF;d13b2665-505d-49e2-8edd-dc966b0342af;7440-06-4;kg Cu eq/kg
Raw;in ground;Cerium;Rare earth;#1f77b4;1.475613595521895;RAF;4057f8b4-f20a-59c9-9bb7-fdeaf5ad106d;;kg Cu eq/kg
Raw;in ground;Dysprosium;Rare earth;#98df8a;1.475613595521895;RAF;9e28eac3-49f9-5a0d-a8d0-dc4e071ad9e6;7429-91-6;kg Cu eq/kg
Raw;in ground;Erbium;Rare earth;#cccccc;1.475613595521895;RAF;110a04f0-af53-5499-b22e-79b1b91e5a66;7440-52-0;kg Cu eq/kg
Raw;in ground;Europium;Rare earth;#d62728;1.475613595521895;RAF;3d73ec21-de4d-5b68-b504-4ef59e15bd0e;7440-53-1;kg Cu eq/kg
Raw;in ground;Gadolinium;Rare earth;#9467bd;1.475613595521895;RAF;f55e2203-ef91-50bf-8f5a-119bb210522c;7440-54-2;kg Cu eq/kg
Raw;in ground;Holmium;Rare earth;#cccccc;1.475613595521895;RAF;f2f53dc8-8e09-511f-8dd2-4bae3625ba27;7440-60-0;kg Cu eq/kg
Raw;in ground;Lanthanum;Rare earth;#7f7f7f;1.475613595521895;RAF;176598c1-699c-5dd8-8c33-d269ff7f5edd;;kg Cu eq/kg
Raw;in ground;Lutetium;Rare earth;#cccccc;1.475613595521895;RAF;d9a2f8e5-f04a-5ffa-8c75-8133ac7f525c;7439-94-3;kg Cu eq/kg
Raw;in ground;Neodymium;Rare earth;#c7c7c7;1.475613595521895;RAF;db0c855c-e9ef-58d9-97cc-960e646fc882;;kg Cu eq/kg
Raw;in ground;Praseodymium;Rare earth;#17becf;1.475613595521895;RAF;35da65ff-7287-571d-b859-13d398ac5182;7440-10-0;kg Cu eq/kg
Raw;in ground;Samarium;Rare earth;#aec7e8;1.475613595521895;RAF;cf791833-26bc-5207-a9bd-6ddcd8ac7625;7440-19-9;kg Cu eq/kg
Raw;in ground;Scandium;Rare earth;#ffbb78;1.475613595521895;RAF;7f9f9b59-35a0-584d-ad5e-07da01dde768;;kg Cu eq/kg
Raw;in ground;Terbium;Rare earth;#e377c2;1.475613595521895;RAF;6ec6a8a8-4c94-5bc5-93c5-62928fcf3935;7440-27-9;kg Cu eq/kg
Raw;in ground;Thulium;Rare earth;#cccccc;1.475613595521895;RAF;a34e010c-6f68-5c79-8b45-2955b91f7dc2;7440-30-4;kg Cu eq/kg
Raw;in ground;Ytterbium;Rare earth;#cccccc;1.475613595521895;RAF;ea659cca-fe3d-5b03-90d2-60719a862874;7440-64-4;kg Cu eq/kg
Raw;in ground;Yttrium;Rare earth;#c7c7c7;1.475613595521895;RAF;89b567f2-2cab-503e-b796-42cba72fce16;7440-65-5;kg Cu eq/kg
Raw;in ground;Rhodium;Rhodium;#9edae5;493.6691060244003;RAF;4803f22f-6950-489b-914d-fa953a8081f6;7440-16-6;kg Cu eq/kg
Raw;in ground;Selenium;Selenium;#2ca02c;1.591306457976951;RAF;5f47f918-1c32-5870-b992-db91f843ff34;7782-49-2;kg Cu eq/kg
Raw;in ground;Silver;Silver;#1f77b4;3.841071116845326e-06;RAF;361a64cb-ab76-4a72-9ea1-c07d6a20c124;7440-22-4;kg Cu eq/kg
Raw;in ground;Coal, hard;Steam Coal;#4D4D4D;0.004058585920755506;RAF;b6d0042d-0ef8-49ed-9162-a07ff1ccf750;;kg Cu eq/kg
Raw;in ground;Sulfur;Sulfur;#2ca02c;0.02922289808580826;RAF;852281f6-db73-4250-84d3-86b569fce0c1;7704-34-9;kg Cu eq/kg
Raw;in ground;Tantalum;Tantalum;#98df8a;0.009357027503144648;RAF;775fdf03-b0bb-5c25-b14d-107231d5b2f0;7440-25-7;kg Cu eq/kg
Raw;in ground;Tellurium;Tellurium;#c49c94;2.58687620648664;RAF;7b6da1f2-e191-5a77-ae06-af96201f5803;13494-80-9;kg Cu eq/kg
Raw;in ground;Tin;Tin;#d62728;0.0003750402369388996;RAF;53d5ef26-66d8-4536-afa2-2f6b114189ba;7440-31-5;kg Cu eq/kg
Raw;in ground;Titanium;Titanium;#ff7f0e;0.0003421700107384051;RAF;2f033407-6060-4e1e-868c-9f362d10fdb2;7440-32-6;kg Cu eq/kg
Raw;in ground;Tungsten;Tungsten;#ff9896;1.598727750946695;RAF;ebcc1f0c-6b19-501d-86a4-629df2a457b5;7440-33-7;kg Cu eq/kg
Raw;in ground;Uranium;Uranium;#9467bd;0.0001393194905425718;RAF;2ba5e39b-adb6-4767-a51d-90c1cf32fe98;7440-61-1;kg Cu eq/kg
Raw;in ground;Vanadium;Vanadium;#7f7f7f;0.0001542748554593827;RAF;c9c4b80a-73dd-415a-92fb-f877595651c1;7440-62-2;kg Cu eq/kg
Raw;in ground;Zinc;Zinc;#8c564b;0.0002116988453938138;RAF;be73218b-18af-492e-96e6-addd309d1e32;7440-66-6;kg Cu eq/kg
Raw;in ground;Zirconia, as baddeleyite;Zirconium;#cccccc;0.003978322675818976;RAF;e07b4402-abe3-4346-8c42-051c5983bd1e;12036-23-6;kg Cu eq/kg
Raw;in ground;Zirconium;Zirconium;#c49c94;0.003978322675818976;RAF;cd2932c5-a486-4bf1-99b8-815d8a7ce11a;7440-67-7;kg Cu eq/kg
Raw;in ground;;;;0.02062478235120914;RAS;;;kg Cu eq/kg
Raw;in ground;Antimony;Antimony;#e377c2;0.1884357210551352;RAS;47262180-8308-5d4c-9332-c77617e032ef;7440-36-0;kg Cu eq/kg
Raw;in ground;Arsenic;Arsenic;#f7b6d2;0.003906801170121086;RAS;e16fd15c-0ebc-55ba-8d3b-9704f13663cb;7440-38-2;kg Cu eq/kg
Raw;in ground;;;;0.02142715140815625;RAS;;;kg Cu eq/kg
Raw;in ground;Barium;Baryte;#7f7f7f;0.0003233281628798601;RAS;240177d8-6f3b-43f5-8d1e-0c18114dfa02;7440-39-3;kg Cu eq/kg
Raw;in ground;Aluminium;Bauxite;#bcbd22;0.0056290121686544;RAS;a45cd247-3532-4e27-bddc-b519fdb5e08f;7429-90-5;kg Cu eq/kg
Raw;in ground;Clay, bentonite;Bentonite;#aec7e8;0.000727771476803513;RAS;93806a54-46f5-409c-99c5-4144a1e73b5d;1302-78-9;kg Cu eq/kg
Raw;in ground;Beryllium;Beryllium;#ffbb78;5.450066157307526;RAS;68f7bc03-0665-55a1-bd99-96530eab30e2;7440-41-7;kg Cu eq/kg
Raw;in ground;Bismuth;Bismuth;#cccccc;0.4539392711803201;RAS;0124b342-4bdd-5cbf-ba2a-dce8a259755c;7440-69-9;kg Cu eq/kg
Raw;in ground;Borax;Boron;#c7c7c7;0.00317693921587743;RAS;eead2933-c2be-4a53-a0bd-bd33b67e4145;1303-96-4;kg Cu eq/kg
Raw;in ground;Boron;Boron;#bcbd22;0.00317693921587743;RAS;b053aa52-bfac-5435-a0b1-4ca374b0e991;7440-42-8;kg Cu eq/kg
Raw;in ground;Cadmium;Cadmium;#dbdb8d;0.07270074160256296;RAS;bf377e4f-3a95-4ce2-a9ba-66ee31f00f60;7440-43-9;kg Cu eq/kg
Raw;in ground;Chromium;Chromite;#f7b6d2;0.08593710098869495;RAS;e189e2d4-3d3f-4ada-b302-91611784311f;7440-47-3;kg Cu eq/kg
Raw;in ground;Cobalt;Cobalt;#ff9896;16.50330069653415;RAS;d0779a5e-6969-4144-954e-ceb81fb83f15;7440-48-4;kg Cu eq/kg
Raw;in ground;;;;0.01710337489712771;RAS;;;kg Cu eq/kg
Raw;in ground;Copper;Copper;#9467bd;0.2074669111574865;RAS;a9ac40a0-9bea-4c48-afa7-66aa6eb90624;7440-50-8;kg Cu eq/kg
Raw;in ground;Diatomite;Diatomite;#2ca02c;0.004549272005554479;RAS;9877ce00-65f8-4c0c-9fcf-92aa53a2c9c0;61790-53-2;kg Cu eq/kg
Raw;in ground;Feldspar;Feldspar;#e377c2;0.0001842387901354006;RAS;26296ec9-ff93-41e6-bbbf-6175af04284d;68476-25-5;kg Cu eq/kg
Raw;in ground;Fluorspar;Fluorspar;#c7c7c7;0.007294068930758267;RAS;0fa4f51e-b0dc-5d11-84d3-b32f0f3c88d5;14542-23-5;kg Cu eq/kg
Raw;in ground;Germanium;Germanium;#dbdb8d;0.0;RAS;d3e547dc-1a29-5ece-8dbb-bd9c0ad3cc46;7440-56-4;kg Cu eq/kg
Raw;in ground;Gold;Gold;#dbdb8d;4.396996264904526;RAS;d080e6a4-42c6-484e-b5d7-d74693aec7d9;7440-57-5;kg Cu eq/kg
Raw;in ground;Graphite;Graphite;#17becf;0.1168640960483206;RAS;5666353e-2db2-41d3-8414-404709151422;7782-42-5;kg Cu eq/kg
Raw;in ground;Anhydrite;Gypsum;#1f77b4;1.730276524431404e-05;RAS;6df9ea09-115a-4678-9f30-d92c877a46ec;7778-18-9;kg Cu eq/kg
Raw;in ground;Gypsum;Gypsum;#1f77b4;1.730276524431404e-05;RAS;11a2a7b1-ab2f-47b8-9e29-6f33d5207fa6;13397-24-5;kg Cu eq/kg
Raw;in ground;Iron;Iron;#ffbb78;0.01434909288993738;RAS;8ce3ff02-7a1e-48e3-881e-3248b944f28a;7439-89-6;kg Cu eq/kg
Raw;in ground;Kaolinite;Kaolin;#2ca02c;0.002244320568464769;RAS;81ff5c0b-c44f-534e-a55e-8fc017e33dd2;;kg Cu eq/kg
Raw;in ground;Lead;Lead;#2ca02c;0.16650072108705;RAS;fbcb9c7a-eea7-4694-ba6c-568e01d28883;7439-92-1;kg Cu eq/kg
Raw;in ground;Coal, brown;Lignite;#4D4D4D;1.988281472959366e-07;RAS;024c9722-1e88-412b-8c4b-10c532be8dca;;kg Cu eq/kg
Raw;in ground;Lithium;Lithium;#A9CBA7;9.228612784473892;RAS;7d2c1cdd-a64a-5936-a577-5b82db0c0d1b;7439-93-2;kg Cu eq/kg
Raw;in ground;Magnesite;Magnesite;#c5b0d5;3.384725948851701e-06;RAS;a4bab069-74a9-5b4c-8d6e-5ca984cd9ecd;546-93-0;kg Cu eq/kg
Raw;in ground;Magnesium;Magnesite;#9467bd;3.384725948851701e-06;RAS;9e5823ad-9d9b-4b98-b627-e39611b6a8bd;546-93-0;kg Cu eq/kg
Raw;in ground;Manganese;Manganese;#7f7f7f;0.04201484130769101;RAS;c2586875-bb56-4b1e-84c5-5ff255a1108b;7439-96-5;kg Cu eq/kg
Raw;in ground;Mercury;Mercury;#8c564b;6.075165874255497;RAS;54b9cbd0-65df-4fd3-8a19-dd3b8eccc619;7439-97-6;kg Cu eq/kg
Raw;in ground;Molybdenum;Molybdenum;#c49c94;0.6922053267804693;RAS;e5a3dff5-72dc-5287-893c-597dd4a19566;7439-98-7;kg Cu eq/kg
Raw;in ground;Gas, natural;Natural gas;#FFE680;0.03513288510459388;RAS;7c337428-fb1b-45c7-bbb2-2ee4d29e17ba;8006-14-2;kg Cu eq/kg
Raw;in ground;Nickel;Nickel;#c49c94;0.005331956061584321;RAS;974213ef-1ba0-40e5-bc7b-52ef099e9e09;7440-02-0;kg Cu eq/kg
Raw;in ground;Niobium;Niobium;#bcbd22;26.20033022573737;RAS;8de8befc-efa2-5d07-a58b-b29ea97a3f41;7440-03-1;kg Cu eq/kg
Raw;in ground;Palladium;Palladium;#f7b6d2;9401.695635820814;RAS;edc69c63-a776-4dbf-acbf-e0368914980a;7440-05-3;kg Cu eq/kg
Raw;in ground;Oil, crude;Crude oil;#FFB570;0.006049519853223093;RAS;88d06db9-59a1-4719-9174-afeb1fa4026a;;kg Cu eq/kg
Raw;in ground;Phosphorus;Phosphate;#c7c7c7;0.006568720917299622;RAS;483ae3c5-4eb0-46e4-b811-a72ad391716b;;kg Cu eq/kg
Raw;in ground;Platinum;Platinum;#bcbd22;42.85342924681283;RAS;d13b2665-505d-49e2-8edd-dc966b0342af;7440-06-4;kg Cu eq/kg
Raw;in ground;Cerium;Rare earth;#1f77b4;2.05123948986477;RAS;4057f8b4-f20a-59c9-9bb7-fdeaf5ad106d;;kg Cu eq/kg
Raw;in ground;Dysprosium;Rare earth;#98df8a;2.05123948986477;RAS;9e28eac3-49f9-5a0d-a8d0-dc4e071ad9e6;7429-91-6;kg Cu eq/kg
Raw;in ground;Erbium;Rare earth;#cccccc;2.05123948986477;RAS;110a04f0-af53-5499-b22e-79b1b91e5a66;7440-52-0;kg Cu eq/kg
Raw;in ground;Europium;Rare earth;#d62728;2.05123948986477;RAS;3d73ec21-de4d-5b68-b504-4ef59e15bd0e;7440-53-1;kg Cu eq/kg
Raw;in ground;Gadolinium;Rare earth;#9467bd;2.05123948986477;RAS;f55e2203-ef91-50bf-8f5a-119bb210522c;7440-54-2;kg Cu eq/kg
Raw;in ground;Holmium;Rare earth;#cccccc;2.05123948986477;RAS;f2f53dc8-8e09-511f-8dd2-4bae3625ba27;7440-60-0;kg Cu eq/kg
Raw;in ground;Lanthanum;Rare earth;#7f7f7f;2.05123948986477;RAS;176598c1-699c-5dd8-8c33-d269ff7f5edd;;kg Cu eq/kg
Raw;in ground;Lutetium;Rare earth;#cccccc;2.05123948986477;RAS;d9a2f8e5-f04a-5ffa-8c75-8133ac7f525c;7439-94-3;kg Cu eq/kg
Raw;in ground;Neodymium;Rare earth;#c7c7c7;2.05123948986477;RAS;db0c855c-e9ef-58d9-97cc-960e646fc882;;kg Cu eq/kg
Raw;in ground;Praseodymium;Rare earth;#17becf;2.05123948986477;RAS;35da65ff-7287-571d-b859-13d398ac5182;7440-10-0;kg Cu eq/kg
Raw;in ground;Samarium;Rare earth;#aec7e8;2.05123948986477;RAS;cf791833-26bc-5207-a9bd-6ddcd8ac7625;7440-19-9;kg Cu eq/kg
Raw;in ground;Scandium;Rare earth;#ffbb78;2.05123948986477;RAS;7f9f9b59-35a0-584d-ad5e-07da01dde768;;kg Cu eq/kg
Raw;in ground;Terbium;Rare earth;#e377c2;2.05123948986477;RAS;6ec6a8a8-4c94-5bc5-93c5-62928fcf3935;7440-27-9;kg Cu eq/kg
Raw;in ground;Thulium;Rare earth;#cccccc;2.05123948986477;RAS;a34e010c-6f68-5c79-8b45-2955b91f7dc2;7440-30-4;kg Cu eq/kg
Raw;in ground;Ytterbium;Rare earth;#cccccc;2.05123948986477;RAS;ea659cca-fe3d-5b03-90d2-60719a862874;7440-64-4;kg Cu eq/kg
Raw;in ground;Yttrium;Rare earth;#c7c7c7;2.05123948986477;RAS;89b567f2-2cab-503e-b796-42cba72fce16;7440-65-5;kg Cu eq/kg
Raw;in ground;Rhodium;Rhodium;#9edae5;292803.5309100159;RAS;4803f22f-6950-489b-914d-fa953a8081f6;7440-16-6;kg Cu eq/kg
Raw;in ground;Selenium;Selenium;#2ca02c;0.691491663687425;RAS;5f47f918-1c32-5870-b992-db91f843ff34;7782-49-2;kg Cu eq/kg
Raw;in ground;Silver;Silver;#1f77b4;0.3588171044769402;RAS;361a64cb-ab76-4a72-9ea1-c07d6a20c124;7440-22-4;kg Cu eq/kg
Raw;in ground;Coal, hard;Steam Coal;#4D4D4D;0.004165826947841811;RAS;b6d0042d-0ef8-49ed-9162-a07ff1ccf750;;kg Cu eq/kg
Raw;in ground;Sulfur;Sulfur;#2ca02c;0.0005331443380870616;RAS;852281f6-db73-4250-84d3-86b569fce0c1;7704-34-9;kg Cu eq/kg
Raw;in ground;Tantalum;Tantalum;#98df8a;19.80167568823901;RAS;775fdf03-b0bb-5c25-b14d-107231d5b2f0;7440-25-7;kg Cu eq/kg
Raw;in ground;Tellurium;Tellurium;#c49c94;5.624227000442187;RAS;7b6da1f2-e191-5a77-ae06-af96201f5803;13494-80-9;kg Cu eq/kg
Raw;in ground;Tin;Tin;#d62728;0.7908316462900359;RAS;53d5ef26-66d8-4536-afa2-2f6b114189ba;7440-31-5;kg Cu eq/kg
Raw;in ground;Titanium;Titanium;#ff7f0e;0.04922115671278057;RAS;2f033407-6060-4e1e-868c-9f362d10fdb2;7440-32-6;kg Cu eq/kg
Raw;in ground;Tungsten;Tungsten;#ff9896;0.7601439645729932;RAS;ebcc1f0c-6b19-501d-86a4-629df2a457b5;7440-33-7;kg Cu eq/kg
Raw;in ground;Uranium;Uranium;#9467bd;0.0005507862257023376;RAS;2ba5e39b-adb6-4767-a51d-90c1cf32fe98;7440-61-1;kg Cu eq/kg
Raw;in ground;Vanadium;Vanadium;#7f7f7f;0.8991580191471698;RAS;c9c4b80a-73dd-415a-92fb-f877595651c1;7440-62-2;kg Cu eq/kg
Raw;in ground;Zinc;Zinc;#8c564b;0.07649427845812252;RAS;be73218b-18af-492e-96e6-addd309d1e32;7440-66-6;kg Cu eq/kg
Raw;in ground;Zirconia, as baddeleyite;Zirconium;#cccccc;0.2496139216572624;RAS;e07b4402-abe3-4346-8c42-051c5983bd1e;12036-23-6;kg Cu eq/kg
Raw;in ground;Zirconium;Zirconium;#c49c94;0.2496139216572624;RAS;cd2932c5-a486-4bf1-99b8-815d8a7ce11a;7440-67-7;kg Cu eq/kg
Raw;in ground;;;;0.3146490318420775;RER;;;kg Cu eq/kg
Raw;in ground;Antimony;Antimony;#e377c2;1.28186018445203;RER;47262180-8308-5d4c-9332-c77617e032ef;7440-36-0;kg Cu eq/kg
Raw;in ground;Arsenic;Arsenic;#f7b6d2;1.565100571816986;RER;e16fd15c-0ebc-55ba-8d3b-9704f13663cb;7440-38-2;kg Cu eq/kg
Raw;in ground;;;;0.0003227312488591282;RER;;;kg Cu eq/kg
Raw;in ground;Barium;Baryte;#7f7f7f;0.02507772416861399;RER;240177d8-6f3b-43f5-8d1e-0c18114dfa02;7440-39-3;kg Cu eq/kg
Raw;in ground;Aluminium;Bauxite;#bcbd22;0.01185726458049313;RER;a45cd247-3532-4e27-bddc-b519fdb5e08f;7429-90-5;kg Cu eq/kg
Raw;in ground;Clay, bentonite;Bentonite;#aec7e8;0.009920109663461556;RER;93806a54-46f5-409c-99c5-4144a1e73b5d;1302-78-9;kg Cu eq/kg
Raw;in ground;Beryllium;Beryllium;#ffbb78;0.1565918190232871;RER;68f7bc03-0665-55a1-bd99-96530eab30e2;7440-41-7;kg Cu eq/kg
Raw;in ground;Bismuth;Bismuth;#cccccc;5.979572233822616;RER;0124b342-4bdd-5cbf-ba2a-dce8a259755c;7440-69-9;kg Cu eq/kg
Raw;in ground;Borax;Boron;#c7c7c7;0.1234247907248727;RER;eead2933-c2be-4a53-a0bd-bd33b67e4145;1303-96-4;kg Cu eq/kg
Raw;in ground;Boron;Boron;#bcbd22;0.1234247907248727;RER;b053aa52-bfac-5435-a0b1-4ca374b0e991;7440-42-8;kg Cu eq/kg
Raw;in ground;Cadmium;Cadmium;#dbdb8d;0.204593113930955;RER;bf377e4f-3a95-4ce2-a9ba-66ee31f00f60;7440-43-9;kg Cu eq/kg
Raw;in ground;Chromium;Chromite;#f7b6d2;0.07191991568420392;RER;e189e2d4-3d3f-4ada-b302-91611784311f;7440-47-3;kg Cu eq/kg
Raw;in ground;Cobalt;Cobalt;#ff9896;12.59950008411082;RER;d0779a5e-6969-4144-954e-ceb81fb83f15;7440-48-4;kg Cu eq/kg
Raw;in ground;;;;0.03933642351356546;RER;;;kg Cu eq/kg
Raw;in ground;Copper;Copper;#9467bd;0.1484488470026371;RER;a9ac40a0-9bea-4c48-afa7-66aa6eb90624;7440-50-8;kg Cu eq/kg
Raw;in ground;Diatomite;Diatomite;#2ca02c;0.009061684058241783;RER;9877ce00-65f8-4c0c-9fcf-92aa53a2c9c0;61790-53-2;kg Cu eq/kg
Raw;in ground;Feldspar;Feldspar;#e377c2;0.01151489388054347;RER;26296ec9-ff93-41e6-bbbf-6175af04284d;68476-25-5;kg Cu eq/kg
Raw;in ground;Fluorspar;Fluorspar;#c7c7c7;0.1504471260480818;RER;0fa4f51e-b0dc-5d11-84d3-b32f0f3c88d5;14542-23-5;kg Cu eq/kg
Raw;in ground;Germanium;Germanium;#dbdb8d;0.0;RER;d3e547dc-1a29-5ece-8dbb-bd9c0ad3cc46;7440-56-4;kg Cu eq/kg
Raw;in ground;Gold;Gold;#dbdb8d;37.77468949949867;RER;d080e6a4-42c6-484e-b5d7-d74693aec7d9;7440-57-5;kg Cu eq/kg
Raw;in ground;Graphite;Graphite;#17becf;0.5808757579737522;RER;5666353e-2db2-41d3-8414-404709151422;7782-42-5;kg Cu eq/kg
Raw;in ground;Anhydrite;Gypsum;#1f77b4;0.000110960602160106;RER;6df9ea09-115a-4678-9f30-d92c877a46ec;7778-18-9;kg Cu eq/kg
Raw;in ground;Gypsum;Gypsum;#1f77b4;0.000110960602160106;RER;11a2a7b1-ab2f-47b8-9e29-6f33d5207fa6;13397-24-5;kg Cu eq/kg
Raw;in ground;Iron;Iron;#ffbb78;0.009954574842599317;RER;8ce3ff02-7a1e-48e3-881e-3248b944f28a;7439-89-6;kg Cu eq/kg
Raw;in ground;Kaolinite;Kaolin;#2ca02c;0.003726843195388164;RER;81ff5c0b-c44f-534e-a55e-8fc017e33dd2;;kg Cu eq/kg
Raw;in ground;Lead;Lead;#2ca02c;0.06049851327508416;RER;fbcb9c7a-eea7-4694-ba6c-568e01d28883;7439-92-1;kg Cu eq/kg
Raw;in ground;Coal, brown;Lignite;#4D4D4D;8.890131481785948e-05;RER;024c9722-1e88-412b-8c4b-10c532be8dca;;kg Cu eq/kg
Raw;in ground;Lithium;Lithium;#A9CBA7;8.603147766494176;RER;7d2c1cdd-a64a-5936-a577-5b82db0c0d1b;7439-93-2;kg Cu eq/kg
Raw;in ground;Magnesite;Magnesite;#c5b0d5;0.001869595507291456;RER;a4bab069-74a9-5b4c-8d6e-5ca984cd9ecd;546-93-0;kg Cu eq/kg
Raw;in ground;Magnesium;Magnesite;#9467bd;0.001869595507291456;RER;9e5823ad-9d9b-4b98-b627-e39611b6a8bd;546-93-0;kg Cu eq/kg
Raw;in ground;Manganese;Manganese;#7f7f7f;0.04998022878422446;RER;c2586875-bb56-4b1e-84c5-5ff255a1108b;7439-96-5;kg Cu eq/kg
Raw;in ground;Mercury;Mercury;#8c564b;1.12230999069149;RER;54b9cbd0-65df-4fd3-8a19-dd3b8eccc619;7439-97-6;kg Cu eq/kg
Raw;in ground;Molybdenum;Molybdenum;#c49c94;4.924669343133036;RER;e5a3dff5-72dc-5287-893c-597dd4a19566;7439-98-7;kg Cu eq/kg
Raw;in ground;Gas, natural;Natural gas;#FFE680;0.08936754781842521;RER;7c337428-fb1b-45c7-bbb2-2ee4d29e17ba;8006-14-2;kg Cu eq/kg
Raw;in ground;Nickel;Nickel;#c49c94;0.09872866702102996;RER;974213ef-1ba0-40e5-bc7b-52ef099e9e09;7440-02-0;kg Cu eq/kg
Raw;in ground;Niobium;Niobium;#bcbd22;24.06382954377524;RER;8de8befc-efa2-5d07-a58b-b29ea97a3f41;7440-03-1;kg Cu eq/kg
Raw;in ground;Palladium;Palladium;#f7b6d2;7070.905861823939;RER;edc69c63-a776-4dbf-acbf-e0368914980a;7440-05-3;kg Cu eq/kg
Raw;in ground;Oil, crude;Crude oil;#FFB570;0.02639939636755997;RER;88d06db9-59a1-4719-9174-afeb1fa4026a;;kg Cu eq/kg
Raw;in ground;Phosphorus;Phosphate;#c7c7c7;0.0197012229908379;RER;483ae3c5-4eb0-46e4-b811-a72ad391716b;;kg Cu eq/kg
Raw;in ground;Platinum;Platinum;#bcbd22;55.24711944432347;RER;d13b2665-505d-49e2-8edd-dc966b0342af;7440-06-4;kg Cu eq/kg
Raw;in ground;Cerium;Rare earth;#1f77b4;3.727520713794192;RER;4057f8b4-f20a-59c9-9bb7-fdeaf5ad106d;;kg Cu eq/kg
Raw;in ground;Dysprosium;Rare earth;#98df8a;3.727520713794192;RER;9e28eac3-49f9-5a0d-a8d0-dc4e071ad9e6;7429-91-6;kg Cu eq/kg
Raw;in ground;Erbium;Rare earth;#cccccc;3.727520713794192;RER;110a04f0-af53-5499-b22e-79b1b91e5a66;7440-52-0;kg Cu eq/kg
Raw;in ground;Europium;Rare earth;#d62728;3.727520713794192;RER;3d73ec21-de4d-5b68-b504-4ef59e15bd0e;7440-53-1;kg Cu eq/kg
Raw;in ground;Gadolinium;Rare earth;#9467bd;3.727520713794192;RER;f55e2203-ef91-50bf-8f5a-119bb210522c;7440-54-2;kg Cu eq/kg
Raw;in ground;Holmium;Rare earth;#cccccc;3.727520713794192;RER;f2f53dc8-8e09-511f-8dd2-4bae3625ba27;7440-60-0;kg Cu eq/kg
Raw;in ground;Lanthanum;Rare earth;#7f7f7f;3.727520713794192;RER;176598c1-699c-5dd8-8c33-d269ff7f5edd;;kg Cu eq/kg
Raw;in ground;Lutetium;Rare earth;#cccccc;3.727520713794192;RER;d9a2f8e5-f04a-5ffa-8c75-8133ac7f525c;7439-94-3;kg Cu eq/kg
Raw;in ground;Neodymium;Rare earth;#c7c7c7;3.727520713794192;RER;db0c855c-e9ef-58d9-97cc-960e646fc882;;kg Cu eq/kg
Raw;in ground;Praseodymium;Rare earth;#17becf;3.727520713794192;RER;35da65ff-7287-571d-b859-13d398ac5182;7440-10-0;kg Cu eq/kg
Raw;in ground;Samarium;Rare earth;#aec7e8;3.727520713794192;RER;cf791833-26bc-5207-a9bd-6ddcd8ac7625;7440-19-9;kg Cu eq/kg
Raw;in ground;Scandium;Rare earth;#ffbb78;3.727520713794192;RER;7f9f9b59-35a0-584d-ad5e-07da01dde768;;kg Cu eq/kg
Raw;in ground;Terbium;Rare earth;#e377c2;3.727520713794192;RER;6ec6a8a8-4c94-5bc5-93c5-62928fcf3935;7440-27-9;kg Cu eq/kg
Raw;in ground;Thulium;Rare earth;#cccccc;3.727520713794192;RER;a34e010c-6f68-5c79-8b45-2955b91f7dc2;7440-30-4;kg Cu eq/kg
Raw;in ground;Ytterbium;Rare earth;#cccccc;3.727520713794192;RER;ea659cca-fe3d-5b03-90d2-60719a862874;7440-64-4;kg Cu eq/kg
Raw;in ground;Yttrium;Rare earth;#c7c7c7;3.727520713794192;RER;89b567f2-2cab-503e-b796-42cba72fce16;7440-65-5;kg Cu eq/kg
Raw;in ground;Rhodium;Rhodium;#9edae5;196995.4435561256;RER;4803f22f-6950-489b-914d-fa953a8081f6;7440-16-6;kg Cu eq/kg
Raw;in ground;Selenium;Selenium;#2ca02c;0.695081090370358;RER;5f47f918-1c32-5870-b992-db91f843ff34;7782-49-2;kg Cu eq/kg
Raw;in ground;Silver;Silver;#1f77b4;1.000718843777847;RER;361a64cb-ab76-4a72-9ea1-c07d6a20c124;7440-22-4;kg Cu eq/kg
Raw;in ground;Coal, hard;Steam Coal;#4D4D4D;0.02745937388505982;RER;b6d0042d-0ef8-49ed-9162-a07ff1ccf750;;kg Cu eq/kg
Raw;in ground;Sulfur;Sulfur;#2ca02c;0.003625836292092352;RER;852281f6-db73-4250-84d3-86b569fce0c1;7704-34-9;kg Cu eq/kg
Raw;in ground;Tantalum;Tantalum;#98df8a;37.29387237168566;RER;775fdf03-b0bb-5c25-b14d-107231d5b2f0;7440-25-7;kg Cu eq/kg
Raw;in ground;Tellurium;Tellurium;#c49c94;0.09946796152299567;RER;7b6da1f2-e191-5a77-ae06-af96201f5803;13494-80-9;kg Cu eq/kg
Raw;in ground;Tin;Tin;#d62728;0.5312676355155462;RER;53d5ef26-66d8-4536-afa2-2f6b114189ba;7440-31-5;kg Cu eq/kg
Raw;in ground;Titanium;Titanium;#ff7f0e;0.06835329061203341;RER;2f033407-6060-4e1e-868c-9f362d10fdb2;7440-32-6;kg Cu eq/kg
Raw;in ground;Tungsten;Tungsten;#ff9896;3.788177056444414;RER;ebcc1f0c-6b19-501d-86a4-629df2a457b5;7440-33-7;kg Cu eq/kg
Raw;in ground;Uranium;Uranium;#9467bd;16.88242636851438;RER;2ba5e39b-adb6-4767-a51d-90c1cf32fe98;7440-61-1;kg Cu eq/kg
Raw;in ground;Vanadium;Vanadium;#7f7f7f;3.010425174002287;RER;c9c4b80a-73dd-415a-92fb-f877595651c1;7440-62-2;kg Cu eq/kg
Raw;in ground;Zinc;Zinc;#8c564b;0.08352852625586445;RER;be73218b-18af-492e-96e6-addd309d1e32;7440-66-6;kg Cu eq/kg
Raw;in ground;Zirconia, as baddeleyite;Zirconium;#cccccc;0.4590188617050127;RER;e07b4402-abe3-4346-8c42-051c5983bd1e;12036-23-6;kg Cu eq/kg
Raw;in ground;Zirconium;Zirconium;#c49c94;0.4590188617050127;RER;cd2932c5-a486-4bf1-99b8-815d8a7ce11a;7440-67-7;kg Cu eq/kg
Raw;in ground;;;;0.4093537139616467;RLA;;;kg Cu eq/kg
Raw;in ground;Antimony;Antimony;#e377c2;0.1029756680373273;RLA;47262180-8308-5d4c-9332-c77617e032ef;7440-36-0;kg Cu eq/kg
Raw;in ground;Arsenic;Arsenic;#f7b6d2;0.008873807605843513;RLA;e16fd15c-0ebc-55ba-8d3b-9704f13663cb;7440-38-2;kg Cu eq/kg
Raw;in ground;;;;0.0008814627726104208;RLA;;;kg Cu eq/kg
Raw;in ground;Barium;Baryte;#7f7f7f;0.01557675090021538;RLA;240177d8-6f3b-43f5-8d1e-0c18114dfa02;7440-39-3;kg Cu eq/kg
Raw;in ground;Aluminium;Bauxite;#bcbd22;0.0001580005132013213;RLA;a45cd247-3532-4e27-bddc-b519fdb5e08f;7429-90-5;kg Cu eq/kg
Raw;in ground;Clay, bentonite;Bentonite;#aec7e8;0.01253839351427358;RLA;93806a54-46f5-409c-99c5-4144a1e73b5d;1302-78-9;kg Cu eq/kg
Raw;in ground;Beryllium;Beryllium;#ffbb78;6.236593699526942;RLA;68f7bc03-0665-55a1-bd99-96530eab30e2;7440-41-7;kg Cu eq/kg
Raw;in ground;Bismuth;Bismuth;#cccccc;5.555948717731886;RLA;0124b342-4bdd-5cbf-ba2a-dce8a259755c;7440-69-9;kg Cu eq/kg
Raw;in ground;Borax;Boron;#c7c7c7;0.001400943786922216;RLA;eead2933-c2be-4a53-a0bd-bd33b67e4145;1303-96-4;kg Cu eq/kg
Raw;in ground;Boron;Boron;#bcbd22;0.001400943786922216;RLA;b053aa52-bfac-5435-a0b1-4ca374b0e991;7440-42-8;kg Cu eq/kg
Raw;in ground;Cadmium;Cadmium;#dbdb8d;0.03485047255078338;RLA;bf377e4f-3a95-4ce2-a9ba-66ee31f00f60;7440-43-9;kg Cu eq/kg
Raw;in ground;Chromium;Chromite;#f7b6d2;0.02964134798898573;RLA;e189e2d4-3d3f-4ada-b302-91611784311f;7440-47-3;kg Cu eq/kg
Raw;in ground;Cobalt;Cobalt;#ff9896;10.78245945897526;RLA;d0779a5e-6969-4144-954e-ceb81fb83f15;7440-48-4;kg Cu eq/kg
Raw;in ground;;;;0.0431048059750249;RLA;;;kg Cu eq/kg
Raw;in ground;Copper;Copper;#9467bd;0.01120026442834483;RLA;a9ac40a0-9bea-4c48-afa7-66aa6eb90624;7440-50-8;kg Cu eq/kg
Raw;in ground;Diatomite;Diatomite;#2ca02c;0.003117296891900608;RLA;9877ce00-65f8-4c0c-9fcf-92aa53a2c9c0;61790-53-2;kg Cu eq/kg
Raw;in ground;Feldspar;Feldspar;#e377c2;0.0004084725737275079;RLA;26296ec9-ff93-41e6-bbbf-6175af04284d;68476-25-5;kg Cu eq/kg
Raw;in ground;Fluorspar;Fluorspar;#c7c7c7;0.0001871713927416369;RLA;0fa4f51e-b0dc-5d11-84d3-b32f0f3c88d5;14542-23-5;kg Cu eq/kg
Raw;in ground;Germanium;Germanium;#dbdb8d;0.0;RLA;d3e547dc-1a29-5ece-8dbb-bd9c0ad3cc46;7440-56-4;kg Cu eq/kg
Raw;in ground;Gold;Gold;#dbdb8d;0.4218666491161426;RLA;d080e6a4-42c6-484e-b5d7-d74693aec7d9;7440-57-5;kg Cu eq/kg
Raw;in ground;Graphite;Graphite;#17becf;0.05017964616158865;RLA;5666353e-2db2-41d3-8414-404709151422;7782-42-5;kg Cu eq/kg
Raw;in ground;Anhydrite;Gypsum;#1f77b4;0.0001508517713501063;RLA;6df9ea09-115a-4678-9f30-d92c877a46ec;7778-18-9;kg Cu eq/kg
Raw;in ground;Gypsum;Gypsum;#1f77b4;0.0001508517713501063;RLA;11a2a7b1-ab2f-47b8-9e29-6f33d5207fa6;13397-24-5;kg Cu eq/kg
Raw;in ground;Iron;Iron;#ffbb78;0.0002263025332451258;RLA;8ce3ff02-7a1e-48e3-881e-3248b944f28a;7439-89-6;kg Cu eq/kg
Raw;in ground;Kaolinite;Kaolin;#2ca02c;0.01217689478919687;RLA;81ff5c0b-c44f-534e-a55e-8fc017e33dd2;;kg Cu eq/kg
Raw;in ground;Lead;Lead;#2ca02c;0.01616932112146935;RLA;fbcb9c7a-eea7-4694-ba6c-568e01d28883;7439-92-1;kg Cu eq/kg
Raw;in ground;Coal, brown;Lignite;#4D4D4D;0.0001416473899943716;RLA;024c9722-1e88-412b-8c4b-10c532be8dca;;kg Cu eq/kg
Raw;in ground;Lithium;Lithium;#A9CBA7;0.04206224611150314;RLA;7d2c1cdd-a64a-5936-a577-5b82db0c0d1b;7439-93-2;kg Cu eq/kg
Raw;in ground;Magnesite;Magnesite;#c5b0d5;6.337538748286888e-05;RLA;a4bab069-74a9-5b4c-8d6e-5ca984cd9ecd;546-93-0;kg Cu eq/kg
Raw;in ground;Magnesium;Magnesite;#9467bd;6.337538748286888e-05;RLA;9e5823ad-9d9b-4b98-b627-e39611b6a8bd;546-93-0;kg Cu eq/kg
Raw;in ground;Manganese;Manganese;#7f7f7f;0.004789558858460217;RLA;c2586875-bb56-4b1e-84c5-5ff255a1108b;7439-96-5;kg Cu eq/kg
Raw;in ground;Mercury;Mercury;#8c564b;19.58197545396213;RLA;54b9cbd0-65df-4fd3-8a19-dd3b8eccc619;7439-97-6;kg Cu eq/kg
Raw;in ground;Molybdenum;Molybdenum;#c49c94;0.1329881324783807;RLA;e5a3dff5-72dc-5287-893c-597dd4a19566;7439-98-7;kg Cu eq/kg
Raw;in ground;Gas, natural;Natural gas;#FFE680;0.06547182590436951;RLA;7c337428-fb1b-45c7-bbb2-2ee4d29e17ba;8006-14-2;kg Cu eq/kg
Raw;in ground;Nickel;Nickel;#c49c94;0.01117196921839431;RLA;974213ef-1ba0-40e5-bc7b-52ef099e9e09;7440-02-0;kg Cu eq/kg
Raw;in ground;Niobium;Niobium;#bcbd22;0.2872144472292551;RLA;8de8befc-efa2-5d07-a58b-b29ea97a3f41;7440-03-1;kg Cu eq/kg
Raw;in ground;Palladium;Palladium;#f7b6d2;23907.40606466114;RLA;edc69c63-a776-4dbf-acbf-e0368914980a;7440-05-3;kg Cu eq/kg
Raw;in ground;Oil, crude;Crude oil;#FFB570;0.003467529861088123;RLA;88d06db9-59a1-4719-9174-afeb1fa4026a;;kg Cu eq/kg
Raw;in ground;Phosphorus;Phosphate;#c7c7c7;0.007764635653243993;RLA;483ae3c5-4eb0-46e4-b811-a72ad391716b;;kg Cu eq/kg
Raw;in ground;Platinum;Platinum;#bcbd22;4.700419040113062;RLA;d13b2665-505d-49e2-8edd-dc966b0342af;7440-06-4;kg Cu eq/kg
Raw;in ground;Cerium;Rare earth;#1f77b4;2.49620668694243;RLA;4057f8b4-f20a-59c9-9bb7-fdeaf5ad106d;;kg Cu eq/kg
Raw;in ground;Dysprosium;Rare earth;#98df8a;2.49620668694243;RLA;9e28eac3-49f9-5a0d-a8d0-dc4e071ad9e6;7429-91-6;kg Cu eq/kg
Raw;in ground;Erbium;Rare earth;#cccccc;2.49620668694243;RLA;110a04f0-af53-5499-b22e-79b1b91e5a66;7440-52-0;kg Cu eq/kg
Raw;in ground;Europium;Rare earth;#d62728;2.49620668694243;RLA;3d73ec21-de4d-5b68-b504-4ef59e15bd0e;7440-53-1;kg Cu eq/kg
Raw;in ground;Gadolinium;Rare earth;#9467bd;2.49620668694243;RLA;f55e2203-ef91-50bf-8f5a-119bb210522c;7440-54-2;kg Cu eq/kg
Raw;in ground;Holmium;Rare earth;#cccccc;2.49620668694243;RLA;f2f53dc8-8e09-511f-8dd2-4bae3625ba27;7440-60-0;kg Cu eq/kg
Raw;in ground;Lanthanum;Rare earth;#7f7f7f;2.49620668694243;RLA;176598c1-699c-5dd8-8c33-d269ff7f5edd;;kg Cu eq/kg
Raw;in ground;Lutetium;Rare earth;#cccccc;2.49620668694243;RLA;d9a2f8e5-f04a-5ffa-8c75-8133ac7f525c;7439-94-3;kg Cu eq/kg
Raw;in ground;Neodymium;Rare earth;#c7c7c7;2.49620668694243;RLA;db0c855c-e9ef-58d9-97cc-960e646fc882;;kg Cu eq/kg
Raw;in ground;Praseodymium;Rare earth;#17becf;2.49620668694243;RLA;35da65ff-7287-571d-b859-13d398ac5182;7440-10-0;kg Cu eq/kg
Raw;in ground;Samarium;Rare earth;#aec7e8;2.49620668694243;RLA;cf791833-26bc-5207-a9bd-6ddcd8ac7625;7440-19-9;kg Cu eq/kg
Raw;in ground;Scandium;Rare earth;#ffbb78;2.49620668694243;RLA;7f9f9b59-35a0-584d-ad5e-07da01dde768;;kg Cu eq/kg
Raw;in ground;Terbium;Rare earth;#e377c2;2.49620668694243;RLA;6ec6a8a8-4c94-5bc5-93c5-62928fcf3935;7440-27-9;kg Cu eq/kg
Raw;in ground;Thulium;Rare earth;#cccccc;2.49620668694243;RLA;a34e010c-6f68-5c79-8b45-2955b91f7dc2;7440-30-4;kg Cu eq/kg
Raw;in ground;Ytterbium;Rare earth;#cccccc;2.49620668694243;RLA;ea659cca-fe3d-5b03-90d2-60719a862874;7440-64-4;kg Cu eq/kg
Raw;in ground;Yttrium;Rare earth;#c7c7c7;2.49620668694243;RLA;89b567f2-2cab-503e-b796-42cba72fce16;7440-65-5;kg Cu eq/kg
Raw;in ground;Rhodium;Rhodium;#9edae5;152268.6330179144;RLA;4803f22f-6950-489b-914d-fa953a8081f6;7440-16-6;kg Cu eq/kg
Raw;in ground;Selenium;Selenium;#2ca02c;1.569790987096329;RLA;5f47f918-1c32-5870-b992-db91f843ff34;7782-49-2;kg Cu eq/kg
Raw;in ground;Silver;Silver;#1f77b4;0.007026987163955997;RLA;361a64cb-ab76-4a72-9ea1-c07d6a20c124;7440-22-4;kg Cu eq/kg
Raw;in ground;Coal, hard;Steam Coal;#4D4D4D;0.02059245040036852;RLA;b6d0042d-0ef8-49ed-9162-a07ff1ccf750;;kg Cu eq/kg
Raw;in ground;Sulfur;Sulfur;#2ca02c;0.01611844819498482;RLA;852281f6-db73-4250-84d3-86b569fce0c1;7704-34-9;kg Cu eq/kg
Raw;in ground;Tantalum;Tantalum;#98df8a;46.13040223526997;RLA;775fdf03-b0bb-5c25-b14d-107231d5b2f0;7440-25-7;kg Cu eq/kg
Raw;in ground;Tellurium;Tellurium;#c49c94;44.13304742867177;RLA;7b6da1f2-e191-5a77-ae06-af96201f5803;13494-80-9;kg Cu eq/kg
Raw;in ground;Tin;Tin;#d62728;0.005879657280372023;RLA;53d5ef26-66d8-4536-afa2-2f6b114189ba;7440-31-5;kg Cu eq/kg
Raw;in ground;Titanium;Titanium;#ff7f0e;0.1125104610748511;RLA;2f033407-6060-4e1e-868c-9f362d10fdb2;7440-32-6;kg Cu eq/kg
Raw;in ground;Tungsten;Tungsten;#ff9896;2.146502027359961;RLA;ebcc1f0c-6b19-501d-86a4-629df2a457b5;7440-33-7;kg Cu eq/kg
Raw;in ground;Uranium;Uranium;#9467bd;0.0;RLA;2ba5e39b-adb6-4767-a51d-90c1cf32fe98;7440-61-1;kg Cu eq/kg
Raw;in ground;Vanadium;Vanadium;#7f7f7f;3.527965657243203;RLA;c9c4b80a-73dd-415a-92fb-f877595651c1;7440-62-2;kg Cu eq/kg
Raw;in ground;Zinc;Zinc;#8c564b;0.00156432693773003;RLA;be73218b-18af-492e-96e6-addd309d1e32;7440-66-6;kg Cu eq/kg
Raw;in ground;Zirconia, as baddeleyite;Zirconium;#cccccc;0.4930567737611339;RLA;e07b4402-abe3-4346-8c42-051c5983bd1e;12036-23-6;kg Cu eq/kg
Raw;in ground;Zirconium;Zirconium;#c49c94;0.4930567737611339;RLA;cd2932c5-a486-4bf1-99b8-815d8a7ce11a;7440-67-7;kg Cu eq/kg
Raw;in ground;;;;0.005097567355026963;RME;;;kg Cu eq/kg
Raw;in ground;Antimony;Antimony;#e377c2;0.7537205968516619;RME;47262180-8308-5d4c-9332-c77617e032ef;7440-36-0;kg Cu eq/kg
Raw;in ground;Arsenic;Arsenic;#f7b6d2;0.5349103154188739;RME;e16fd15c-0ebc-55ba-8d3b-9704f13663cb;7440-38-2;kg Cu eq/kg
Raw;in ground;;;;1.35815053560554;RME;;;kg Cu eq/kg
Raw;in ground;Barium;Baryte;#7f7f7f;0.02159846966262007;RME;240177d8-6f3b-43f5-8d1e-0c18114dfa02;7440-39-3;kg Cu eq/kg
Raw;in ground;Aluminium;Bauxite;#bcbd22;0.005027965990581178;RME;a45cd247-3532-4e27-bddc-b519fdb5e08f;7429-90-5;kg Cu eq/kg
Raw;in ground;Clay, bentonite;Bentonite;#aec7e8;0.003793992816305713;RME;93806a54-46f5-409c-99c5-4144a1e73b5d;1302-78-9;kg Cu eq/kg
Raw;in ground;Beryllium;Beryllium;#ffbb78;12.75753796069188;RME;68f7bc03-0665-55a1-bd99-96530eab30e2;7440-41-7;kg Cu eq/kg
Raw;in ground;Bismuth;Bismuth;#cccccc;24.77492791989171;RME;0124b342-4bdd-5cbf-ba2a-dce8a259755c;7440-69-9;kg Cu eq/kg
Raw;in ground;Borax;Boron;#c7c7c7;0.1043569564928965;RME;eead2933-c2be-4a53-a0bd-bd33b67e4145;1303-96-4;kg Cu eq/kg
Raw;in ground;Boron;Boron;#bcbd22;0.1043569564928965;RME;b053aa52-bfac-5435-a0b1-4ca374b0e991;7440-42-8;kg Cu eq/kg
Raw;in ground;Cadmium;Cadmium;#dbdb8d;1.115305721240216;RME;bf377e4f-3a95-4ce2-a9ba-66ee31f00f60;7440-43-9;kg Cu eq/kg
Raw;in ground;Chromium;Chromite;#f7b6d2;0.04640195676950392;RME;e189e2d4-3d3f-4ada-b302-91611784311f;7440-47-3;kg Cu eq/kg
Raw;in ground;Cobalt;Cobalt;#ff9896;16.83705624872821;RME;d0779a5e-6969-4144-954e-ceb81fb83f15;7440-48-4;kg Cu eq/kg
Raw;in ground;;;;0.01048330664040191;RME;;;kg Cu eq/kg
Raw;in ground;Copper;Copper;#9467bd;0.003403545111841171;RME;a9ac40a0-9bea-4c48-afa7-66aa6eb90624;7440-50-8;kg Cu eq/kg
Raw;in ground;Diatomite;Diatomite;#2ca02c;0.002616387914389777;RME;9877ce00-65f8-4c0c-9fcf-92aa53a2c9c0;61790-53-2;kg Cu eq/kg
Raw;in ground;Feldspar;Feldspar;#e377c2;0.0006065652018332734;RME;26296ec9-ff93-41e6-bbbf-6175af04284d;68476-25-5;kg Cu eq/kg
Raw;in ground;Fluorspar;Fluorspar;#c7c7c7;0.1435147369835793;RME;0fa4f51e-b0dc-5d11-84d3-b32f0f3c88d5;14542-23-5;kg Cu eq/kg
Raw;in ground;Germanium;Germanium;#dbdb8d;0.0;RME;d3e547dc-1a29-5ece-8dbb-bd9c0ad3cc46;7440-56-4;kg Cu eq/kg
Raw;in ground;Gold;Gold;#dbdb8d;1503.409382471422;RME;d080e6a4-42c6-484e-b5d7-d74693aec7d9;7440-57-5;kg Cu eq/kg
Raw;in ground;Graphite;Graphite;#17becf;0.5039826582486607;RME;5666353e-2db2-41d3-8414-404709151422;7782-42-5;kg Cu eq/kg
Raw;in ground;Anhydrite;Gypsum;#1f77b4;1.620587701038104e-05;RME;6df9ea09-115a-4678-9f30-d92c877a46ec;7778-18-9;kg Cu eq/kg
Raw;in ground;Gypsum;Gypsum;#1f77b4;1.620587701038104e-05;RME;11a2a7b1-ab2f-47b8-9e29-6f33d5207fa6;13397-24-5;kg Cu eq/kg
Raw;in ground;Iron;Iron;#ffbb78;0.01124010307078344;RME;8ce3ff02-7a1e-48e3-881e-3248b944f28a;7439-89-6;kg Cu eq/kg
Raw;in ground;Kaolinite;Kaolin;#2ca02c;0.003317951442179703;RME;81ff5c0b-c44f-534e-a55e-8fc017e33dd2;;kg Cu eq/kg
Raw;in ground;Lead;Lead;#2ca02c;0.02102929694643991;RME;fbcb9c7a-eea7-4694-ba6c-568e01d28883;7439-92-1;kg Cu eq/kg
Raw;in ground;Coal, brown;Lignite;#4D4D4D;0.05100045700192286;RME;024c9722-1e88-412b-8c4b-10c532be8dca;;kg Cu eq/kg
Raw;in ground;Lithium;Lithium;#A9CBA7;9.273791631468182;RME;7d2c1cdd-a64a-5936-a577-5b82db0c0d1b;7439-93-2;kg Cu eq/kg
Raw;in ground;Magnesite;Magnesite;#c5b0d5;0.001014133579477843;RME;a4bab069-74a9-5b4c-8d6e-5ca984cd9ecd;546-93-0;kg Cu eq/kg
Raw;in ground;Magnesium;Magnesite;#9467bd;0.001014133579477843;RME;9e5823ad-9d9b-4b98-b627-e39611b6a8bd;546-93-0;kg Cu eq/kg
Raw;in ground;Manganese;Manganese;#7f7f7f;0.04490244115447097;RME;c2586875-bb56-4b1e-84c5-5ff255a1108b;7439-96-5;kg Cu eq/kg
Raw;in ground;Mercury;Mercury;#8c564b;19.68082378385208;RME;54b9cbd0-65df-4fd3-8a19-dd3b8eccc619;7439-97-6;kg Cu eq/kg
Raw;in ground;Molybdenum;Molybdenum;#c49c94;7.36918042512968e-05;RME;e5a3dff5-72dc-5287-893c-597dd4a19566;7439-98-7;kg Cu eq/kg
Raw;in ground;Gas, natural;Natural gas;#FFE680;0.007492577312598103;RME;7c337428-fb1b-45c7-bbb2-2ee4d29e17ba;8006-14-2;kg Cu eq/kg
Raw;in ground;Nickel;Nickel;#c49c94;2.809955046089346;RME;974213ef-1ba0-40e5-bc7b-52ef099e9e09;7440-02-0;kg Cu eq/kg
Raw;in ground;Niobium;Niobium;#bcbd22;17.24832939909873;RME;8de8befc-efa2-5d07-a58b-b29ea97a3f41;7440-03-1;kg Cu eq/kg
Raw;in ground;Palladium;Palladium;#f7b6d2;8293.352808321615;RME;edc69c63-a776-4dbf-acbf-e0368914980a;7440-05-3;kg Cu eq/kg
Raw;in ground;Oil, crude;Crude oil;#FFB570;0.0003804709137538626;RME;88d06db9-59a1-4719-9174-afeb1fa4026a;;kg Cu eq/kg
Raw;in ground;Phosphorus;Phosphate;#c7c7c7;0.004020848028194575;RME;483ae3c5-4eb0-46e4-b811-a72ad391716b;;kg Cu eq/kg
Raw;in ground;Platinum;Platinum;#bcbd22;77.97627614601282;RME;d13b2665-505d-49e2-8edd-dc966b0342af;7440-06-4;kg Cu eq/kg
Raw;in ground;Cerium;Rare earth;#1f77b4;10.72968455494588;RME;4057f8b4-f20a-59c9-9bb7-fdeaf5ad106d;;kg Cu eq/kg
Raw;in ground;Dysprosium;Rare earth;#98df8a;10.72968455494588;RME;9e28eac3-49f9-5a0d-a8d0-dc4e071ad9e6;7429-91-6;kg Cu eq/kg
Raw;in ground;Erbium;Rare earth;#cccccc;10.72968455494588;RME;110a04f0-af53-5499-b22e-79b1b91e5a66;7440-52-0;kg Cu eq/kg
Raw;in ground;Europium;Rare earth;#d62728;10.72968455494588;RME;3d73ec21-de4d-5b68-b504-4ef59e15bd0e;7440-53-1;kg Cu eq/kg
Raw;in ground;Gadolinium;Rare earth;#9467bd;10.72968455494588;RME;f55e2203-ef91-50bf-8f5a-119bb210522c;7440-54-2;kg Cu eq/kg
Raw;in ground;Holmium;Rare earth;#cccccc;10.72968455494588;RME;f2f53dc8-8e09-511f-8dd2-4bae3625ba27;7440-60-0;kg Cu eq/kg
Raw;in ground;Lanthanum;Rare earth;#7f7f7f;10.72968455494588;RME;176598c1-699c-5dd8-8c33-d269ff7f5edd;;kg Cu eq/kg
Raw;in ground;Lutetium;Rare earth;#cccccc;10.72968455494588;RME;d9a2f8e5-f04a-5ffa-8c75-8133ac7f525c;7439-94-3;kg Cu eq/kg
Raw;in ground;Neodymium;Rare earth;#c7c7c7;10.72968455494588;RME;db0c855c-e9ef-58d9-97cc-960e646fc882;;kg Cu eq/kg
Raw;in ground;Praseodymium;Rare earth;#17becf;10.72968455494588;RME;35da65ff-7287-571d-b859-13d398ac5182;7440-10-0;kg Cu eq/kg
Raw;in ground;Samarium;Rare earth;#aec7e8;10.72968455494588;RME;cf791833-26bc-5207-a9bd-6ddcd8ac7625;7440-19-9;kg Cu eq/kg
Raw;in ground;Scandium;Rare earth;#ffbb78;10.72968455494588;RME;7f9f9b59-35a0-584d-ad5e-07da01dde768;;kg Cu eq/kg
Raw;in ground;Terbium;Rare earth;#e377c2;10.72968455494588;RME;6ec6a8a8-4c94-5bc5-93c5-62928fcf3935;7440-27-9;kg Cu eq/kg
Raw;in ground;Thulium;Rare earth;#cccccc;10.72968455494588;RME;a34e010c-6f68-5c79-8b45-2955b91f7dc2;7440-30-4;kg Cu eq/kg
Raw;in ground;Ytterbium;Rare earth;#cccccc;10.72968455494588;RME;ea659cca-fe3d-5b03-90d2-60719a862874;7440-64-4;kg Cu eq/kg
Raw;in ground;Yttrium;Rare earth;#c7c7c7;10.72968455494588;RME;89b567f2-2cab-503e-b796-42cba72fce16;7440-65-5;kg Cu eq/kg
Raw;in ground;Rhodium;Rhodium;#9edae5;3127.622119810789;RME;4803f22f-6950-489b-914d-fa953a8081f6;7440-16-6;kg Cu eq/kg
Raw;in ground;Selenium;Selenium;#2ca02c;4.232071305923036;RME;5f47f918-1c32-5870-b992-db91f843ff34;7782-49-2;kg Cu eq/kg
Raw;in ground;Silver;Silver;#1f77b4;0.07464008819983897;RME;361a64cb-ab76-4a72-9ea1-c07d6a20c124;7440-22-4;kg Cu eq/kg
Raw;in ground;Coal, hard;Steam Coal;#4D4D4D;0.09816196028105559;RME;b6d0042d-0ef8-49ed-9162-a07ff1ccf750;;kg Cu eq/kg
Raw;in ground;Sulfur;Sulfur;#2ca02c;0.0005698521435036934;RME;852281f6-db73-4250-84d3-86b569fce0c1;7704-34-9;kg Cu eq/kg
Raw;in ground;Tantalum;Tantalum;#98df8a;40.58673611658487;RME;775fdf03-b0bb-5c25-b14d-107231d5b2f0;7440-25-7;kg Cu eq/kg
Raw;in ground;Tellurium;Tellurium;#c49c94;0.6557387008796685;RME;7b6da1f2-e191-5a77-ae06-af96201f5803;13494-80-9;kg Cu eq/kg
Raw;in ground;Tin;Tin;#d62728;2.989416790484047;RME;53d5ef26-66d8-4536-afa2-2f6b114189ba;7440-31-5;kg Cu eq/kg
Raw;in ground;Titanium;Titanium;#ff7f0e;0.1569463676250971;RME;2f033407-6060-4e1e-868c-9f362d10fdb2;7440-32-6;kg Cu eq/kg
Raw;in ground;Tungsten;Tungsten;#ff9896;14.54996305725182;RME;ebcc1f0c-6b19-501d-86a4-629df2a457b5;7440-33-7;kg Cu eq/kg
Raw;in ground;Uranium;Uranium;#9467bd;34.23461810901534;RME;2ba5e39b-adb6-4767-a51d-90c1cf32fe98;7440-61-1;kg Cu eq/kg
Raw;in ground;Vanadium;Vanadium;#7f7f7f;7.288433174520468;RME;c9c4b80a-73dd-415a-92fb-f877595651c1;7440-62-2;kg Cu eq/kg
Raw;in ground;Zinc;Zinc;#8c564b;0.02026389399117411;RME;be73218b-18af-492e-96e6-addd309d1e32;7440-66-6;kg Cu eq/kg
Raw;in ground;Zirconia, as baddeleyite;Zirconium;#cccccc;0.3782516612075886;RME;e07b4402-abe3-4346-8c42-051c5983bd1e;12036-23-6;kg Cu eq/kg
Raw;in ground;Zirconium;Zirconium;#c49c94;0.3782516612075886;RME;cd2932c5-a486-4bf1-99b8-815d8a7ce11a;7440-67-7;kg Cu eq/kg
Raw;in ground;;;;0.1482959335732843;RNA;;;kg Cu eq/kg
Raw;in ground;Antimony;Antimony;#e377c2;1.824267954784431;RNA;47262180-8308-5d4c-9332-c77617e032ef;7440-36-0;kg Cu eq/kg
Raw;in ground;Arsenic;Arsenic;#f7b6d2;1.702812529658354;RNA;e16fd15c-0ebc-55ba-8d3b-9704f13663cb;7440-38-2;kg Cu eq/kg
Raw;in ground;;;;1.010217317113823;RNA;;;kg Cu eq/kg
Raw;in ground;Barium;Baryte;#7f7f7f;0.02134777549753555;RNA;240177d8-6f3b-43f5-8d1e-0c18114dfa02;7440-39-3;kg Cu eq/kg
Raw;in ground;Aluminium;Bauxite;#bcbd22;0.01066966269353311;RNA;a45cd247-3532-4e27-bddc-b519fdb5e08f;7429-90-5;kg Cu eq/kg
Raw;in ground;Clay, bentonite;Bentonite;#aec7e8;0.0009019239877705449;RNA;93806a54-46f5-409c-99c5-4144a1e73b5d;1302-78-9;kg Cu eq/kg
Raw;in ground;Beryllium;Beryllium;#ffbb78;4.500794614181905e-05;RNA;68f7bc03-0665-55a1-bd99-96530eab30e2;7440-41-7;kg Cu eq/kg
Raw;in ground;Bismuth;Bismuth;#cccccc;6.845090089514073;RNA;0124b342-4bdd-5cbf-ba2a-dce8a259755c;7440-69-9;kg Cu eq/kg
Raw;in ground;Borax;Boron;#c7c7c7;0.007795613786318966;RNA;eead2933-c2be-4a53-a0bd-bd33b67e4145;1303-96-4;kg Cu eq/kg
Raw;in ground;Boron;Boron;#bcbd22;0.007795613786318966;RNA;b053aa52-bfac-5435-a0b1-4ca374b0e991;7440-42-8;kg Cu eq/kg
Raw;in ground;Cadmium;Cadmium;#dbdb8d;0.1920619206587862;RNA;bf377e4f-3a95-4ce2-a9ba-66ee31f00f60;7440-43-9;kg Cu eq/kg
Raw;in ground;Chromium;Chromite;#f7b6d2;0.202465574295107;RNA;e189e2d4-3d3f-4ada-b302-91611784311f;7440-47-3;kg Cu eq/kg
Raw;in ground;Cobalt;Cobalt;#ff9896;11.8905696820097;RNA;d0779a5e-6969-4144-954e-ceb81fb83f15;7440-48-4;kg Cu eq/kg
Raw;in ground;;;;0.004499967622735887;RNA;;;kg Cu eq/kg
Raw;in ground;Copper;Copper;#9467bd;0.04935351358036371;RNA;a9ac40a0-9bea-4c48-afa7-66aa6eb90624;7440-50-8;kg Cu eq/kg
Raw;in ground;Diatomite;Diatomite;#2ca02c;0.0008865354826885696;RNA;9877ce00-65f8-4c0c-9fcf-92aa53a2c9c0;61790-53-2;kg Cu eq/kg
Raw;in ground;Feldspar;Feldspar;#e377c2;0.009458965365179128;RNA;26296ec9-ff93-41e6-bbbf-6175af04284d;68476-25-5;kg Cu eq/kg
Raw;in ground;Fluorspar;Fluorspar;#c7c7c7;0.2640384377824216;RNA;0fa4f51e-b0dc-5d11-84d3-b32f0f3c88d5;14542-23-5;kg Cu eq/kg
Raw;in ground;Germanium;Germanium;#dbdb8d;0.0;RNA;d3e547dc-1a29-5ece-8dbb-bd9c0ad3cc46;7440-56-4;kg Cu eq/kg
Raw;in ground;Gold;Gold;#dbdb8d;72.47661929545612;RNA;d080e6a4-42c6-484e-b5d7-d74693aec7d9;7440-57-5;kg Cu eq/kg
Raw;in ground;Graphite;Graphite;#17becf;0.5524706681260613;RNA;5666353e-2db2-41d3-8414-404709151422;7782-42-5;kg Cu eq/kg
Raw;in ground;Anhydrite;Gypsum;#1f77b4;0.0004038747370162574;RNA;6df9ea09-115a-4678-9f30-d92c877a46ec;7778-18-9;kg Cu eq/kg
Raw;in ground;Gypsum;Gypsum;#1f77b4;0.0004038747370162574;RNA;11a2a7b1-ab2f-47b8-9e29-6f33d5207fa6;13397-24-5;kg Cu eq/kg
Raw;in ground;Iron;Iron;#ffbb78;0.001607313489297649;RNA;8ce3ff02-7a1e-48e3-881e-3248b944f28a;7439-89-6;kg Cu eq/kg
Raw;in ground;Kaolinite;Kaolin;#2ca02c;0.002595341845827755;RNA;81ff5c0b-c44f-534e-a55e-8fc017e33dd2;;kg Cu eq/kg
Raw;in ground;Lead;Lead;#2ca02c;0.001970765653242261;RNA;fbcb9c7a-eea7-4694-ba6c-568e01d28883;7439-92-1;kg Cu eq/kg
Raw;in ground;Coal, brown;Lignite;#4D4D4D;3.224403083937595e-07;RNA;024c9722-1e88-412b-8c4b-10c532be8dca;;kg Cu eq/kg
Raw;in ground;Lithium;Lithium;#A9CBA7;4.249259287127508;RNA;7d2c1cdd-a64a-5936-a577-5b82db0c0d1b;7439-93-2;kg Cu eq/kg
Raw;in ground;Magnesite;Magnesite;#c5b0d5;0.009712767518584459;RNA;a4bab069-74a9-5b4c-8d6e-5ca984cd9ecd;546-93-0;kg Cu eq/kg
Raw;in ground;Magnesium;Magnesite;#9467bd;0.009712767518584459;RNA;9e5823ad-9d9b-4b98-b627-e39611b6a8bd;546-93-0;kg Cu eq/kg
Raw;in ground;Manganese;Manganese;#7f7f7f;0.108532581795512;RNA;c2586875-bb56-4b1e-84c5-5ff255a1108b;7439-96-5;kg Cu eq/kg
Raw;in ground;Mercury;Mercury;#8c564b;0.01130368481421721;RNA;54b9cbd0-65df-4fd3-8a19-dd3b8eccc619;7439-97-6;kg Cu eq/kg
Raw;in ground;Molybdenum;Molybdenum;#c49c94;2.468249923983028;RNA;e5a3dff5-72dc-5287-893c-597dd4a19566;7439-98-7;kg Cu eq/kg
Raw;in ground;Gas, natural;Natural gas;#FFE680;0.02050012386259992;RNA;7c337428-fb1b-45c7-bbb2-2ee4d29e17ba;8006-14-2;kg Cu eq/kg
Raw;in ground;Nickel;Nickel;#c49c94;0.3960023504082004;RNA;974213ef-1ba0-40e5-bc7b-52ef099e9e09;7440-02-0;kg Cu eq/kg
Raw;in ground;Niobium;Niobium;#bcbd22;12.11017720517984;RNA;8de8befc-efa2-5d07-a58b-b29ea97a3f41;7440-03-1;kg Cu eq/kg
Raw;in ground;Palladium;Palladium;#f7b6d2;19687.55063304155;RNA;edc69c63-a776-4dbf-acbf-e0368914980a;7440-05-3;kg Cu eq/kg
Raw;in ground;Oil, crude;Crude oil;#FFB570;0.007851130822993914;RNA;88d06db9-59a1-4719-9174-afeb1fa4026a;;kg Cu eq/kg
Raw;in ground;Phosphorus;Phosphate;#c7c7c7;7.106314428417705e-05;RNA;483ae3c5-4eb0-46e4-b811-a72ad391716b;;kg Cu eq/kg
Raw;in ground;Platinum;Platinum;#bcbd22;48.86016444392413;RNA;d13b2665-505d-49e2-8edd-dc966b0342af;7440-06-4;kg Cu eq/kg
Raw;in ground;Cerium;Rare earth;#1f77b4;2.446615722828737;RNA;4057f8b4-f20a-59c9-9bb7-fdeaf5ad106d;;kg Cu eq/kg
Raw;in ground;Dysprosium;Rare earth;#98df8a;2.446615722828737;RNA;9e28eac3-49f9-5a0d-a8d0-dc4e071ad9e6;7429-91-6;kg Cu eq/kg
Raw;in ground;Erbium;Rare earth;#cccccc;2.446615722828737;RNA;110a04f0-af53-5499-b22e-79b1b91e5a66;7440-52-0;kg Cu eq/kg
Raw;in ground;Europium;Rare earth;#d62728;2.446615722828737;RNA;3d73ec21-de4d-5b68-b504-4ef59e15bd0e;7440-53-1;kg Cu eq/kg
Raw;in ground;Gadolinium;Rare earth;#9467bd;2.446615722828737;RNA;f55e2203-ef91-50bf-8f5a-119bb210522c;7440-54-2;kg Cu eq/kg
Raw;in ground;Holmium;Rare earth;#cccccc;2.446615722828737;RNA;f2f53dc8-8e09-511f-8dd2-4bae3625ba27;7440-60-0;kg Cu eq/kg
Raw;in ground;Lanthanum;Rare earth;#7f7f7f;2.446615722828737;RNA;176598c1-699c-5dd8-8c33-d269ff7f5edd;;kg Cu eq/kg
Raw;in ground;Lutetium;Rare earth;#cccccc;2.446615722828737;RNA;d9a2f8e5-f04a-5ffa-8c75-8133ac7f525c;7439-94-3;kg Cu eq/kg
Raw;in ground;Neodymium;Rare earth;#c7c7c7;2.446615722828737;RNA;db0c855c-e9ef-58d9-97cc-960e646fc882;;kg Cu eq/kg
Raw;in ground;Praseodymium;Rare earth;#17becf;2.446615722828737;RNA;35da65ff-7287-571d-b859-13d398ac5182;7440-10-0;kg Cu eq/kg
Raw;in ground;Samarium;Rare earth;#aec7e8;2.446615722828737;RNA;cf791833-26bc-5207-a9bd-6ddcd8ac7625;7440-19-9;kg Cu eq/kg
Raw;in ground;Scandium;Rare earth;#ffbb78;2.446615722828737;RNA;7f9f9b59-35a0-584d-ad5e-07da01dde768;;kg Cu eq/kg
Raw;in ground;Terbium;Rare earth;#e377c2;2.446615722828737;RNA;6ec6a8a8-4c94-5bc5-93c5-62928fcf3935;7440-27-9;kg Cu eq/kg
Raw;in ground;Thulium;Rare earth;#cccccc;2.446615722828737;RNA;a34e010c-6f68-5c79-8b45-2955b91f7dc2;7440-30-4;kg Cu eq/kg
Raw;in ground;Ytterbium;Rare earth;#cccccc;2.446615722828737;RNA;ea659cca-fe3d-5b03-90d2-60719a862874;7440-64-4;kg Cu eq/kg
Raw;in ground;Yttrium;Rare earth;#c7c7c7;2.446615722828737;RNA;89b567f2-2cab-503e-b796-42cba72fce16;7440-65-5;kg Cu eq/kg
Raw;in ground;Rhodium;Rhodium;#9edae5;387588.5382156722;RNA;4803f22f-6950-489b-914d-fa953a8081f6;7440-16-6;kg Cu eq/kg
Raw;in ground;Selenium;Selenium;#2ca02c;5.319238606586076;RNA;5f47f918-1c32-5870-b992-db91f843ff34;7782-49-2;kg Cu eq/kg
Raw;in ground;Silver;Silver;#1f77b4;5.490891195714985;RNA;361a64cb-ab76-4a72-9ea1-c07d6a20c124;7440-22-4;kg Cu eq/kg
Raw;in ground;Coal, hard;Steam Coal;#4D4D4D;0.001055360253304045;RNA;b6d0042d-0ef8-49ed-9162-a07ff1ccf750;;kg Cu eq/kg
Raw;in ground;Sulfur;Sulfur;#2ca02c;0.0005033319455501515;RNA;852281f6-db73-4250-84d3-86b569fce0c1;7704-34-9;kg Cu eq/kg
Raw;in ground;Tantalum;Tantalum;#98df8a;51.10552930697986;RNA;775fdf03-b0bb-5c25-b14d-107231d5b2f0;7440-25-7;kg Cu eq/kg
Raw;in ground;Tellurium;Tellurium;#c49c94;36.90124845969314;RNA;7b6da1f2-e191-5a77-ae06-af96201f5803;13494-80-9;kg Cu eq/kg
Raw;in ground;Tin;Tin;#d62728;3.641620635940897;RNA;53d5ef26-66d8-4536-afa2-2f6b114189ba;7440-31-5;kg Cu eq/kg
Raw;in ground;Titanium;Titanium;#ff7f0e;0.08237254496793305;RNA;2f033407-6060-4e1e-868c-9f362d10fdb2;7440-32-6;kg Cu eq/kg
Raw;in ground;Tungsten;Tungsten;#ff9896;18.68005184107787;RNA;ebcc1f0c-6b19-501d-86a4-629df2a457b5;7440-33-7;kg Cu eq/kg
Raw;in ground;Uranium;Uranium;#9467bd;5.251664369114256;RNA;2ba5e39b-adb6-4767-a51d-90c1cf32fe98;7440-61-1;kg Cu eq/kg
Raw;in ground;Vanadium;Vanadium;#7f7f7f;16.47836975593252;RNA;c9c4b80a-73dd-415a-92fb-f877595651c1;7440-62-2;kg Cu eq/kg
Raw;in ground;Zinc;Zinc;#8c564b;0.08265605312675449;RNA;be73218b-18af-492e-96e6-addd309d1e32;7440-66-6;kg Cu eq/kg
Raw;in ground;Zirconia, as baddeleyite;Zirconium;#cccccc;0.3821697866106002;RNA;e07b4402-abe3-4346-8c42-051c5983bd1e;12036-23-6;kg Cu eq/kg
Raw;in ground;Zirconium;Zirconium;#c49c94;0.3821697866106002;RNA;cd2932c5-a486-4bf1-99b8-815d8a7ce11a;7440-67-7;kg Cu eq/kg
Raw;in ground;;;;0.02983629248139211;SAS;;;kg Cu eq/kg
Raw;in ground;Antimony;Antimony;#e377c2;0.8757395463196758;SAS;47262180-8308-5d4c-9332-c77617e032ef;7440-36-0;kg Cu eq/kg
Raw;in ground;Arsenic;Arsenic;#f7b6d2;0.6355184937088143;SAS;e16fd15c-0ebc-55ba-8d3b-9704f13663cb;7440-38-2;kg Cu eq/kg
Raw;in ground;;;;0.2690369784959197;SAS;;;kg Cu eq/kg
Raw;in ground;Barium;Baryte;#7f7f7f;0.0006733930315994006;SAS;240177d8-6f3b-43f5-8d1e-0c18114dfa02;7440-39-3;kg Cu eq/kg
Raw;in ground;Aluminium;Bauxite;#bcbd22;0.003089563771033819;SAS;a45cd247-3532-4e27-bddc-b519fdb5e08f;7429-90-5;kg Cu eq/kg
Raw;in ground;Clay, bentonite;Bentonite;#aec7e8;0.0009614998817299252;SAS;93806a54-46f5-409c-99c5-4144a1e73b5d;1302-78-9;kg Cu eq/kg
Raw;in ground;Beryllium;Beryllium;#ffbb78;8.092268076548047;SAS;68f7bc03-0665-55a1-bd99-96530eab30e2;7440-41-7;kg Cu eq/kg
Raw;in ground;Bismuth;Bismuth;#cccccc;6.33565432208242;SAS;0124b342-4bdd-5cbf-ba2a-dce8a259755c;7440-69-9;kg Cu eq/kg
Raw;in ground;Borax;Boron;#c7c7c7;0.2254345153522175;SAS;eead2933-c2be-4a53-a0bd-bd33b67e4145;1303-96-4;kg Cu eq/kg
Raw;in ground;Boron;Boron;#bcbd22;0.2254345153522175;SAS;b053aa52-bfac-5435-a0b1-4ca374b0e991;7440-42-8;kg Cu eq/kg
Raw;in ground;Cadmium;Cadmium;#dbdb8d;0.598935542625583;SAS;bf377e4f-3a95-4ce2-a9ba-66ee31f00f60;7440-43-9;kg Cu eq/kg
Raw;in ground;Chromium;Chromite;#f7b6d2;0.01022294125333635;SAS;e189e2d4-3d3f-4ada-b302-91611784311f;7440-47-3;kg Cu eq/kg
Raw;in ground;Cobalt;Cobalt;#ff9896;24.07941741746764;SAS;d0779a5e-6969-4144-954e-ceb81fb83f15;7440-48-4;kg Cu eq/kg
Raw;in ground;;;;0.02190816729756243;SAS;;;kg Cu eq/kg
Raw;in ground;Copper;Copper;#9467bd;0.3471784323302965;SAS;a9ac40a0-9bea-4c48-afa7-66aa6eb90624;7440-50-8;kg Cu eq/kg
Raw;in ground;Diatomite;Diatomite;#2ca02c;0.142438064523692;SAS;9877ce00-65f8-4c0c-9fcf-92aa53a2c9c0;61790-53-2;kg Cu eq/kg
Raw;in ground;Feldspar;Feldspar;#e377c2;0.002360735215512991;SAS;26296ec9-ff93-41e6-bbbf-6175af04284d;68476-25-5;kg Cu eq/kg
Raw;in ground;Fluorspar;Fluorspar;#c7c7c7;0.2092568223241084;SAS;0fa4f51e-b0dc-5d11-84d3-b32f0f3c88d5;14542-23-5;kg Cu eq/kg
Raw;in ground;Germanium;Germanium;#dbdb8d;0.0;SAS;d3e547dc-1a29-5ece-8dbb-bd9c0ad3cc46;7440-56-4;kg Cu eq/kg
Raw;in ground;Gold;Gold;#dbdb8d;1112.802629520296;SAS;d080e6a4-42c6-484e-b5d7-d74693aec7d9;7440-57-5;kg Cu eq/kg
Raw;in ground;Graphite;Graphite;#17becf;0.2355005985166412;SAS;5666353e-2db2-41d3-8414-404709151422;7782-42-5;kg Cu eq/kg
Raw;in ground;Anhydrite;Gypsum;#1f77b4;0.000298571570844432;SAS;6df9ea09-115a-4678-9f30-d92c877a46ec;7778-18-9;kg Cu eq/kg
Raw;in ground;Gypsum;Gypsum;#1f77b4;0.000298571570844432;SAS;11a2a7b1-ab2f-47b8-9e29-6f33d5207fa6;13397-24-5;kg Cu eq/kg
Raw;in ground;Iron;Iron;#ffbb78;0.0002456757149019137;SAS;8ce3ff02-7a1e-48e3-881e-3248b944f28a;7439-89-6;kg Cu eq/kg
Raw;in ground;Kaolinite;Kaolin;#2ca02c;0.001767934474074637;SAS;81ff5c0b-c44f-534e-a55e-8fc017e33dd2;;kg Cu eq/kg
Raw;in ground;Lead;Lead;#2ca02c;0.00987023056783713;SAS;fbcb9c7a-eea7-4694-ba6c-568e01d28883;7439-92-1;kg Cu eq/kg
Raw;in ground;Coal, brown;Lignite;#4D4D4D;0.0004824381397062399;SAS;024c9722-1e88-412b-8c4b-10c532be8dca;;kg Cu eq/kg
Raw;in ground;Lithium;Lithium;#A9CBA7;12.17449955512017;SAS;7d2c1cdd-a64a-5936-a577-5b82db0c0d1b;7439-93-2;kg Cu eq/kg
Raw;in ground;Magnesite;Magnesite;#c5b0d5;0.004154183901755831;SAS;a4bab069-74a9-5b4c-8d6e-5ca984cd9ecd;546-93-0;kg Cu eq/kg
Raw;in ground;Magnesium;Magnesite;#9467bd;0.004154183901755831;SAS;9e5823ad-9d9b-4b98-b627-e39611b6a8bd;546-93-0;kg Cu eq/kg
Raw;in ground;Manganese;Manganese;#7f7f7f;0.04272042381526205;SAS;c2586875-bb56-4b1e-84c5-5ff255a1108b;7439-96-5;kg Cu eq/kg
Raw;in ground;Mercury;Mercury;#8c564b;8.882589792260635;SAS;54b9cbd0-65df-4fd3-8a19-dd3b8eccc619;7439-97-6;kg Cu eq/kg
Raw;in ground;Molybdenum;Molybdenum;#c49c94;0.1232024315667369;SAS;e5a3dff5-72dc-5287-893c-597dd4a19566;7439-98-7;kg Cu eq/kg
Raw;in ground;Gas, natural;Natural gas;#FFE680;0.08718403188977551;SAS;7c337428-fb1b-45c7-bbb2-2ee4d29e17ba;8006-14-2;kg Cu eq/kg
Raw;in ground;Nickel;Nickel;#c49c94;6.051284905736062;SAS;974213ef-1ba0-40e5-bc7b-52ef099e9e09;7440-02-0;kg Cu eq/kg
Raw;in ground;Niobium;Niobium;#bcbd22;19.28153096381846;SAS;8de8befc-efa2-5d07-a58b-b29ea97a3f41;7440-03-1;kg Cu eq/kg
Raw;in ground;Palladium;Palladium;#f7b6d2;18531.32034554929;SAS;edc69c63-a776-4dbf-acbf-e0368914980a;7440-05-3;kg Cu eq/kg
Raw;in ground;Oil, crude;Crude oil;#FFB570;0.0517814272440011;SAS;88d06db9-59a1-4719-9174-afeb1fa4026a;;kg Cu eq/kg
Raw;in ground;Phosphorus;Phosphate;#c7c7c7;0.06689729311416127;SAS;483ae3c5-4eb0-46e4-b811-a72ad391716b;;kg Cu eq/kg
Raw;in ground;Platinum;Platinum;#bcbd22;915.7290027785846;SAS;d13b2665-505d-49e2-8edd-dc966b0342af;7440-06-4;kg Cu eq/kg
Raw;in ground;Cerium;Rare earth;#1f77b4;3.004420443863794;SAS;4057f8b4-f20a-59c9-9bb7-fdeaf5ad106d;;kg Cu eq/kg
Raw;in ground;Dysprosium;Rare earth;#98df8a;3.004420443863794;SAS;9e28eac3-49f9-5a0d-a8d0-dc4e071ad9e6;7429-91-6;kg Cu eq/kg
Raw;in ground;Erbium;Rare earth;#cccccc;3.004420443863794;SAS;110a04f0-af53-5499-b22e-79b1b91e5a66;7440-52-0;kg Cu eq/kg
Raw;in ground;Europium;Rare earth;#d62728;3.004420443863794;SAS;3d73ec21-de4d-5b68-b504-4ef59e15bd0e;7440-53-1;kg Cu eq/kg
Raw;in ground;Gadolinium;Rare earth;#9467bd;3.004420443863794;SAS;f55e2203-ef91-50bf-8f5a-119bb210522c;7440-54-2;kg Cu eq/kg
Raw;in ground;Holmium;Rare earth;#cccccc;3.004420443863794;SAS;f2f53dc8-8e09-511f-8dd2-4bae3625ba27;7440-60-0;kg Cu eq/kg
Raw;in ground;Lanthanum;Rare earth;#7f7f7f;3.004420443863794;SAS;176598c1-699c-5dd8-8c33-d269ff7f5edd;;kg Cu eq/kg
Raw;in ground;Lutetium;Rare earth;#cccccc;3.004420443863794;SAS;d9a2f8e5-f04a-5ffa-8c75-8133ac7f525c;7439-94-3;kg Cu eq/kg
Raw;in ground;Neodymium;Rare earth;#c7c7c7;3.004420443863794;SAS;db0c855c-e9ef-58d9-97cc-960e646fc882;;kg Cu eq/kg
Raw;in ground;Praseodymium;Rare earth;#17becf;3.004420443863794;SAS;35da65ff-7287-571d-b859-13d398ac5182;7440-10-0;kg Cu eq/kg
Raw;in ground;Samarium;Rare earth;#aec7e8;3.004420443863794;SAS;cf791833-26bc-5207-a9bd-6ddcd8ac7625;7440-19-9;kg Cu eq/kg
Raw;in ground;Scandium;Rare earth;#ffbb78;3.004420443863794;SAS;7f9f9b59-35a0-584d-ad5e-07da01dde768;;kg Cu eq/kg
Raw;in ground;Terbium;Rare earth;#e377c2;3.004420443863794;SAS;6ec6a8a8-4c94-5bc5-93c5-62928fcf3935;7440-27-9;kg Cu eq/kg
Raw;in ground;Thulium;Rare earth;#cccccc;3.004420443863794;SAS;a34e010c-6f68-5c79-8b45-2955b91f7dc2;7440-30-4;kg Cu eq/kg
Raw;in ground;Ytterbium;Rare earth;#cccccc;3.004420443863794;SAS;ea659cca-fe3d-5b03-90d2-60719a862874;7440-64-4;kg Cu eq/kg
Raw;in ground;Yttrium;Rare earth;#c7c7c7;3.004420443863794;SAS;89b567f2-2cab-503e-b796-42cba72fce16;7440-65-5;kg Cu eq/kg
Raw;in ground;Rhodium;Rhodium;#9edae5;111478.6979406097;SAS;4803f22f-6950-489b-914d-fa953a8081f6;7440-16-6;kg Cu eq/kg
Raw;in ground;Selenium;Selenium;#2ca02c;3.079156596870647;SAS;5f47f918-1c32-5870-b992-db91f843ff34;7782-49-2;kg Cu eq/kg
Raw;in ground;Silver;Silver;#1f77b4;0.08894965813722358;SAS;361a64cb-ab76-4a72-9ea1-c07d6a20c124;7440-22-4;kg Cu eq/kg
Raw;in ground;Coal, hard;Steam Coal;#4D4D4D;0.0195801992390116;SAS;b6d0042d-0ef8-49ed-9162-a07ff1ccf750;;kg Cu eq/kg
Raw;in ground;Sulfur;Sulfur;#2ca02c;0.004884953685031763;SAS;852281f6-db73-4250-84d3-86b569fce0c1;7704-34-9;kg Cu eq/kg
Raw;in ground;Tantalum;Tantalum;#98df8a;43.88848383896227;SAS;775fdf03-b0bb-5c25-b14d-107231d5b2f0;7440-25-7;kg Cu eq/kg
Raw;in ground;Tellurium;Tellurium;#c49c94;27.63090112118016;SAS;7b6da1f2-e191-5a77-ae06-af96201f5803;13494-80-9;kg Cu eq/kg
Raw;in ground;Tin;Tin;#d62728;0.1687892140692258;SAS;53d5ef26-66d8-4536-afa2-2f6b114189ba;7440-31-5;kg Cu eq/kg
Raw;in ground;Titanium;Titanium;#ff7f0e;0.05803510586245561;SAS;2f033407-6060-4e1e-868c-9f362d10fdb2;7440-32-6;kg Cu eq/kg
Raw;in ground;Tungsten;Tungsten;#ff9896;7.397335913388731;SAS;ebcc1f0c-6b19-501d-86a4-629df2a457b5;7440-33-7;kg Cu eq/kg
Raw;in ground;Uranium;Uranium;#9467bd;0.0;SAS;2ba5e39b-adb6-4767-a51d-90c1cf32fe98;7440-61-1;kg Cu eq/kg
Raw;in ground;Vanadium;Vanadium;#7f7f7f;9.60459613207149;SAS;c9c4b80a-73dd-415a-92fb-f877595651c1;7440-62-2;kg Cu eq/kg
Raw;in ground;Zinc;Zinc;#8c564b;0.00908038806536741;SAS;be73218b-18af-492e-96e6-addd309d1e32;7440-66-6;kg Cu eq/kg
Raw;in ground;Zirconia, as baddeleyite;Zirconium;#cccccc;0.4326172948994926;SAS;e07b4402-abe3-4346-8c42-051c5983bd1e;12036-23-6;kg Cu eq/kg
Raw;in ground;Zirconium;Zirconium;#c49c94;0.4326172948994926;SAS;cd2932c5-a486-4bf1-99b8-815d8a7ce11a;7440-67-7;kg Cu eq/kg
Raw;in ground;;;;0.8888192169126878;UCTE;;;kg Cu eq/kg
Raw;in ground;Antimony;Antimony;#e377c2;2.939483550779349;UCTE;47262180-8308-5d4c-9332-c77617e032ef;7440-36-0;kg Cu eq/kg
Raw;in ground;Arsenic;Arsenic;#f7b6d2;3.462229932831211;UCTE;e16fd15c-0ebc-55ba-8d3b-9704f13663cb;7440-38-2;kg Cu eq/kg
Raw;in ground;;;;0.02585702429685246;UCTE;;;kg Cu eq/kg
Raw;in ground;Barium;Baryte;#7f7f7f;0.03553660776389226;UCTE;240177d8-6f3b-43f5-8d1e-0c18114dfa02;7440-39-3;kg Cu eq/kg
Raw;in ground;Aluminium;Bauxite;#bcbd22;0.01676435576660078;UCTE;a45cd247-3532-4e27-bddc-b519fdb5e08f;7429-90-5;kg Cu eq/kg
Raw;in ground;Clay, bentonite;Bentonite;#aec7e8;0.01036553751264843;UCTE;93806a54-46f5-409c-99c5-4144a1e73b5d;1302-78-9;kg Cu eq/kg
Raw;in ground;Beryllium;Beryllium;#ffbb78;0.06606975284583746;UCTE;68f7bc03-0665-55a1-bd99-96530eab30e2;7440-41-7;kg Cu eq/kg
Raw;in ground;Bismuth;Bismuth;#cccccc;5.320983754499241;UCTE;0124b342-4bdd-5cbf-ba2a-dce8a259755c;7440-69-9;kg Cu eq/kg
Raw;in ground;Borax;Boron;#c7c7c7;0.1588319350951138;UCTE;eead2933-c2be-4a53-a0bd-bd33b67e4145;1303-96-4;kg Cu eq/kg
Raw;in ground;Boron;Boron;#bcbd22;0.1588319350951138;UCTE;b053aa52-bfac-5435-a0b1-4ca374b0e991;7440-42-8;kg Cu eq/kg
Raw;in ground;Cadmium;Cadmium;#dbdb8d;0.2922323938175865;UCTE;bf377e4f-3a95-4ce2-a9ba-66ee31f00f60;7440-43-9;kg Cu eq/kg
Raw;in ground;Chromium;Chromite;#f7b6d2;0.1380923629288051;UCTE;e189e2d4-3d3f-4ada-b302-91611784311f;7440-47-3;kg Cu eq/kg
Raw;in ground;Cobalt;Cobalt;#ff9896;21.83022840318676;UCTE;d0779a5e-6969-4144-954e-ceb81fb83f15;7440-48-4;kg Cu eq/kg
Raw;in ground;;;;0.08679284239441537;UCTE;;;kg Cu eq/kg
Raw;in ground;Copper;Copper;#9467bd;0.1846680425867454;UCTE;a9ac40a0-9bea-4c48-afa7-66aa6eb90624;7440-50-8;kg Cu eq/kg
Raw;in ground;Diatomite;Diatomite;#2ca02c;0.009420756950265957;UCTE;9877ce00-65f8-4c0c-9fcf-92aa53a2c9c0;61790-53-2;kg Cu eq/kg
Raw;in ground;Feldspar;Feldspar;#e377c2;0.01179219020369511;UCTE;26296ec9-ff93-41e6-bbbf-6175af04284d;68476-25-5;kg Cu eq/kg
Raw;in ground;Fluorspar;Fluorspar;#c7c7c7;0.1686904879718532;UCTE;0fa4f51e-b0dc-5d11-84d3-b32f0f3c88d5;14542-23-5;kg Cu eq/kg
Raw;in ground;Germanium;Germanium;#dbdb8d;0.0;UCTE;d3e547dc-1a29-5ece-8dbb-bd9c0ad3cc46;7440-56-4;kg Cu eq/kg
Raw;in ground;Gold;Gold;#dbdb8d;121.3337566957545;UCTE;d080e6a4-42c6-484e-b5d7-d74693aec7d9;7440-57-5;kg Cu eq/kg
Raw;in ground;Graphite;Graphite;#17becf;0.8195883861868017;UCTE;5666353e-2db2-41d3-8414-404709151422;7782-42-5;kg Cu eq/kg
Raw;in ground;Anhydrite;Gypsum;#1f77b4;0.0001487382166813279;UCTE;6df9ea09-115a-4678-9f30-d92c877a46ec;7778-18-9;kg Cu eq/kg
Raw;in ground;Gypsum;Gypsum;#1f77b4;0.0001487382166813279;UCTE;11a2a7b1-ab2f-47b8-9e29-6f33d5207fa6;13397-24-5;kg Cu eq/kg
Raw;in ground;Iron;Iron;#ffbb78;0.03540974671466364;UCTE;8ce3ff02-7a1e-48e3-881e-3248b944f28a;7439-89-6;kg Cu eq/kg
Raw;in ground;Kaolinite;Kaolin;#2ca02c;0.006588329688636975;UCTE;81ff5c0b-c44f-534e-a55e-8fc017e33dd2;;kg Cu eq/kg
Raw;in ground;Lead;Lead;#2ca02c;0.1092079537004807;UCTE;fbcb9c7a-eea7-4694-ba6c-568e01d28883;7439-92-1;kg Cu eq/kg
Raw;in ground;Coal, brown;Lignite;#4D4D4D;7.847032340962112e-05;UCTE;024c9722-1e88-412b-8c4b-10c532be8dca;;kg Cu eq/kg
Raw;in ground;Lithium;Lithium;#A9CBA7;8.095935927773839;UCTE;7d2c1cdd-a64a-5936-a577-5b82db0c0d1b;7439-93-2;kg Cu eq/kg
Raw;in ground;Magnesite;Magnesite;#c5b0d5;0.002374332491488331;UCTE;a4bab069-74a9-5b4c-8d6e-5ca984cd9ecd;546-93-0;kg Cu eq/kg
Raw;in ground;Magnesium;Magnesite;#9467bd;0.002374332491488331;UCTE;9e5823ad-9d9b-4b98-b627-e39611b6a8bd;546-93-0;kg Cu eq/kg
Raw;in ground;Manganese;Manganese;#7f7f7f;0.0586881365477598;UCTE;c2586875-bb56-4b1e-84c5-5ff255a1108b;7439-96-5;kg Cu eq/kg
Raw;in ground;Mercury;Mercury;#8c564b;0.9256204020033886;UCTE;54b9cbd0-65df-4fd3-8a19-dd3b8eccc619;7439-97-6;kg Cu eq/kg
Raw;in ground;Molybdenum;Molybdenum;#c49c94;5.24031791572488;UCTE;e5a3dff5-72dc-5287-893c-597dd4a19566;7439-98-7;kg Cu eq/kg
Raw;in ground;Gas, natural;Natural gas;#FFE680;0.1491428398396952;UCTE;7c337428-fb1b-45c7-bbb2-2ee4d29e17ba;8006-14-2;kg Cu eq/kg
Raw;in ground;Nickel;Nickel;#c49c94;0.06552026862303362;UCTE;974213ef-1ba0-40e5-bc7b-52ef099e9e09;7440-02-0;kg Cu eq/kg
Raw;in ground;Niobium;Niobium;#bcbd22;24.69995879948346;UCTE;8de8befc-efa2-5d07-a58b-b29ea97a3f41;7440-03-1;kg Cu eq/kg
Raw;in ground;Palladium;Palladium;#f7b6d2;14525.12738085199;UCTE;edc69c63-a776-4dbf-acbf-e0368914980a;7440-05-3;kg Cu eq/kg
Raw;in ground;Oil, crude;Crude oil;#FFB570;0.0894689064035199;UCTE;88d06db9-59a1-4719-9174-afeb1fa4026a;;kg Cu eq/kg
Raw;in ground;Phosphorus;Phosphate;#c7c7c7;0.06569416869173174;UCTE;483ae3c5-4eb0-46e4-b811-a72ad391716b;;kg Cu eq/kg
Raw;in ground;Platinum;Platinum;#bcbd22;39.9051720042298;UCTE;d13b2665-505d-49e2-8edd-dc966b0342af;7440-06-4;kg Cu eq/kg
Raw;in ground;Cerium;Rare earth;#1f77b4;4.166479292511749;UCTE;4057f8b4-f20a-59c9-9bb7-fdeaf5ad106d;;kg Cu eq/kg
Raw;in ground;Dysprosium;Rare earth;#98df8a;4.166479292511749;UCTE;9e28eac3-49f9-5a0d-a8d0-dc4e071ad9e6;7429-91-6;kg Cu eq/kg
Raw;in ground;Erbium;Rare earth;#cccccc;4.166479292511749;UCTE;110a04f0-af53-5499-b22e-79b1b91e5a66;7440-52-0;kg Cu eq/kg
Raw;in ground;Europium;Rare earth;#d62728;4.166479292511749;UCTE;3d73ec21-de4d-5b68-b504-4ef59e15bd0e;7440-53-1;kg Cu eq/kg
Raw;in ground;Gadolinium;Rare earth;#9467bd;4.166479292511749;UCTE;f55e2203-ef91-50bf-8f5a-119bb210522c;7440-54-2;kg Cu eq/kg
Raw;in ground;Holmium;Rare earth;#cccccc;4.166479292511749;UCTE;f2f53dc8-8e09-511f-8dd2-4bae3625ba27;7440-60-0;kg Cu eq/kg
Raw;in ground;Lanthanum;Rare earth;#7f7f7f;4.166479292511749;UCTE;176598c1-699c-5dd8-8c33-d269ff7f5edd;;kg Cu eq/kg
Raw;in ground;Lutetium;Rare earth;#cccccc;4.166479292511749;UCTE;d9a2f8e5-f04a-5ffa-8c75-8133ac7f525c;7439-94-3;kg Cu eq/kg
Raw;in ground;Neodymium;Rare earth;#c7c7c7;4.166479292511749;UCTE;db0c855c-e9ef-58d9-97cc-960e646fc882;;kg Cu eq/kg
Raw;in ground;Praseodymium;Rare earth;#17becf;4.166479292511749;UCTE;35da65ff-7287-571d-b859-13d398ac5182;7440-10-0;kg Cu eq/kg
Raw;in ground;Samarium;Rare earth;#aec7e8;4.166479292511749;UCTE;cf791833-26bc-5207-a9bd-6ddcd8ac7625;7440-19-9;kg Cu eq/kg
Raw;in ground;Scandium;Rare earth;#ffbb78;4.166479292511749;UCTE;7f9f9b59-35a0-584d-ad5e-07da01dde768;;kg Cu eq/kg
Raw;in ground;Terbium;Rare earth;#e377c2;4.166479292511749;UCTE;6ec6a8a8-4c94-5bc5-93c5-62928fcf3935;7440-27-9;kg Cu eq/kg
Raw;in ground;Thulium;Rare earth;#cccccc;4.166479292511749;UCTE;a34e010c-6f68-5c79-8b45-2955b91f7dc2;7440-30-4;kg Cu eq/kg
Raw;in ground;Ytterbium;Rare earth;#cccccc;4.166479292511749;UCTE;ea659cca-fe3d-5b03-90d2-60719a862874;7440-64-4;kg Cu eq/kg
Raw;in ground;Yttrium;Rare earth;#c7c7c7;4.166479292511749;UCTE;89b567f2-2cab-503e-b796-42cba72fce16;7440-65-5;kg Cu eq/kg
Raw;in ground;Rhodium;Rhodium;#9edae5;185126.2776973214;UCTE;4803f22f-6950-489b-914d-fa953a8081f6;7440-16-6;kg Cu eq/kg
Raw;in ground;Selenium;Selenium;#2ca02c;1.032594164313116;UCTE;5f47f918-1c32-5870-b992-db91f843ff34;7782-49-2;kg Cu eq/kg
Raw;in ground;Silver;Silver;#1f77b4;1.204267586633716;UCTE;361a64cb-ab76-4a72-9ea1-c07d6a20c124;7440-22-4;kg Cu eq/kg
Raw;in ground;Coal, hard;Steam Coal;#4D4D4D;0.07662065222606813;UCTE;b6d0042d-0ef8-49ed-9162-a07ff1ccf750;;kg Cu eq/kg
Raw;in ground;Sulfur;Sulfur;#2ca02c;0.005466183307478168;UCTE;852281f6-db73-4250-84d3-86b569fce0c1;7704-34-9;kg Cu eq/kg
Raw;in ground;Tantalum;Tantalum;#98df8a;45.42322756258945;UCTE;775fdf03-b0bb-5c25-b14d-107231d5b2f0;7440-25-7;kg Cu eq/kg
Raw;in ground;Tellurium;Tellurium;#c49c94;0.0770566238546607;UCTE;7b6da1f2-e191-5a77-ae06-af96201f5803;13494-80-9;kg Cu eq/kg
Raw;in ground;Tin;Tin;#d62728;1.513601559060581;UCTE;53d5ef26-66d8-4536-afa2-2f6b114189ba;7440-31-5;kg Cu eq/kg
Raw;in ground;Titanium;Titanium;#ff7f0e;0.1446251772290188;UCTE;2f033407-6060-4e1e-868c-9f362d10fdb2;7440-32-6;kg Cu eq/kg
Raw;in ground;Tungsten;Tungsten;#ff9896;4.561878198073936;UCTE;ebcc1f0c-6b19-501d-86a4-629df2a457b5;7440-33-7;kg Cu eq/kg
Raw;in ground;Uranium;Uranium;#9467bd;33.05198742466411;UCTE;2ba5e39b-adb6-4767-a51d-90c1cf32fe98;7440-61-1;kg Cu eq/kg
Raw;in ground;Vanadium;Vanadium;#7f7f7f;8.809341450560414;UCTE;c9c4b80a-73dd-415a-92fb-f877595651c1;7440-62-2;kg Cu eq/kg
Raw;in ground;Zinc;Zinc;#8c564b;0.1416682696094855;UCTE;be73218b-18af-492e-96e6-addd309d1e32;7440-66-6;kg Cu eq/kg
Raw;in ground;Zirconia, as baddeleyite;Zirconium;#cccccc;0.5362127506734813;UCTE;e07b4402-abe3-4346-8c42-051c5983bd1e;12036-23-6;kg Cu eq/kg
Raw;in ground;Zirconium;Zirconium;#c49c94;0.5362127506734813;UCTE;cd2932c5-a486-4bf1-99b8-815d8a7ce11a;7440-67-7;kg Cu eq/kg
Raw;in ground;;;;0.1482959335732843;WECC;;;kg Cu eq/kg
Raw;in ground;Antimony;Antimony;#e377c2;1.824267954784431;WECC;47262180-8308-5d4c-9332-c77617e032ef;7440-36-0;kg Cu eq/kg
Raw;in ground;Arsenic;Arsenic;#f7b6d2;1.702812529658354;WECC;e16fd15c-0ebc-55ba-8d3b-9704f13663cb;7440-38-2;kg Cu eq/kg
Raw;in ground;;;;1.010217317113823;WECC;;;kg Cu eq/kg
Raw;in ground;Barium;Baryte;#7f7f7f;0.02134777549753555;WECC;240177d8-6f3b-43f5-8d1e-0c18114dfa02;7440-39-3;kg Cu eq/kg
Raw;in ground;Aluminium;Bauxite;#bcbd22;0.01066966269353311;WECC;a45cd247-3532-4e27-bddc-b519fdb5e08f;7429-90-5;kg Cu eq/kg
Raw;in ground;Clay, bentonite;Bentonite;#aec7e8;0.0009016145336131889;WECC;93806a54-46f5-409c-99c5-4144a1e73b5d;1302-78-9;kg Cu eq/kg
Raw;in ground;Beryllium;Beryllium;#ffbb78;4.500794614181905e-05;WECC;68f7bc03-0665-55a1-bd99-96530eab30e2;7440-41-7;kg Cu eq/kg
Raw;in ground;Bismuth;Bismuth;#cccccc;6.844606360090206;WECC;0124b342-4bdd-5cbf-ba2a-dce8a259755c;7440-69-9;kg Cu eq/kg
Raw;in ground;Borax;Boron;#c7c7c7;0.007795613786318966;WECC;eead2933-c2be-4a53-a0bd-bd33b67e4145;1303-96-4;kg Cu eq/kg
Raw;in ground;Boron;Boron;#bcbd22;0.007795613786318966;WECC;b053aa52-bfac-5435-a0b1-4ca374b0e991;7440-42-8;kg Cu eq/kg
Raw;in ground;Cadmium;Cadmium;#dbdb8d;0.1920619206587862;WECC;bf377e4f-3a95-4ce2-a9ba-66ee31f00f60;7440-43-9;kg Cu eq/kg
Raw;in ground;Chromium;Chromite;#f7b6d2;0.202465574295107;WECC;e189e2d4-3d3f-4ada-b302-91611784311f;7440-47-3;kg Cu eq/kg
Raw;in ground;Cobalt;Cobalt;#ff9896;11.8905696820097;WECC;d0779a5e-6969-4144-954e-ceb81fb83f15;7440-48-4;kg Cu eq/kg
Raw;in ground;;;;0.004499967622735887;WECC;;;kg Cu eq/kg
Raw;in ground;Copper;Copper;#9467bd;0.04935351358036371;WECC;a9ac40a0-9bea-4c48-afa7-66aa6eb90624;7440-50-8;kg Cu eq/kg
Raw;in ground;Diatomite;Diatomite;#2ca02c;0.0008866151833038845;WECC;9877ce00-65f8-4c0c-9fcf-92aa53a2c9c0;61790-53-2;kg Cu eq/kg
Raw;in ground;Feldspar;Feldspar;#e377c2;0.009458935971833386;WECC;26296ec9-ff93-41e6-bbbf-6175af04284d;68476-25-5;kg Cu eq/kg
Raw;in ground;Fluorspar;Fluorspar;#c7c7c7;0.2640384377824216;WECC;0fa4f51e-b0dc-5d11-84d3-b32f0f3c88d5;14542-23-5;kg Cu eq/kg
Raw;in ground;Germanium;Germanium;#dbdb8d;0.0;WECC;d3e547dc-1a29-5ece-8dbb-bd9c0ad3cc46;7440-56-4;kg Cu eq/kg
Raw;in ground;Gold;Gold;#dbdb8d;72.47658171780247;WECC;d080e6a4-42c6-484e-b5d7-d74693aec7d9;7440-57-5;kg Cu eq/kg
Raw;in ground;Graphite;Graphite;#17becf;0.5524706681260613;WECC;5666353e-2db2-41d3-8414-404709151422;7782-42-5;kg Cu eq/kg
Raw;in ground;Anhydrite;Gypsum;#1f77b4;0.0004038473614067966;WECC;6df9ea09-115a-4678-9f30-d92c877a46ec;7778-18-9;kg Cu eq/kg
Raw;in ground;Gypsum;Gypsum;#1f77b4;0.0004038473614067966;WECC;11a2a7b1-ab2f-47b8-9e29-6f33d5207fa6;13397-24-5;kg Cu eq/kg
Raw;in ground;Iron;Iron;#ffbb78;0.001607313489297649;WECC;8ce3ff02-7a1e-48e3-881e-3248b944f28a;7439-89-6;kg Cu eq/kg
Raw;in ground;Kaolinite;Kaolin;#2ca02c;0.002594984154452524;WECC;81ff5c0b-c44f-534e-a55e-8fc017e33dd2;;kg Cu eq/kg
Raw;in ground;Lead;Lead;#2ca02c;0.001970765653242261;WECC;fbcb9c7a-eea7-4694-ba6c-568e01d28883;7439-92-1;kg Cu eq/kg
Raw;in ground;Coal, brown;Lignite;#4D4D4D;3.224399991665723e-07;WECC;024c9722-1e88-412b-8c4b-10c532be8dca;;kg Cu eq/kg
Raw;in ground;Lithium;Lithium;#A9CBA7;4.249259287127508;WECC;7d2c1cdd-a64a-5936-a577-5b82db0c0d1b;7439-93-2;kg Cu eq/kg
Raw;in ground;Magnesite;Magnesite;#c5b0d5;0.00970918025161107;WECC;a4bab069-74a9-5b4c-8d6e-5ca984cd9ecd;546-93-0;kg Cu eq/kg
Raw;in ground;Magnesium;Magnesite;#9467bd;0.00970918025161107;WECC;9e5823ad-9d9b-4b98-b627-e39611b6a8bd;546-93-0;kg Cu eq/kg
Raw;in ground;Manganese;Manganese;#7f7f7f;0.1085315419725553;WECC;c2586875-bb56-4b1e-84c5-5ff255a1108b;7439-96-5;kg Cu eq/kg
Raw;in ground;Mercury;Mercury;#8c564b;0.01130368481421721;WECC;54b9cbd0-65df-4fd3-8a19-dd3b8eccc619;7439-97-6;kg Cu eq/kg
Raw;in ground;Molybdenum;Molybdenum;#c49c94;2.468249923983028;WECC;e5a3dff5-72dc-5287-893c-597dd4a19566;7439-98-7;kg Cu eq/kg
Raw;in ground;Gas, natural;Natural gas;#FFE680;0.02050012386259992;WECC;7c337428-fb1b-45c7-bbb2-2ee4d29e17ba;8006-14-2;kg Cu eq/kg
Raw;in ground;Nickel;Nickel;#c49c94;0.3960023504082004;WECC;974213ef-1ba0-40e5-bc7b-52ef099e9e09;7440-02-0;kg Cu eq/kg
Raw;in ground;Niobium;Niobium;#bcbd22;12.11017720517984;WECC;8de8befc-efa2-5d07-a58b-b29ea97a3f41;7440-03-1;kg Cu eq/kg
Raw;in ground;Palladium;Palladium;#f7b6d2;19687.55063304155;WECC;edc69c63-a776-4dbf-acbf-e0368914980a;7440-05-3;kg Cu eq/kg
Raw;in ground;Oil, crude;Crude oil;#FFB570;0.007851128783229026;WECC;88d06db9-59a1-4719-9174-afeb1fa4026a;;kg Cu eq/kg
Raw;in ground;Phosphorus;Phosphate;#c7c7c7;7.105323182020367e-05;WECC;483ae3c5-4eb0-46e4-b811-a72ad391716b;;kg Cu eq/kg
Raw;in ground;Platinum;Platinum;#bcbd22;48.86377379799369;WECC;d13b2665-505d-49e2-8edd-dc966b0342af;7440-06-4;kg Cu eq/kg
Raw;in ground;Cerium;Rare earth;#1f77b4;2.446615722828737;WECC;4057f8b4-f20a-59c9-9bb7-fdeaf5ad106d;;kg Cu eq/kg
Raw;in ground;Dysprosium;Rare earth;#98df8a;2.446615722828737;WECC;9e28eac3-49f9-5a0d-a8d0-dc4e071ad9e6;7429-91-6;kg Cu eq/kg
Raw;in ground;Erbium;Rare earth;#cccccc;2.446615722828737;WECC;110a04f0-af53-5499-b22e-79b1b91e5a66;7440-52-0;kg Cu eq/kg
Raw;in ground;Europium;Rare earth;#d62728;2.446615722828737;WECC;3d73ec21-de4d-5b68-b504-4ef59e15bd0e;7440-53-1;kg Cu eq/kg
Raw;in ground;Gadolinium;Rare earth;#9467bd;2.446615722828737;WECC;f55e2203-ef91-50bf-8f5a-119bb210522c;7440-54-2;kg Cu eq/kg
Raw;in ground;Holmium;Rare earth;#cccccc;2.446615722828737;WECC;f2f53dc8-8e09-511f-8dd2-4bae3625ba27;7440-60-0;kg Cu eq/kg
Raw;in ground;Lanthanum;Rare earth;#7f7f7f;2.446615722828737;WECC;176598c1-699c-5dd8-8c33-d269ff7f5edd;;kg Cu eq/kg
Raw;in ground;Lutetium;Rare earth;#cccccc;2.446615722828737;WECC;d9a2f8e5-f04a-5ffa-8c75-8133ac7f525c;7439-94-3;kg Cu eq/kg
Raw;in ground;Neodymium;Rare earth;#c7c7c7;2.446615722828737;WECC;db0c855c-e9ef-58d9-97cc-960e646fc882;;kg Cu eq/kg
Raw;in ground;Praseodymium;Rare earth;#17becf;2.446615722828737;WECC;35da65ff-7287-571d-b859-13d398ac5182;7440-10-0;kg Cu eq/kg
Raw;in ground;Samarium;Rare earth;#aec7e8;2.446615722828737;WECC;cf791833-26bc-5207-a9bd-6ddcd8ac7625;7440-19-9;kg Cu eq/kg
Raw;in ground;Scandium;Rare earth;#ffbb78;2.446615722828737;WECC;7f9f9b59-35a0-584d-ad5e-07da01dde768;;kg Cu eq/kg
Raw;in ground;Terbium;Rare earth;#e377c2;2.446615722828737;WECC;6ec6a8a8-4c94-5bc5-93c5-62928fcf3935;7440-27-9;kg Cu eq/kg
Raw;in ground;Thulium;Rare earth;#cccccc;2.446615722828737;WECC;a34e010c-6f68-5c79-8b45-2955b91f7dc2;7440-30-4;kg Cu eq/kg
Raw;in ground;Ytterbium;Rare earth;#cccccc;2.446615722828737;WECC;ea659cca-fe3d-5b03-90d2-60719a862874;7440-64-4;kg Cu eq/kg
Raw;in ground;Yttrium;Rare earth;#c7c7c7;2.446615722828737;WECC;89b567f2-2cab-503e-b796-42cba72fce16;7440-65-5;kg Cu eq/kg
Raw;in ground;Rhodium;Rhodium;#9edae5;387588.5382156722;WECC;4803f22f-6950-489b-914d-fa953a8081f6;7440-16-6;kg Cu eq/kg
Raw;in ground;Selenium;Selenium;#2ca02c;5.319238606586076;WECC;5f47f918-1c32-5870-b992-db91f843ff34;7782-49-2;kg Cu eq/kg
Raw;in ground;Silver;Silver;#1f77b4;5.490891195714985;WECC;361a64cb-ab76-4a72-9ea1-c07d6a20c124;7440-22-4;kg Cu eq/kg
Raw;in ground;Coal, hard;Steam Coal;#4D4D4D;0.001055358725636108;WECC;b6d0042d-0ef8-49ed-9162-a07ff1ccf750;;kg Cu eq/kg
Raw;in ground;Sulfur;Sulfur;#2ca02c;0.0005033319455501515;WECC;852281f6-db73-4250-84d3-86b569fce0c1;7704-34-9;kg Cu eq/kg
Raw;in ground;Tantalum;Tantalum;#98df8a;51.10552930697986;WECC;775fdf03-b0bb-5c25-b14d-107231d5b2f0;7440-25-7;kg Cu eq/kg
Raw;in ground;Tellurium;Tellurium;#c49c94;36.9145063134102;WECC;7b6da1f2-e191-5a77-ae06-af96201f5803;13494-80-9;kg Cu eq/kg
Raw;in ground;Tin;Tin;#d62728;3.641620635940897;WECC;53d5ef26-66d8-4536-afa2-2f6b114189ba;7440-31-5;kg Cu eq/kg
Raw;in ground;Titanium;Titanium;#ff7f0e;0.08237254496793305;WECC;2f033407-6060-4e1e-868c-9f362d10fdb2;7440-32-6;kg Cu eq/kg
Raw;in ground;Tungsten;Tungsten;#ff9896;18.68005184107787;WECC;ebcc1f0c-6b19-501d-86a4-629df2a457b5;7440-33-7;kg Cu eq/kg
Raw;in ground;Uranium;Uranium;#9467bd;5.251664369114256;WECC;2ba5e39b-adb6-4767-a51d-90c1cf32fe98;7440-61-1;kg Cu eq/kg
Raw;in ground;Vanadium;Vanadium;#7f7f7f;16.47836975593252;WECC;c9c4b80a-73dd-415a-92fb-f877595651c1;7440-62-2;kg Cu eq/kg
Raw;in ground;Zinc;Zinc;#8c564b;0.08265605312675449;WECC;be73218b-18af-492e-96e6-addd309d1e32;7440-66-6;kg Cu eq/kg
Raw;in ground;Zirconia, as baddeleyite;Zirconium;#cccccc;0.3821696354780387;WECC;e07b4402-abe3-4346-8c42-051c5983bd1e;12036-23-6;kg Cu eq/kg
Raw;in ground;Zirconium;Zirconium;#c49c94;0.3821696354780387;WECC;cd2932c5-a486-4bf1-99b8-815d8a7ce11a;7440-67-7;kg Cu eq/kg
Raw;in ground;;;;0.7308319742551509;WEU;;;kg Cu eq/kg
Raw;in ground;Antimony;Antimony;#e377c2;2.510518479205753;WEU;47262180-8308-5d4c-9332-c77617e032ef;7440-36-0;kg Cu eq/kg
Raw;in ground;Arsenic;Arsenic;#f7b6d2;10.7687222091756;WEU;e16fd15c-0ebc-55ba-8d3b-9704f13663cb;7440-38-2;kg Cu eq/kg
Raw;in ground;;;;0.134628915506334;WEU;;;kg Cu eq/kg
Raw;in ground;Barium;Baryte;#7f7f7f;0.04417869480391678;WEU;240177d8-6f3b-43f5-8d1e-0c18114dfa02;7440-39-3;kg Cu eq/kg
Raw;in ground;Aluminium;Bauxite;#bcbd22;0.05157476795880449;WEU;a45cd247-3532-4e27-bddc-b519fdb5e08f;7429-90-5;kg Cu eq/kg
Raw;in ground;Clay, bentonite;Bentonite;#aec7e8;0.04272247711431984;WEU;93806a54-46f5-409c-99c5-4144a1e73b5d;1302-78-9;kg Cu eq/kg
Raw;in ground;Beryllium;Beryllium;#ffbb78;0.07308790893588171;WEU;68f7bc03-0665-55a1-bd99-96530eab30e2;7440-41-7;kg Cu eq/kg
Raw;in ground;Bismuth;Bismuth;#cccccc;7.478159073877731;WEU;0124b342-4bdd-5cbf-ba2a-dce8a259755c;7440-69-9;kg Cu eq/kg
Raw;in ground;Borax;Boron;#c7c7c7;0.1950690382635896;WEU;eead2933-c2be-4a53-a0bd-bd33b67e4145;1303-96-4;kg Cu eq/kg
Raw;in ground;Boron;Boron;#bcbd22;0.1950690382635896;WEU;b053aa52-bfac-5435-a0b1-4ca374b0e991;7440-42-8;kg Cu eq/kg
Raw;in ground;Cadmium;Cadmium;#dbdb8d;0.5721519215821;WEU;bf377e4f-3a95-4ce2-a9ba-66ee31f00f60;7440-43-9;kg Cu eq/kg
Raw;in ground;Chromium;Chromite;#f7b6d2;0.1293404576654036;WEU;e189e2d4-3d3f-4ada-b302-91611784311f;7440-47-3;kg Cu eq/kg
Raw;in ground;Cobalt;Cobalt;#ff9896;21.72121982181914;WEU;d0779a5e-6969-4144-954e-ceb81fb83f15;7440-48-4;kg Cu eq/kg
Raw;in ground;;;;0.08338742274731177;WEU;;;kg Cu eq/kg
Raw;in ground;Copper;Copper;#9467bd;0.2765893419649822;WEU;a9ac40a0-9bea-4c48-afa7-66aa6eb90624;7440-50-8;kg Cu eq/kg
Raw;in ground;Diatomite;Diatomite;#2ca02c;0.03543586812797767;WEU;9877ce00-65f8-4c0c-9fcf-92aa53a2c9c0;61790-53-2;kg Cu eq/kg
Raw;in ground;Feldspar;Feldspar;#e377c2;0.006248935968446084;WEU;26296ec9-ff93-41e6-bbbf-6175af04284d;68476-25-5;kg Cu eq/kg
Raw;in ground;Fluorspar;Fluorspar;#c7c7c7;0.2350142162747289;WEU;0fa4f51e-b0dc-5d11-84d3-b32f0f3c88d5;14542-23-5;kg Cu eq/kg
Raw;in ground;Germanium;Germanium;#dbdb8d;0.0;WEU;d3e547dc-1a29-5ece-8dbb-bd9c0ad3cc46;7440-56-4;kg Cu eq/kg
Raw;in ground;Gold;Gold;#dbdb8d;335.249040019804;WEU;d080e6a4-42c6-484e-b5d7-d74693aec7d9;7440-57-5;kg Cu eq/kg
Raw;in ground;Graphite;Graphite;#17becf;0.6051810612484319;WEU;5666353e-2db2-41d3-8414-404709151422;7782-42-5;kg Cu eq/kg
Raw;in ground;Anhydrite;Gypsum;#1f77b4;0.000638057560057177;WEU;6df9ea09-115a-4678-9f30-d92c877a46ec;7778-18-9;kg Cu eq/kg
Raw;in ground;Gypsum;Gypsum;#1f77b4;0.000638057560057177;WEU;11a2a7b1-ab2f-47b8-9e29-6f33d5207fa6;13397-24-5;kg Cu eq/kg
Raw;in ground;Iron;Iron;#ffbb78;0.02801721080251349;WEU;8ce3ff02-7a1e-48e3-881e-3248b944f28a;7439-89-6;kg Cu eq/kg
Raw;in ground;Kaolinite;Kaolin;#2ca02c;0.01001382147483739;WEU;81ff5c0b-c44f-534e-a55e-8fc017e33dd2;;kg Cu eq/kg
Raw;in ground;Lead;Lead;#2ca02c;0.3106502352575986;WEU;fbcb9c7a-eea7-4694-ba6c-568e01d28883;7439-92-1;kg Cu eq/kg
Raw;in ground;Coal, brown;Lignite;#4D4D4D;0.01439381726678397;WEU;024c9722-1e88-412b-8c4b-10c532be8dca;;kg Cu eq/kg
Raw;in ground;Lithium;Lithium;#A9CBA7;8.138349940142318;WEU;7d2c1cdd-a64a-5936-a577-5b82db0c0d1b;7439-93-2;kg Cu eq/kg
Raw;in ground;Magnesite;Magnesite;#c5b0d5;0.002116975411324765;WEU;a4bab069-74a9-5b4c-8d6e-5ca984cd9ecd;546-93-0;kg Cu eq/kg
Raw;in ground;Magnesium;Magnesite;#9467bd;0.002116975411324765;WEU;9e5823ad-9d9b-4b98-b627-e39611b6a8bd;546-93-0;kg Cu eq/kg
Raw;in ground;Manganese;Manganese;#7f7f7f;0.06731343862498841;WEU;c2586875-bb56-4b1e-84c5-5ff255a1108b;7439-96-5;kg Cu eq/kg
Raw;in ground;Mercury;Mercury;#8c564b;2.380871227049929;WEU;54b9cbd0-65df-4fd3-8a19-dd3b8eccc619;7439-97-6;kg Cu eq/kg
Raw;in ground;Molybdenum;Molybdenum;#c49c94;5.278451541860009;WEU;e5a3dff5-72dc-5287-893c-597dd4a19566;7439-98-7;kg Cu eq/kg
Raw;in ground;Gas, natural;Natural gas;#FFE680;0.1162232981156571;WEU;7c337428-fb1b-45c7-bbb2-2ee4d29e17ba;8006-14-2;kg Cu eq/kg
Raw;in ground;Nickel;Nickel;#c49c94;1.02107060451213;WEU;974213ef-1ba0-40e5-bc7b-52ef099e9e09;7440-02-0;kg Cu eq/kg
Raw;in ground;Niobium;Niobium;#bcbd22;28.23242154852914;WEU;8de8befc-efa2-5d07-a58b-b29ea97a3f41;7440-03-1;kg Cu eq/kg
Raw;in ground;Palladium;Palladium;#f7b6d2;11739.79483684989;WEU;edc69c63-a776-4dbf-acbf-e0368914980a;7440-05-3;kg Cu eq/kg
Raw;in ground;Oil, crude;Crude oil;#FFB570;0.08688757859024997;WEU;88d06db9-59a1-4719-9174-afeb1fa4026a;;kg Cu eq/kg
Raw;in ground;Phosphorus;Phosphate;#c7c7c7;0.0821217384816845;WEU;483ae3c5-4eb0-46e4-b811-a72ad391716b;;kg Cu eq/kg
Raw;in ground;Platinum;Platinum;#bcbd22;49.23665185759955;WEU;d13b2665-505d-49e2-8edd-dc966b0342af;7440-06-4;kg Cu eq/kg
Raw;in ground;Cerium;Rare earth;#1f77b4;4.212264015841137;WEU;4057f8b4-f20a-59c9-9bb7-fdeaf5ad106d;;kg Cu eq/kg
Raw;in ground;Dysprosium;Rare earth;#98df8a;4.212264015841137;WEU;9e28eac3-49f9-5a0d-a8d0-dc4e071ad9e6;7429-91-6;kg Cu eq/kg
Raw;in ground;Erbium;Rare earth;#cccccc;4.212264015841137;WEU;110a04f0-af53-5499-b22e-79b1b91e5a66;7440-52-0;kg Cu eq/kg
Raw;in ground;Europium;Rare earth;#d62728;4.212264015841137;WEU;3d73ec21-de4d-5b68-b504-4ef59e15bd0e;7440-53-1;kg Cu eq/kg
Raw;in ground;Gadolinium;Rare earth;#9467bd;4.212264015841137;WEU;f55e2203-ef91-50bf-8f5a-119bb210522c;7440-54-2;kg Cu eq/kg
Raw;in ground;Holmium;Rare earth;#cccccc;4.212264015841137;WEU;f2f53dc8-8e09-511f-8dd2-4bae3625ba27;7440-60-0;kg Cu eq/kg
Raw;in ground;Lanthanum;Rare earth;#7f7f7f;4.212264015841137;WEU;176598c1-699c-5dd8-8c33-d269ff7f5edd;;kg Cu eq/kg
Raw;in ground;Lutetium;Rare earth;#cccccc;4.212264015841137;WEU;d9a2f8e5-f04a-5ffa-8c75-8133ac7f525c;7439-94-3;kg Cu eq/kg
Raw;in ground;Neodymium;Rare earth;#c7c7c7;4.212264015841137;WEU;db0c855c-e9ef-58d9-97cc-960e646fc882;;kg Cu eq/kg
Raw;in ground;Praseodymium;Rare earth;#17becf;4.212264015841137;WEU;35da65ff-7287-571d-b859-13d398ac5182;7440-10-0;kg Cu eq/kg
Raw;in ground;Samarium;Rare earth;#aec7e8;4.212264015841137;WEU;cf791833-26bc-5207-a9bd-6ddcd8ac7625;7440-19-9;kg Cu eq/kg
Raw;in ground;Scandium;Rare earth;#ffbb78;4.212264015841137;WEU;7f9f9b59-35a0-584d-ad5e-07da01dde768;;kg Cu eq/kg
Raw;in ground;Terbium;Rare earth;#e377c2;4.212264015841137;WEU;6ec6a8a8-4c94-5bc5-93c5-62928fcf3935;7440-27-9;kg Cu eq/kg
Raw;in ground;Thulium;Rare earth;#cccccc;4.212264015841137;WEU;a34e010c-6f68-5c79-8b45-2955b91f7dc2;7440-30-4;kg Cu eq/kg
Raw;in ground;Ytterbium;Rare earth;#cccccc;4.212264015841137;WEU;ea659cca-fe3d-5b03-90d2-60719a862874;7440-64-4;kg Cu eq/kg
Raw;in ground;Yttrium;Rare earth;#c7c7c7;4.212264015841137;WEU;89b567f2-2cab-503e-b796-42cba72fce16;7440-65-5;kg Cu eq/kg
Raw;in ground;Rhodium;Rhodium;#9edae5;46220.25780050945;WEU;4803f22f-6950-489b-914d-fa953a8081f6;7440-16-6;kg Cu eq/kg
Raw;in ground;Selenium;Selenium;#2ca02c;2.15375848550767;WEU;5f47f918-1c32-5870-b992-db91f843ff34;7782-49-2;kg Cu eq/kg
Raw;in ground;Silver;Silver;#1f77b4;4.896539701607129;WEU;361a64cb-ab76-4a72-9ea1-c07d6a20c124;7440-22-4;kg Cu eq/kg
Raw;in ground;Coal, hard;Steam Coal;#4D4D4D;0.09355461396167607;WEU;b6d0042d-0ef8-49ed-9162-a07ff1ccf750;;kg Cu eq/kg
Raw;in ground;Sulfur;Sulfur;#2ca02c;0.01491900905590231;WEU;852281f6-db73-4250-84d3-86b569fce0c1;7704-34-9;kg Cu eq/kg
Raw;in ground;Tantalum;Tantalum;#98df8a;27.593982014074;WEU;775fdf03-b0bb-5c25-b14d-107231d5b2f0;7440-25-7;kg Cu eq/kg
Raw;in ground;Tellurium;Tellurium;#c49c94;39.70528422856358;WEU;7b6da1f2-e191-5a77-ae06-af96201f5803;13494-80-9;kg Cu eq/kg
Raw;in ground;Tin;Tin;#d62728;3.221178425638783;WEU;53d5ef26-66d8-4536-afa2-2f6b114189ba;7440-31-5;kg Cu eq/kg
Raw;in ground;Titanium;Titanium;#ff7f0e;0.1678665754578215;WEU;2f033407-6060-4e1e-868c-9f362d10fdb2;7440-32-6;kg Cu eq/kg
Raw;in ground;Tungsten;Tungsten;#ff9896;12.49298131667545;WEU;ebcc1f0c-6b19-501d-86a4-629df2a457b5;7440-33-7;kg Cu eq/kg
Raw;in ground;Uranium;Uranium;#9467bd;33.34303226447408;WEU;2ba5e39b-adb6-4767-a51d-90c1cf32fe98;7440-61-1;kg Cu eq/kg
Raw;in ground;Vanadium;Vanadium;#7f7f7f;8.832540001798973;WEU;c9c4b80a-73dd-415a-92fb-f877595651c1;7440-62-2;kg Cu eq/kg
Raw;in ground;Zinc;Zinc;#8c564b;0.1605819153644288;WEU;be73218b-18af-492e-96e6-addd309d1e32;7440-66-6;kg Cu eq/kg
Raw;in ground;Zirconia, as baddeleyite;Zirconium;#cccccc;0.6132373787735054;WEU;e07b4402-abe3-4346-8c42-051c5983bd1e;12036-23-6;kg Cu eq/kg
Raw;in ground;Zirconium;Zirconium;#c49c94;0.6132373787735054;WEU;cd2932c5-a486-4bf1-99b8-815d8a7ce11a;7440-67-7;kg Cu eq/kg
